candidate-1  | INFO:     Started server process [1]
candidate-1  | INFO:     Waiting for application startup.
candidate-1  | {"timestamp": "2026-10-01T18:55:38Z", "event": "model_load_failed", "error_type": "FileNotFoundError", "reason": "[Errno 2] No such file or directory: '/project/artifacts/orchestration/candidate.json'"}
candidate-1  | INFO:     Application startup complete.
candidate-1  | INFO:     Uvicorn running on http://0.0.0.0:8000 (Press CTRL+C to quit)
candidate-1  | {"timestamp": "2026-10-01T19:01:58Z", "event": "http_request", "request_id": "de8b500d36cc4130bb009d1854639099", "method": "GET", "route": "/health", "status": 200, "latency_ms": 73.546}
candidate-1  | {"timestamp": "2026-10-01T19:01:58Z", "event": "http_request", "request_id": "1e26f14391d941ca9393138dd968ad00", "method": "GET", "route": "/schema", "status": 200, "latency_ms": 1.658}
candidate-1  | /opt/project-venv/lib/python3.12/site-packages/sklearn/utils/validation.py:2749: UserWarning: X does not have valid feature names, but LGBMRegressor was fitted with feature names
candidate-1  |   warnings.warn(
candidate-1  | {"timestamp": "2026-10-01T19:01:58Z", "event": "http_request", "request_id": "43b6b062df0647d8b689fc1913330d09", "method": "POST", "route": "/predict", "status": 200, "latency_ms": 8.638}
candidate-1  | /opt/project-venv/lib/python3.12/site-packages/sklearn/utils/validation.py:2749: UserWarning: X does not have valid feature names, but LGBMRegressor was fitted with feature names
candidate-1  |   warnings.warn(
candidate-1  | {"timestamp": "2026-10-01T19:01:59Z", "event": "http_request", "request_id": "1effcd19c78c44709cbd7f771e2f2a39", "method": "POST", "route": "/predict", "status": 200, "latency_ms": 13.422}
candidate-1  | /opt/project-venv/lib/python3.12/site-packages/sklearn/utils/validation.py:2749: UserWarning: X does not have valid feature names, but LGBMRegressor was fitted with feature names
candidate-1  |   warnings.warn(
candidate-1  | {"timestamp": "2026-10-01T19:01:59Z", "event": "http_request", "request_id": "65a784d0f14640279f12aa4c1d7e6c17", "method": "POST", "route": "/predict", "status": 200, "latency_ms": 14.277}
candidate-1  | /opt/project-venv/lib/python3.12/site-packages/sklearn/utils/validation.py:2749: UserWarning: X does not have valid feature names, but LGBMRegressor was fitted with feature names
candidate-1  |   warnings.warn(
candidate-1  | {"timestamp": "2026-10-01T19:01:59Z", "event": "http_request", "request_id": "df9a1c6398324e89ad8766fbb5a0bd38", "method": "POST", "route": "/predict", "status": 200, "latency_ms": 9.052}
candidate-1  | /opt/project-venv/lib/python3.12/site-packages/sklearn/utils/validation.py:2749: UserWarning: X does not have valid feature names, but LGBMRegressor was fitted with feature names
candidate-1  |   warnings.warn(
candidate-1  | {"timestamp": "2026-10-01T19:01:59Z", "event": "http_request", "request_id": "19c25d0b6290481296800350e8cfb90a", "method": "POST", "route": "/predict", "status": 200, "latency_ms": 6.498}
candidate-1  | /opt/project-venv/lib/python3.12/site-packages/sklearn/utils/validation.py:2749: UserWarning: X does not have valid feature names, but LGBMRegressor was fitted with feature names
candidate-1  |   warnings.warn(
candidate-1  | {"timestamp": "2026-10-01T19:01:59Z", "event": "http_request", "request_id": "7e35cf3439654e849a125dea1e6ebac3", "method": "POST", "route": "/predict", "status": 200, "latency_ms": 4.56}
candidate-1  | /opt/project-venv/lib/python3.12/site-packages/sklearn/utils/validation.py:2749: UserWarning: X does not have valid feature names, but LGBMRegressor was fitted with feature names
candidate-1  |   warnings.warn(
candidate-1  | /opt/project-venv/lib/python3.12/site-packages/sklearn/utils/validation.py:2749: UserWarning: X does not have valid feature names, but LGBMRegressor was fitted with feature names
candidate-1  |   warnings.warn(
candidate-1  | {"timestamp": "2026-10-01T19:01:59Z", "event": "http_request", "request_id": "05448345c96f43df9c341e388394fb49", "method": "POST", "route": "/predict", "status": 200, "latency_ms": 12.972}
candidate-1  | /opt/project-venv/lib/python3.12/site-packages/sklearn/utils/validation.py:2749: UserWarning: X does not have valid feature names, but LGBMRegressor was fitted with feature names
candidate-1  |   warnings.warn(
candidate-1  | {"timestamp": "2026-10-01T19:01:59Z", "event": "http_request", "request_id": "1cbe146357fb4772bf464cfbcfa45910", "method": "POST", "route": "/predict", "status": 200, "latency_ms": 12.89}
candidate-1  | /opt/project-venv/lib/python3.12/site-packages/sklearn/utils/validation.py:2749: UserWarning: X does not have valid feature names, but LGBMRegressor was fitted with feature names
candidate-1  |   warnings.warn(
candidate-1  | {"timestamp": "2026-10-01T19:01:59Z", "event": "http_request", "request_id": "dcfee54c9be14cd98e63f3e889ef772b", "method": "POST", "route": "/predict", "status": 200, "latency_ms": 14.145}
candidate-1  | /opt/project-venv/lib/python3.12/site-packages/sklearn/utils/validation.py:2749: UserWarning: X does not have valid feature names, but LGBMRegressor was fitted with feature names
candidate-1  |   warnings.warn(
candidate-1  | {"timestamp": "2026-10-01T19:01:59Z", "event": "http_request", "request_id": "a48bb8f7d4d84c20a9c94d10d4c76b9b", "method": "POST", "route": "/predict", "status": 200, "latency_ms": 19.518}
candidate-1  | /opt/project-venv/lib/python3.12/site-packages/sklearn/utils/validation.py:2749: UserWarning: X does not have valid feature names, but LGBMRegressor was fitted with feature names
candidate-1  |   warnings.warn(
candidate-1  | {"timestamp": "2026-10-01T19:01:59Z", "event": "http_request", "request_id": "27f7fbb3a3d34f809f5404c09e6a8996", "method": "POST", "route": "/predict", "status": 200, "latency_ms": 13.566}
candidate-1  | /opt/project-venv/lib/python3.12/site-packages/sklearn/utils/validation.py:2749: UserWarning: X does not have valid feature names, but LGBMRegressor was fitted with feature names
candidate-1  |   warnings.warn(
candidate-1  | /opt/project-venv/lib/python3.12/site-packages/sklearn/utils/validation.py:2749: UserWarning: X does not have valid feature names, but LGBMRegressor was fitted with feature names
candidate-1  |   warnings.warn(
candidate-1  | {"timestamp": "2026-10-01T19:01:59Z", "event": "http_request", "request_id": "9fe27f7c825d43ecbf6152cd83ede2f2", "method": "POST", "route": "/predict", "status": 200, "latency_ms": 11.252}
candidate-1  | {"timestamp": "2026-10-01T19:01:59Z", "event": "http_request", "request_id": "355b8b13a2e8478e950c262837b8537e", "method": "POST", "route": "/predict", "status": 200, "latency_ms": 12.75}
candidate-1  | {"timestamp": "2026-10-01T19:01:59Z", "event": "http_request", "request_id": "7f5a9c54f16a4c95a29cdfa18ee52904", "method": "POST", "route": "/predict", "status": 200, "latency_ms": 8.534}
candidate-1  | /opt/project-venv/lib/python3.12/site-packages/sklearn/utils/validation.py:2749: UserWarning: X does not have valid feature names, but LGBMRegressor was fitted with feature names
candidate-1  |   warnings.warn(
candidate-1  | /opt/project-venv/lib/python3.12/site-packages/sklearn/utils/validation.py:2749: UserWarning: X does not have valid feature names, but LGBMRegressor was fitted with feature names
candidate-1  |   warnings.warn(
candidate-1  | {"timestamp": "2026-10-01T19:01:59Z", "event": "http_request", "request_id": "795880cc8b0d4311ac440de03d3d6f46", "method": "POST", "route": "/predict", "status": 200, "latency_ms": 9.864}
candidate-1  | /opt/project-venv/lib/python3.12/site-packages/sklearn/utils/validation.py:2749: UserWarning: X does not have valid feature names, but LGBMRegressor was fitted with feature names
candidate-1  |   warnings.warn(
candidate-1  | /opt/project-venv/lib/python3.12/site-packages/sklearn/utils/validation.py:2749: UserWarning: X does not have valid feature names, but LGBMRegressor was fitted with feature names
candidate-1  |   warnings.warn(
candidate-1  | {"timestamp": "2026-10-01T19:01:59Z", "event": "http_request", "request_id": "9cdda2609b83446fb6c7eab675b59667", "method": "POST", "route": "/predict", "status": 200, "latency_ms": 12.716}
candidate-1  | /opt/project-venv/lib/python3.12/site-packages/sklearn/utils/validation.py:2749: UserWarning: X does not have valid feature names, but LGBMRegressor was fitted with feature names
candidate-1  |   warnings.warn(
candidate-1  | {"timestamp": "2026-10-01T19:01:59Z", "event": "http_request", "request_id": "3c13ce85fa45408d9cc9b4e747599cb8", "method": "POST", "route": "/predict", "status": 200, "latency_ms": 12.879}
candidate-1  | {"timestamp": "2026-10-01T19:01:59Z", "event": "http_request", "request_id": "f77aed1120fd44b291657b278102cad2", "method": "POST", "route": "/predict", "status": 200, "latency_ms": 14.508}
candidate-1  | {"timestamp": "2026-10-01T19:01:59Z", "event": "http_request", "request_id": "126ac35e0bc148c6b6e59c668d95b670", "method": "POST", "route": "/predict", "status": 200, "latency_ms": 7.743}
candidate-1  | /opt/project-venv/lib/python3.12/site-packages/sklearn/utils/validation.py:2749: UserWarning: X does not have valid feature names, but LGBMRegressor was fitted with feature names
candidate-1  |   warnings.warn(
candidate-1  | /opt/project-venv/lib/python3.12/site-packages/sklearn/utils/validation.py:2749: UserWarning: X does not have valid feature names, but LGBMRegressor was fitted with feature names
candidate-1  |   warnings.warn(
candidate-1  | /opt/project-venv/lib/python3.12/site-packages/sklearn/utils/validation.py:2749: UserWarning: X does not have valid feature names, but LGBMRegressor was fitted with feature names
candidate-1  |   warnings.warn(
candidate-1  | {"timestamp": "2026-10-01T19:01:59Z", "event": "http_request", "request_id": "c9872cc346a04d4390692ba0521bbda1", "method": "POST", "route": "/predict", "status": 200, "latency_ms": 9.057}
candidate-1  | /opt/project-venv/lib/python3.12/site-packages/sklearn/utils/validation.py:2749: UserWarning: X does not have valid feature names, but LGBMRegressor was fitted with feature names
candidate-1  |   warnings.warn(
candidate-1  | {"timestamp": "2026-10-01T19:01:59Z", "event": "http_request", "request_id": "386734e8b1d14179894637ce29e9336a", "method": "POST", "route": "/predict", "status": 200, "latency_ms": 15.716}
candidate-1  | /opt/project-venv/lib/python3.12/site-packages/sklearn/utils/validation.py:2749: UserWarning: X does not have valid feature names, but LGBMRegressor was fitted with feature names
candidate-1  |   warnings.warn(
candidate-1  | {"timestamp": "2026-10-01T19:01:59Z", "event": "http_request", "request_id": "dad7b77ba828406e8ce960fd63ed2fb1", "method": "POST", "route": "/predict", "status": 200, "latency_ms": 15.494}
candidate-1  | {"timestamp": "2026-10-01T19:01:59Z", "event": "http_request", "request_id": "53837a9897084b178b8aaa438456b004", "method": "POST", "route": "/predict", "status": 200, "latency_ms": 14.33}
candidate-1  | {"timestamp": "2026-10-01T19:01:59Z", "event": "http_request", "request_id": "0ae50e4b50a3498db9a17d59495f4a41", "method": "POST", "route": "/predict", "status": 200, "latency_ms": 6.134}
candidate-1  | /opt/project-venv/lib/python3.12/site-packages/sklearn/utils/validation.py:2749: UserWarning: X does not have valid feature names, but LGBMRegressor was fitted with feature names
candidate-1  |   warnings.warn(
candidate-1  | /opt/project-venv/lib/python3.12/site-packages/sklearn/utils/validation.py:2749: UserWarning: X does not have valid feature names, but LGBMRegressor was fitted with feature names
candidate-1  |   warnings.warn(
candidate-1  | /opt/project-venv/lib/python3.12/site-packages/sklearn/utils/validation.py:2749: UserWarning: X does not have valid feature names, but LGBMRegressor was fitted with feature names
candidate-1  |   warnings.warn(
candidate-1  | {"timestamp": "2026-10-01T19:01:59Z", "event": "http_request", "request_id": "aa9a618441ed41b1b707e1ac7921e4bf", "method": "POST", "route": "/predict", "status": 200, "latency_ms": 8.403}
candidate-1  | /opt/project-venv/lib/python3.12/site-packages/sklearn/utils/validation.py:2749: UserWarning: X does not have valid feature names, but LGBMRegressor was fitted with feature names
candidate-1  |   warnings.warn(
candidate-1  | {"timestamp": "2026-10-01T19:01:59Z", "event": "http_request", "request_id": "46a60d4952ce459da3ae7f219935e4c6", "method": "POST", "route": "/predict", "status": 200, "latency_ms": 13.961}
candidate-1  | /opt/project-venv/lib/python3.12/site-packages/sklearn/utils/validation.py:2749: UserWarning: X does not have valid feature names, but LGBMRegressor was fitted with feature names
candidate-1  |   warnings.warn(
candidate-1  | {"timestamp": "2026-10-01T19:01:59Z", "event": "http_request", "request_id": "69d3bc866a724b16b86f1b157f9af76f", "method": "POST", "route": "/predict", "status": 200, "latency_ms": 13.825}
candidate-1  | {"timestamp": "2026-10-01T19:01:59Z", "event": "http_request", "request_id": "edac2c18955f4106999f8eb62cd3ea28", "method": "POST", "route": "/predict", "status": 200, "latency_ms": 14.406}
candidate-1  | {"timestamp": "2026-10-01T19:01:59Z", "event": "http_request", "request_id": "e03a4c5abc1c4cd4812961fb8f7944c1", "method": "POST", "route": "/predict", "status": 200, "latency_ms": 6.029}
candidate-1  | /opt/project-venv/lib/python3.12/site-packages/sklearn/utils/validation.py:2749: UserWarning: X does not have valid feature names, but LGBMRegressor was fitted with feature names
candidate-1   |   warnings.warn(
candidate-1   | /opt/project-venv/lib/python3.12/site-packages/sklearn/utils/validation.py:2749: UserWarning: X does not have valid feature names, but LGBMRegressor was fitted with feature names
candidate-1   |   warnings.warn(
candidate-1   | {"timestamp": "2026-10-01T19:01:59Z", "event": "http_request", "request_id": "f4c2bdaa7540492b83d030b90d90a934", "method": "POST", "route": "/predict", "status": 200, "latency_ms": 8.721}
candidate-1   | /opt/project-venv/lib/python3.12/site-packages/sklearn/utils/validation.py:2749: UserWarning: X does not have valid feature names, but LGBMRegressor was fitted with feature names
candidate-1   |   warnings.warn(
candidate-1   | /opt/project-venv/lib/python3.12/site-packages/sklearn/utils/validation.py:2749: UserWarning: X does not have valid feature names, but LGBMRegressor was fitted with feature names
candidate-1   |   warnings.warn(
candidate-1   | {"timestamp": "2026-10-01T19:01:59Z", "event": "http_request", "request_id": "f772e3b1960a4c5b9a124038cf823c63", "method": "POST", "route": "/predict", "status": 200, "latency_ms": 13.351}
candidate-1   | {"timestamp": "2026-10-01T19:01:59Z", "event": "http_request", "request_id": "cd8f5d137b1349ca87ed8dabb8a8e873", "method": "POST", "route": "/predict", "status": 200, "latency_ms": 12.86}
candidate-1   | {"timestamp": "2026-10-01T19:01:59Z", "event": "http_request", "request_id": "df739b12d63248898b17a6674b603f6e", "method": "POST", "route": "/predict", "status": 200, "latency_ms": 12.58}
candidate-1   | /opt/project-venv/lib/python3.12/site-packages/sklearn/utils/validation.py:2749: UserWarning: X does not have valid feature names, but LGBMRegressor was fitted with feature names
production-1  | INFO:     Started server process [1]
production-1  | INFO:     Waiting for application startup.
production-1  | {"timestamp": "2026-10-01T18:55:38Z", "event": "model_load_failed", "error_type": "FileNotFoundError", "reason": "[Errno 2] No such file or directory: '/project/artifacts/orchestration/production.json'"}
production-1  | INFO:     Application startup complete.
production-1  | INFO:     Uvicorn running on http://0.0.0.0:8000 (Press CTRL+C to quit)
production-1  | {"timestamp": "2026-10-01T19:02:06Z", "event": "http_request", "request_id": "32d48636becb41dcba3bd3060efbe2b0", "method": "GET", "route": "/health", "status": 200, "latency_ms": 74.085}
production-1  | {"timestamp": "2026-10-01T19:02:06Z", "event": "http_request", "request_id": "002c6b900fd941ad88539aa484992182", "method": "GET", "route": "/schema", "status": 200, "latency_ms": 1.29}
production-1  | /opt/project-venv/lib/python3.12/site-packages/sklearn/utils/validation.py:2749: UserWarning: X does not have valid feature names, but LGBMRegressor was fitted with feature names
production-1  |   warnings.warn(
production-1  | {"timestamp": "2026-10-01T19:02:06Z", "event": "http_request", "request_id": "1cd5c909487342f59a3d7392398ebfc5", "method": "POST", "route": "/predict", "status": 200, "latency_ms": 9.611}
production-1  | {"timestamp": "2026-10-01T19:02:06Z", "event": "http_request", "request_id": "5726862680a24cad993b6eaa2bf933d3", "method": "GET", "route": "/health", "status": 200, "latency_ms": 11.003}
production-1  | {"timestamp": "2026-10-01T19:02:06Z", "event": "http_request", "request_id": "1ce7e6a9b11540d9bf12e9877b3a3565", "method": "GET", "route": "/schema", "status": 200, "latency_ms": 0.902}
production-1  | /opt/project-venv/lib/python3.12/site-packages/sklearn/utils/validation.py:2749: UserWarning: X does not have valid feature names, but LGBMRegressor was fitted with feature names
production-1  |   warnings.warn(
production-1  | {"timestamp": "2026-10-01T19:02:06Z", "event": "http_request", "request_id": "74392e43d67244609bc773d868c387b6", "method": "POST", "route": "/predict", "status": 200, "latency_ms": 8.619}
production-1  | {"timestamp": "2026-10-01T19:02:10Z", "event": "http_request", "request_id": "2d673f8da6ed40d6a3a7c34ef0e1e817", "method": "GET", "route": "/health", "status": 200, "latency_ms": 3.472}
production-1  | {"timestamp": "2026-10-01T19:02:10Z", "event": "http_request", "request_id": "89336a0630694a1d9726fe256fe51f1a", "method": "GET", "route": "/schema", "status": 200, "latency_ms": 0.822}
production-1  | /opt/project-venv/lib/python3.12/site-packages/sklearn/utils/validation.py:2749: UserWarning: X does not have valid feature names, but LGBMRegressor was fitted with feature names
production-1  |   warnings.warn(
production-1  | {"timestamp": "2026-10-01T19:02:10Z", "event": "http_request", "request_id": "d7e7c825b2e242aea6d96f86fc474abc", "method": "POST", "route": "/predict", "status": 200, "latency_ms": 3.286}
production-1  | {"timestamp": "2026-10-01T19:02:10Z", "event": "http_request", "request_id": "0d07f010e35c4facafbb775aa443029c", "method": "GET", "route": "/health", "status": 200, "latency_ms": 8.615}
production-1  | {"timestamp": "2026-10-01T19:02:10Z", "event": "http_request", "request_id": "70a139612f04487c9728511755215491", "method": "GET", "route": "/schema", "status": 200, "latency_ms": 0.948}
production-1  | /opt/project-venv/lib/python3.12/site-packages/sklearn/utils/validation.py:2749: UserWarning: X does not have valid feature names, but LGBMRegressor was fitted with feature names
production-1  |   warnings.warn(
production-1  | {"timestamp": "2026-10-01T19:02:10Z", "event": "http_request", "request_id": "fbfa916765024f43b144e2baf35491fb", "method": "POST", "route": "/predict", "status": 200, "latency_ms": 7.808}
production-1  | {"timestamp": "2026-10-01T19:02:12Z", "event": "http_request", "request_id": "54e8c98a7bae4087a81b8112e09983fa", "method": "GET", "route": "/health", "status": 200, "latency_ms": 0.615}
production-1  | {"timestamp": "2026-10-01T19:02:12Z", "event": "http_request", "request_id": "33acc15ffc2f4d3293eab3a7cdce7652", "method": "GET", "route": "/schema", "status": 200, "latency_ms": 0.62}
production-1  | /opt/project-venv/lib/python3.12/site-packages/sklearn/utils/validation.py:2749: UserWarning: X does not have valid feature names, but LGBMRegressor was fitted with feature names
production-1  |   warnings.warn(
production-1  | {"timestamp": "2026-10-01T19:02:12Z", "event": "http_request", "request_id": "cdc16ab5428d435ab36fd441a18b8459", "method": "POST", "route": "/predict", "status": 200, "latency_ms": 2.773}
production-1  | {"timestamp": "2026-10-01T19:02:14Z", "event": "http_request", "request_id": "2707c11d2e0d4d66bbb28b0820f1e2ab", "method": "GET", "route": "/health", "status": 200, "latency_ms": 0.569}
candidate-1   |   warnings.warn(
candidate-1   | {"timestamp": "2026-10-01T19:01:59Z", "event": "http_request", "request_id": "83b1ac4cd62149f4b904bdf09b232090", "method": "POST", "route": "/predict", "status": 200, "latency_ms": 6.764}
candidate-1   | /opt/project-venv/lib/python3.12/site-packages/sklearn/utils/validation.py:2749: UserWarning: X does not have valid feature names, but LGBMRegressor was fitted with feature names
candidate-1   |   warnings.warn(
candidate-1   | /opt/project-venv/lib/python3.12/site-packages/sklearn/utils/validation.py:2749: UserWarning: X does not have valid feature names, but LGBMRegressor was fitted with feature names
candidate-1   |   warnings.warn(
candidate-1   | {"timestamp": "2026-10-01T19:01:59Z", "event": "http_request", "request_id": "e87d80b218e44f35949ecdf066c970d8", "method": "POST", "route": "/predict", "status": 200, "latency_ms": 5.867}
candidate-1   | {"timestamp": "2026-10-01T19:01:59Z", "event": "http_request", "request_id": "b8eedb9e40064cbf9a69a6987c4c3d2d", "method": "POST", "route": "/predict", "status": 200, "latency_ms": 9.778}
candidate-1   | {"timestamp": "2026-10-01T19:02:00Z", "event": "http_request", "request_id": "81bed2d507884518b30139f47ef79dbc", "method": "GET", "route": "/health", "status": 200, "latency_ms": 5.769}
candidate-1   | {"timestamp": "2026-10-01T19:02:00Z", "event": "http_request", "request_id": "c3753555882848798a850e917969faee", "method": "GET", "route": "/schema", "status": 200, "latency_ms": 0.66}
candidate-1   | /opt/project-venv/lib/python3.12/site-packages/sklearn/utils/validation.py:2749: UserWarning: X does not have valid feature names, but LGBMRegressor was fitted with feature names
candidate-1   |   warnings.warn(
candidate-1   | {"timestamp": "2026-10-01T19:02:00Z", "event": "http_request", "request_id": "55f43cb51d21498d9142581803cacadb", "method": "POST", "route": "/predict", "status": 200, "latency_ms": 2.567}
candidate-1   | /opt/project-venv/lib/python3.12/site-packages/sklearn/utils/validation.py:2749: UserWarning: X does not have valid feature names, but LGBMRegressor was fitted with feature names
candidate-1   |   warnings.warn(
candidate-1   | {"timestamp": "2026-10-01T19:02:00Z", "event": "http_request", "request_id": "9a9b1c362d6f4bc98088336185d1e7f2", "method": "POST", "route": "/predict", "status": 200, "latency_ms": 5.653}
candidate-1   | /opt/project-venv/lib/python3.12/site-packages/sklearn/utils/validation.py:2749: UserWarning: X does not have valid feature names, but LGBMRegressor was fitted with feature names
candidate-1   |   warnings.warn(
candidate-1   | {"timestamp": "2026-10-01T19:02:00Z", "event": "http_request", "request_id": "bf329780cd1443a19209205bd8c762da", "method": "POST", "route": "/predict", "status": 200, "latency_ms": 3.836}
candidate-1   | /opt/project-venv/lib/python3.12/site-packages/sklearn/utils/validation.py:2749: UserWarning: X does not have valid feature names, but LGBMRegressor was fitted with feature names
candidate-1   |   warnings.warn(
candidate-1   | {"timestamp": "2026-10-01T19:02:00Z", "event": "http_request", "request_id": "f27ba298e12a493fa22826b4b7eea343", "method": "POST", "route": "/predict", "status": 200, "latency_ms": 2.821}
candidate-1   | /opt/project-venv/lib/python3.12/site-packages/sklearn/utils/validation.py:2749: UserWarning: X does not have valid feature names, but LGBMRegressor was fitted with feature names
candidate-1   |   warnings.warn(
candidate-1   | {"timestamp": "2026-10-01T19:02:00Z", "event": "http_request", "request_id": "4de01a95714e4d63812f54c090ee8d60", "method": "POST", "route": "/predict", "status": 200, "latency_ms": 3.032}
candidate-1   | /opt/project-venv/lib/python3.12/site-packages/sklearn/utils/validation.py:2749: UserWarning: X does not have valid feature names, but LGBMRegressor was fitted with feature names
candidate-1   |   warnings.warn(
candidate-1   | {"timestamp": "2026-10-01T19:02:00Z", "event": "http_request", "request_id": "386972757a134229b436df1d3b7e38dc", "method": "POST", "route": "/predict", "status": 200, "latency_ms": 2.664}
candidate-1   | /opt/project-venv/lib/python3.12/site-packages/sklearn/utils/validation.py:2749: UserWarning: X does not have valid feature names, but LGBMRegressor was fitted with feature names
candidate-1   |   warnings.warn(
candidate-1   | /opt/project-venv/lib/python3.12/site-packages/sklearn/utils/validation.py:2749: UserWarning: X does not have valid feature names, but LGBMRegressor was fitted with feature names
candidate-1   |   warnings.warn(
candidate-1   | /opt/project-venv/lib/python3.12/site-packages/sklearn/utils/validation.py:2749: UserWarning: X does not have valid feature names, but LGBMRegressor was fitted with feature names
candidate-1   |   warnings.warn(
candidate-1   | /opt/project-venv/lib/python3.12/site-packages/sklearn/utils/validation.py:2749: UserWarning: X does not have valid feature names, but LGBMRegressor was fitted with feature names
candidate-1   |   warnings.warn(
candidate-1   | {"timestamp": "2026-10-01T19:02:00Z", "event": "http_request", "request_id": "42dc5a21d5eb4200bc3e93d4136d33fa", "method": "POST", "route": "/predict", "status": 200, "latency_ms": 10.64}
candidate-1   | {"timestamp": "2026-10-01T19:02:00Z", "event": "http_request", "request_id": "72fd71445bfc4c8e88e86759e799dc06", "method": "POST", "route": "/predict", "status": 200, "latency_ms": 10.712}
candidate-1   | {"timestamp": "2026-10-01T19:02:00Z", "event": "http_request", "request_id": "cb2e0f3420e64d7780890c1f238bf27c", "method": "POST", "route": "/predict", "status": 200, "latency_ms": 14.285}
candidate-1   | {"timestamp": "2026-10-01T19:02:00Z", "event": "http_request", "request_id": "96dfff6db76446e3a34e5df30371f94f", "method": "POST", "route": "/predict", "status": 200, "latency_ms": 14.189}
candidate-1   | /opt/project-venv/lib/python3.12/site-packages/sklearn/utils/validation.py:2749: UserWarning: X does not have valid feature names, but LGBMRegressor was fitted with feature names
candidate-1   |   warnings.warn(
candidate-1   | /opt/project-venv/lib/python3.12/site-packages/sklearn/utils/validation.py:2749: UserWarning: X does not have valid feature names, but LGBMRegressor was fitted with feature names
candidate-1   |   warnings.warn(
candidate-1   | {"timestamp": "2026-10-01T19:02:00Z", "event": "http_request", "request_id": "27832686b6ee4e759c17bc02f0cf396f", "method": "POST", "route": "/predict", "status": 200, "latency_ms": 9.342}
candidate-1   | /opt/project-venv/lib/python3.12/site-packages/sklearn/utils/validation.py:2749: UserWarning: X does not have valid feature names, but LGBMRegressor was fitted with feature names
candidate-1   |   warnings.warn(
candidate-1   | /opt/project-venv/lib/python3.12/site-packages/sklearn/utils/validation.py:2749: UserWarning: X does not have valid feature names, but LGBMRegressor was fitted with feature names
candidate-1   |   warnings.warn(
candidate-1   | {"timestamp": "2026-10-01T19:02:00Z", "event": "http_request", "request_id": "5052423bfeb84e89a1ef8f199aa15a5b", "method": "POST", "route": "/predict", "status": 200, "latency_ms": 13.648}
candidate-1   | {"timestamp": "2026-10-01T19:02:00Z", "event": "http_request", "request_id": "071532361e0246c2b9da02d2e28885f1", "method": "POST", "route": "/predict", "status": 200, "latency_ms": 12.122}
candidate-1   | /opt/project-venv/lib/python3.12/site-packages/sklearn/utils/validation.py:2749: UserWarning: X does not have valid feature names, but LGBMRegressor was fitted with feature names
candidate-1   |   warnings.warn(
candidate-1   | {"timestamp": "2026-10-01T19:02:00Z", "event": "http_request", "request_id": "23b780bd94044f6d87576b5fe666beaa", "method": "POST", "route": "/predict", "status": 200, "latency_ms": 13.42}
candidate-1   | {"timestamp": "2026-10-01T19:02:00Z", "event": "http_request", "request_id": "2c7220ff88a3420f87d1fccbb6d57608", "method": "POST", "route": "/predict", "status": 200, "latency_ms": 8.394}
candidate-1   | /opt/project-venv/lib/python3.12/site-packages/sklearn/utils/validation.py:2749: UserWarning: X does not have valid feature names, but LGBMRegressor was fitted with feature names
candidate-1   |   warnings.warn(
candidate-1   | /opt/project-venv/lib/python3.12/site-packages/sklearn/utils/validation.py:2749: UserWarning: X does not have valid feature names, but LGBMRegressor was fitted with feature names
candidate-1   |   warnings.warn(
candidate-1   | /opt/project-venv/lib/python3.12/site-packages/sklearn/utils/validation.py:2749: UserWarning: X does not have valid feature names, but LGBMRegressor was fitted with feature names
candidate-1   |   warnings.warn(
candidate-1   | {"timestamp": "2026-10-01T19:02:00Z", "event": "http_request", "request_id": "95a3e3b985da4fe68d2d897856c524fa", "method": "POST", "route": "/predict", "status": 200, "latency_ms": 11.002}
candidate-1   | /opt/project-venv/lib/python3.12/site-packages/sklearn/utils/validation.py:2749: UserWarning: X does not have valid feature names, but LGBMRegressor was fitted with feature names
candidate-1   |   warnings.warn(
candidate-1   | {"timestamp": "2026-10-01T19:02:00Z", "event": "http_request", "request_id": "87a707eac53243b4817a0cb883c855e8", "method": "POST", "route": "/predict", "status": 200, "latency_ms": 14.154}
candidate-1   | {"timestamp": "2026-10-01T19:02:00Z", "event": "http_request", "request_id": "f3ccfa9a1251488cb8d629ce3fbf1c86", "method": "POST", "route": "/predict", "status": 200, "latency_ms": 13.424}
candidate-1   | {"timestamp": "2026-10-01T19:02:00Z", "event": "http_request", "request_id": "9aa0c0ca87e746819a29e5e35825c8e0", "method": "POST", "route": "/predict", "status": 200, "latency_ms": 10.943}
candidate-1   | /opt/project-venv/lib/python3.12/site-packages/sklearn/utils/validation.py:2749: UserWarning: X does not have valid feature names, but LGBMRegressor was fitted with feature names
candidate-1   |   warnings.warn(
candidate-1   | /opt/project-venv/lib/python3.12/site-packages/sklearn/utils/validation.py:2749: UserWarning: X does not have valid feature names, but LGBMRegressor was fitted with feature names
candidate-1   |   warnings.warn(
candidate-1   | /opt/project-venv/lib/python3.12/site-packages/sklearn/utils/validation.py:2749: UserWarning: X does not have valid feature names, but LGBMRegressor was fitted with feature names
candidate-1   |   warnings.warn(
candidate-1   | /opt/project-venv/lib/python3.12/site-packages/sklearn/utils/validation.py:2749: UserWarning: X does not have valid feature names, but LGBMRegressor was fitted with feature names
candidate-1   |   warnings.warn(
candidate-1   | {"timestamp": "2026-10-01T19:02:00Z", "event": "http_request", "request_id": "e7d3ebf1b4b345c8b67efdbf64cc94bd", "method": "POST", "route": "/predict", "status": 200, "latency_ms": 12.492}
candidate-1   | {"timestamp": "2026-10-01T19:02:00Z", "event": "http_request", "request_id": "9f1ee7dfedb2495491a9c04e091313d6", "method": "POST", "route": "/predict", "status": 200, "latency_ms": 12.385}
candidate-1   | {"timestamp": "2026-10-01T19:02:00Z", "event": "http_request", "request_id": "0a6774160a9b4dc9b77f1452b72eacda", "method": "POST", "route": "/predict", "status": 200, "latency_ms": 12.318}
candidate-1   | {"timestamp": "2026-10-01T19:02:00Z", "event": "http_request", "request_id": "e2a62cceab4e4b459ee040895637c3a7", "method": "POST", "route": "/predict", "status": 200, "latency_ms": 12.85}
candidate-1   | /opt/project-venv/lib/python3.12/site-packages/sklearn/utils/validation.py:2749: UserWarning: X does not have valid feature names, but LGBMRegressor was fitted with feature names
candidate-1   |   warnings.warn(
candidate-1   | /opt/project-venv/lib/python3.12/site-packages/sklearn/utils/validation.py:2749: UserWarning: X does not have valid feature names, but LGBMRegressor was fitted with feature names
candidate-1   |   warnings.warn(
candidate-1   | /opt/project-venv/lib/python3.12/site-packages/sklearn/utils/validation.py:2749: UserWarning: X does not have valid feature names, but LGBMRegressor was fitted with feature names
candidate-1   |   warnings.warn(
candidate-1   | /opt/project-venv/lib/python3.12/site-packages/sklearn/utils/validation.py:2749: UserWarning: X does not have valid feature names, but LGBMRegressor was fitted with feature names
candidate-1   |   warnings.warn(
candidate-1   | {"timestamp": "2026-10-01T19:02:00Z", "event": "http_request", "request_id": "3ecd6e4b3b8047a7810a0823a5e9f89c", "method": "POST", "route": "/predict", "status": 200, "latency_ms": 11.89}
candidate-1   | {"timestamp": "2026-10-01T19:02:00Z", "event": "http_request", "request_id": "94bf7be7a3724845b8f19ff116600557", "method": "POST", "route": "/predict", "status": 200, "latency_ms": 10.812}
candidate-1   | {"timestamp": "2026-10-01T19:02:00Z", "event": "http_request", "request_id": "bf64ca0b08ff433eb23da039873afdf6", "method": "POST", "route": "/predict", "status": 200, "latency_ms": 13.028}
candidate-1   | {"timestamp": "2026-10-01T19:02:00Z", "event": "http_request", "request_id": "dcbcaf636cff4e22adb867069f1f24a5", "method": "POST", "route": "/predict", "status": 200, "latency_ms": 15.26}
candidate-1   | /opt/project-venv/lib/python3.12/site-packages/sklearn/utils/validation.py:2749: UserWarning: X does not have valid feature names, but LGBMRegressor was fitted with feature names
candidate-1   |   warnings.warn(
candidate-1   | {"timestamp": "2026-10-01T19:02:00Z", "event": "http_request", "request_id": "25d772ade6ec4028affd2e22bd795d3f", "method": "POST", "route": "/predict", "status": 200, "latency_ms": 7.422}
candidate-1   | /opt/project-venv/lib/python3.12/site-packages/sklearn/utils/validation.py:2749: UserWarning: X does not have valid feature names, but LGBMRegressor was fitted with feature names
candidate-1   |   warnings.warn(
candidate-1   | /opt/project-venv/lib/python3.12/site-packages/sklearn/utils/validation.py:2749: UserWarning: X does not have valid feature names, but LGBMRegressor was fitted with feature names
candidate-1   |   warnings.warn(
candidate-1   | {"timestamp": "2026-10-01T19:02:00Z", "event": "http_request", "request_id": "4e673bb6557f452fb397b95c6c109f53", "method": "POST", "route": "/predict", "status": 200, "latency_ms": 10.736}
candidate-1   | /opt/project-venv/lib/python3.12/site-packages/sklearn/utils/validation.py:2749: UserWarning: X does not have valid feature names, but LGBMRegressor was fitted with feature names
candidate-1   |   warnings.warn(
candidate-1   | /opt/project-venv/lib/python3.12/site-packages/sklearn/utils/validation.py:2749: UserWarning: X does not have valid feature names, but LGBMRegressor was fitted with feature names
candidate-1   |   warnings.warn(
candidate-1   | {"timestamp": "2026-10-01T19:02:00Z", "event": "http_request", "request_id": "96a359fb266d41e38efd70a4c2169ccd", "method": "POST", "route": "/predict", "status": 200, "latency_ms": 12.734}
candidate-1   | {"timestamp": "2026-10-01T19:02:00Z", "event": "http_request", "request_id": "ed7229f2d36d4071ba633575e3fc7537", "method": "POST", "route": "/predict", "status": 200, "latency_ms": 14.22}
candidate-1   | /opt/project-venv/lib/python3.12/site-packages/sklearn/utils/validation.py:2749: UserWarning: X does not have valid feature names, but LGBMRegressor was fitted with feature names
candidate-1   |   warnings.warn(
candidate-1   | {"timestamp": "2026-10-01T19:02:00Z", "event": "http_request", "request_id": "8ceb4dc7b58449819b5f59c395ef4939", "method": "POST", "route": "/predict", "status": 200, "latency_ms": 11.471}
candidate-1   | {"timestamp": "2026-10-01T19:02:00Z", "event": "http_request", "request_id": "68f65cb6f27b47dbab8ac97f2e8c1e8a", "method": "POST", "route": "/predict", "status": 200, "latency_ms": 7.949}
candidate-1   | /opt/project-venv/lib/python3.12/site-packages/sklearn/utils/validation.py:2749: UserWarning: X does not have valid feature names, but LGBMRegressor was fitted with feature names
candidate-1   |   warnings.warn(
candidate-1   | /opt/project-venv/lib/python3.12/site-packages/sklearn/utils/validation.py:2749: UserWarning: X does not have valid feature names, but LGBMRegressor was fitted with feature names
candidate-1   |   warnings.warn(
candidate-1   | {"timestamp": "2026-10-01T19:02:00Z", "event": "http_request", "request_id": "c17f384955e845ebac836d2353a2d7df", "method": "POST", "route": "/predict", "status": 200, "latency_ms": 6.722}
candidate-1   | /opt/project-venv/lib/python3.12/site-packages/sklearn/utils/validation.py:2749: UserWarning: X does not have valid feature names, but LGBMRegressor was fitted with feature names
candidate-1   |   warnings.warn(
candidate-1   | {"timestamp": "2026-10-01T19:02:00Z", "event": "http_request", "request_id": "bc346389e46c4e0987e27e2be3efb948", "method": "POST", "route": "/predict", "status": 200, "latency_ms": 9.339}
candidate-1   | {"timestamp": "2026-10-01T19:02:00Z", "event": "http_request", "request_id": "49ce593c3f9a4665862bb156459a8876", "method": "POST", "route": "/predict", "status": 200, "latency_ms": 9.301}
candidate-1   | {"timestamp": "2026-10-01T19:02:00Z", "event": "http_request", "request_id": "edc9b33cead84a4dabfb245b2ef4344a", "method": "GET", "route": "/health", "status": 200, "latency_ms": 0.585}
candidate-1   | {"timestamp": "2026-10-01T19:02:00Z", "event": "http_request", "request_id": "e1bf26b402c3437aba3dcc9e903b6a1f", "method": "GET", "route": "/schema", "status": 200, "latency_ms": 0.607}
candidate-1   | {"timestamp": "2026-10-01T19:02:00Z", "event": "http_request", "request_id": "9a5cd98b6b064781ada2c99c414e3292", "method": "GET", "route": "unmatched", "status": 200, "latency_ms": 6.103}
candidate-1   | /opt/project-venv/lib/python3.12/site-packages/sklearn/utils/validation.py:2749: UserWarning: X does not have valid feature names, but LGBMRegressor was fitted with feature names
candidate-1   |   warnings.warn(
candidate-1   | {"timestamp": "2026-10-01T19:02:00Z", "event": "http_request", "request_id": "252b8d35087f4a8099c47bd314655659", "method": "POST", "route": "/predict", "status": 200, "latency_ms": 2.622}
candidate-1   | {"timestamp": "2026-10-01T19:02:00Z", "event": "http_request", "request_id": "2bc1ed6065904d56a565616c8ce4c836", "method": "POST", "route": "/predict", "status": 422, "latency_ms": 0.648}
candidate-1   | {"timestamp": "2026-10-01T19:02:00Z", "event": "http_request", "request_id": "8d09a3103cf943bf9ccb7b710d47e2e2", "method": "POST", "route": "/predict", "status": 422, "latency_ms": 0.636}
candidate-1   | {"timestamp": "2026-10-01T19:02:00Z", "event": "http_request", "request_id": "56a36a55d2e346b3adfefe27a53d992d", "method": "GET", "route": "/health", "status": 200, "latency_ms": 0.593}
candidate-1   | /opt/project-venv/lib/python3.12/site-packages/sklearn/utils/validation.py:2749: UserWarning: X does not have valid feature names, but LGBMRegressor was fitted with feature names
candidate-1   |   warnings.warn(
candidate-1   | {"timestamp": "2026-10-01T19:02:00Z", "event": "http_request", "request_id": "f59fc3cfa096467185a8510a464de196", "method": "POST", "route": "/predict", "status": 200, "latency_ms": 2.694}
candidate-1   | /opt/project-venv/lib/python3.12/site-packages/sklearn/utils/validation.py:2749: UserWarning: X does not have valid feature names, but LGBMRegressor was fitted with feature names
candidate-1   |   warnings.warn(
candidate-1   | {"timestamp": "2026-10-01T19:02:00Z", "event": "http_request", "request_id": "7f013b73e2bb431aa680963fd4f3ba18", "method": "POST", "route": "/predict", "status": 200, "latency_ms": 2.084}
candidate-1   | /opt/project-venv/lib/python3.12/site-packages/sklearn/utils/validation.py:2749: UserWarning: X does not have valid feature names, but LGBMRegressor was fitted with feature names
candidate-1   |   warnings.warn(
candidate-1   | {"timestamp": "2026-10-01T19:02:00Z", "event": "http_request", "request_id": "60984edea68d4c4ab5e2c78d36694834", "method": "POST", "route": "/predict", "status": 200, "latency_ms": 1.999}
candidate-1   | /opt/project-venv/lib/python3.12/site-packages/sklearn/utils/validation.py:2749: UserWarning: X does not have valid feature names, but LGBMRegressor was fitted with feature names
candidate-1   |   warnings.warn(
candidate-1   | {"timestamp": "2026-10-01T19:02:00Z", "event": "http_request", "request_id": "775d3e1fcae7406ab51d6ef96c8ad6dd", "method": "POST", "route": "/predict", "status": 200, "latency_ms": 2.314}
candidate-1   | /opt/project-venv/lib/python3.12/site-packages/sklearn/utils/validation.py:2749: UserWarning: X does not have valid feature names, but LGBMRegressor was fitted with feature names
candidate-1   |   warnings.warn(
candidate-1   | {"timestamp": "2026-10-01T19:02:00Z", "event": "http_request", "request_id": "ec486b55c2ba4699aa7d59cf744a33c2", "method": "POST", "route": "/predict", "status": 200, "latency_ms": 1.925}
candidate-1   | /opt/project-venv/lib/python3.12/site-packages/sklearn/utils/validation.py:2749: UserWarning: X does not have valid feature names, but LGBMRegressor was fitted with feature names
candidate-1   |   warnings.warn(
candidate-1   | {"timestamp": "2026-10-01T19:02:00Z", "event": "http_request", "request_id": "ad5b7bc4f3a94140a94fed7a13ec4072", "method": "POST", "route": "/predict", "status": 200, "latency_ms": 1.943}
candidate-1   | /opt/project-venv/lib/python3.12/site-packages/sklearn/utils/validation.py:2749: UserWarning: X does not have valid feature names, but LGBMRegressor was fitted with feature names
candidate-1   |   warnings.warn(
candidate-1   | {"timestamp": "2026-10-01T19:02:00Z", "event": "http_request", "request_id": "2f27260236064b4ebd0249d8dcded9e8", "method": "POST", "route": "/predict", "status": 200, "latency_ms": 1.909}
candidate-1   | /opt/project-venv/lib/python3.12/site-packages/sklearn/utils/validation.py:2749: UserWarning: X does not have valid feature names, but LGBMRegressor was fitted with feature names
candidate-1   |   warnings.warn(
candidate-1   | {"timestamp": "2026-10-01T19:02:00Z", "event": "http_request", "request_id": "d8980b5f51514bd9a8d85a3d3c9f232c", "method": "POST", "route": "/predict", "status": 200, "latency_ms": 1.882}
candidate-1   | /opt/project-venv/lib/python3.12/site-packages/sklearn/utils/validation.py:2749: UserWarning: X does not have valid feature names, but LGBMRegressor was fitted with feature names
candidate-1   |   warnings.warn(
candidate-1   | {"timestamp": "2026-10-01T19:02:00Z", "event": "http_request", "request_id": "6c1e744d996c427e846fbd776e5b4bbd", "method": "POST", "route": "/predict", "status": 200, "latency_ms": 1.937}
candidate-1   | /opt/project-venv/lib/python3.12/site-packages/sklearn/utils/validation.py:2749: UserWarning: X does not have valid feature names, but LGBMRegressor was fitted with feature names
candidate-1   |   warnings.warn(
candidate-1   | {"timestamp": "2026-10-01T19:02:00Z", "event": "http_request", "request_id": "fbc63d2081654b76b201c93a0cbcf62e", "method": "POST", "route": "/predict", "status": 200, "latency_ms": 1.939}
candidate-1   | /opt/project-venv/lib/python3.12/site-packages/sklearn/utils/validation.py:2749: UserWarning: X does not have valid feature names, but LGBMRegressor was fitted with feature names
candidate-1   |   warnings.warn(
candidate-1   | {"timestamp": "2026-10-01T19:02:00Z", "event": "http_request", "request_id": "2f66e06198fc45e5a42181843bb0e2a8", "method": "POST", "route": "/predict", "status": 200, "latency_ms": 1.932}
candidate-1   | /opt/project-venv/lib/python3.12/site-packages/sklearn/utils/validation.py:2749: UserWarning: X does not have valid feature names, but LGBMRegressor was fitted with feature names
candidate-1   |   warnings.warn(
candidate-1   | {"timestamp": "2026-10-01T19:02:00Z", "event": "http_request", "request_id": "0812d374d1364dd7a2c9b3b2b8d9af70", "method": "POST", "route": "/predict", "status": 200, "latency_ms": 2.185}
candidate-1   | /opt/project-venv/lib/python3.12/site-packages/sklearn/utils/validation.py:2749: UserWarning: X does not have valid feature names, but LGBMRegressor was fitted with feature names
candidate-1   |   warnings.warn(
candidate-1   | {"timestamp": "2026-10-01T19:02:00Z", "event": "http_request", "request_id": "6ecdba3bf63746898982ab6984d752b8", "method": "POST", "route": "/predict", "status": 200, "latency_ms": 1.86}
candidate-1   | /opt/project-venv/lib/python3.12/site-packages/sklearn/utils/validation.py:2749: UserWarning: X does not have valid feature names, but LGBMRegressor was fitted with feature names
candidate-1   |   warnings.warn(
candidate-1   | {"timestamp": "2026-10-01T19:02:00Z", "event": "http_request", "request_id": "3b745a3e3be24c5aa7d4241f8e54fb87", "method": "POST", "route": "/predict", "status": 200, "latency_ms": 1.946}
candidate-1   | /opt/project-venv/lib/python3.12/site-packages/sklearn/utils/validation.py:2749: UserWarning: X does not have valid feature names, but LGBMRegressor was fitted with feature names
candidate-1   |   warnings.warn(
candidate-1   | {"timestamp": "2026-10-01T19:02:00Z", "event": "http_request", "request_id": "e41740cbffa74fa885a389bcaed1d2d2", "method": "POST", "route": "/predict", "status": 200, "latency_ms": 1.98}
candidate-1   | /opt/project-venv/lib/python3.12/site-packages/sklearn/utils/validation.py:2749: UserWarning: X does not have valid feature names, but LGBMRegressor was fitted with feature names
candidate-1   |   warnings.warn(
candidate-1   | {"timestamp": "2026-10-01T19:02:00Z", "event": "http_request", "request_id": "eaaf940c380b48749546c5b8cce6adb1", "method": "POST", "route": "/predict", "status": 200, "latency_ms": 1.923}
candidate-1   | /opt/project-venv/lib/python3.12/site-packages/sklearn/utils/validation.py:2749: UserWarning: X does not have valid feature names, but LGBMRegressor was fitted with feature names
candidate-1   |   warnings.warn(
candidate-1   | {"timestamp": "2026-10-01T19:02:00Z", "event": "http_request", "request_id": "c5e76c63193a4453a4ef145aa12af4f5", "method": "POST", "route": "/predict", "status": 200, "latency_ms": 1.924}
candidate-1   | /opt/project-venv/lib/python3.12/site-packages/sklearn/utils/validation.py:2749: UserWarning: X does not have valid feature names, but LGBMRegressor was fitted with feature names
candidate-1   |   warnings.warn(
candidate-1   | {"timestamp": "2026-10-01T19:02:00Z", "event": "http_request", "request_id": "951d1269ab3d4981a21364d2cd85a6a6", "method": "POST", "route": "/predict", "status": 200, "latency_ms": 2.042}
candidate-1   | /opt/project-venv/lib/python3.12/site-packages/sklearn/utils/validation.py:2749: UserWarning: X does not have valid feature names, but LGBMRegressor was fitted with feature names
candidate-1   |   warnings.warn(
candidate-1   | {"timestamp": "2026-10-01T19:02:00Z", "event": "http_request", "request_id": "30f005a3dac2401cb445fdff69b8a3a4", "method": "POST", "route": "/predict", "status": 200, "latency_ms": 1.878}
candidate-1   | /opt/project-venv/lib/python3.12/site-packages/sklearn/utils/validation.py:2749: UserWarning: X does not have valid feature names, but LGBMRegressor was fitted with feature names
candidate-1   |   warnings.warn(
candidate-1   | {"timestamp": "2026-10-01T19:02:00Z", "event": "http_request", "request_id": "c9f7e4b4bad8464bb443a5454434745e", "method": "POST", "route": "/predict", "status": 200, "latency_ms": 2.178}
candidate-1   | /opt/project-venv/lib/python3.12/site-packages/sklearn/utils/validation.py:2749: UserWarning: X does not have valid feature names, but LGBMRegressor was fitted with feature names
candidate-1   |   warnings.warn(
candidate-1   | {"timestamp": "2026-10-01T19:02:00Z", "event": "http_request", "request_id": "c581612c114242e9a099f6ca2b847593", "method": "POST", "route": "/predict", "status": 200, "latency_ms": 3.005}
candidate-1   | /opt/project-venv/lib/python3.12/site-packages/sklearn/utils/validation.py:2749: UserWarning: X does not have valid feature names, but LGBMRegressor was fitted with feature names
candidate-1   |   warnings.warn(
candidate-1   | /opt/project-venv/lib/python3.12/site-packages/sklearn/utils/validation.py:2749: UserWarning: X does not have valid feature names, but LGBMRegressor was fitted with feature names
candidate-1   |   warnings.warn(
candidate-1   | /opt/project-venv/lib/python3.12/site-packages/sklearn/utils/validation.py:2749: UserWarning: X does not have valid feature names, but LGBMRegressor was fitted with feature names
candidate-1   |   warnings.warn(
candidate-1   | {"timestamp": "2026-10-01T19:02:00Z", "event": "http_request", "request_id": "4b46ff6e12d44ab4a4aa88f57e322e44", "method": "POST", "route": "/predict", "status": 200, "latency_ms": 11.87}
candidate-1   | /opt/project-venv/lib/python3.12/site-packages/sklearn/utils/validation.py:2749: UserWarning: X does not have valid feature names, but LGBMRegressor was fitted with feature names
candidate-1   |   warnings.warn(
candidate-1   | /opt/project-venv/lib/python3.12/site-packages/sklearn/utils/validation.py:2749: UserWarning: X does not have valid feature names, but LGBMRegressor was fitted with feature names
candidate-1   |   warnings.warn(
candidate-1   | {"timestamp": "2026-10-01T19:02:00Z", "event": "http_request", "request_id": "e1dc6e0dfb0f4ea2a0ddc8902db99662", "method": "POST", "route": "/predict", "status": 200, "latency_ms": 15.032}
candidate-1   | /opt/project-venv/lib/python3.12/site-packages/sklearn/utils/validation.py:2749: UserWarning: X does not have valid feature names, but LGBMRegressor was fitted with feature names
candidate-1   |   warnings.warn(
candidate-1   | {"timestamp": "2026-10-01T19:02:00Z", "event": "http_request", "request_id": "3b9b21c932f34efa8126d68e547e3a32", "method": "POST", "route": "/predict", "status": 200, "latency_ms": 16.329}
candidate-1   | {"timestamp": "2026-10-01T19:02:00Z", "event": "http_request", "request_id": "4cd3cb42ce1c425da41f9a13c28bb8a8", "method": "POST", "route": "/predict", "status": 200, "latency_ms": 17.864}
candidate-1   | /opt/project-venv/lib/python3.12/site-packages/sklearn/utils/validation.py:2749: UserWarning: X does not have valid feature names, but LGBMRegressor was fitted with feature names
candidate-1   |   warnings.warn(
candidate-1   | {"timestamp": "2026-10-01T19:02:00Z", "event": "http_request", "request_id": "ae2fc0af5b344adabe92582f3524d237", "method": "POST", "route": "/predict", "status": 200, "latency_ms": 20.238}
candidate-1   | /opt/project-venv/lib/python3.12/site-packages/sklearn/utils/validation.py:2749: UserWarning: X does not have valid feature names, but LGBMRegressor was fitted with feature names
candidate-1   |   warnings.warn(
candidate-1   | /opt/project-venv/lib/python3.12/site-packages/sklearn/utils/validation.py:2749: UserWarning: X does not have valid feature names, but LGBMRegressor was fitted with feature names
candidate-1   |   warnings.warn(
candidate-1   | /opt/project-venv/lib/python3.12/site-packages/sklearn/utils/validation.py:2749: UserWarning: X does not have valid feature names, but LGBMRegressor was fitted with feature names
candidate-1   |   warnings.warn(
candidate-1   | /opt/project-venv/lib/python3.12/site-packages/sklearn/utils/validation.py:2749: UserWarning: X does not have valid feature names, but LGBMRegressor was fitted with feature names
candidate-1   |   warnings.warn(
candidate-1   | {"timestamp": "2026-10-01T19:02:00Z", "event": "http_request", "request_id": "d18fe320393045539e8756a86a651e0b", "method": "POST", "route": "/predict", "status": 200, "latency_ms": 27.405}
candidate-1   | {"timestamp": "2026-10-01T19:02:00Z", "event": "http_request", "request_id": "64c878f9154a4d58a906f97019947d32", "method": "POST", "route": "/predict", "status": 200, "latency_ms": 28.249}
candidate-1   | /opt/project-venv/lib/python3.12/site-packages/sklearn/utils/validation.py:2749: UserWarning: X does not have valid feature names, but LGBMRegressor was fitted with feature names
candidate-1   |   warnings.warn(
candidate-1   | {"timestamp": "2026-10-01T19:02:00Z", "event": "http_request", "request_id": "11a20f42179648b0a8856f59ceb3e043", "method": "POST", "route": "/predict", "status": 200, "latency_ms": 29.328}
candidate-1   | /opt/project-venv/lib/python3.12/site-packages/sklearn/utils/validation.py:2749: UserWarning: X does not have valid feature names, but LGBMRegressor was fitted with feature names
candidate-1   |   warnings.warn(
candidate-1   | {"timestamp": "2026-10-01T19:02:00Z", "event": "http_request", "request_id": "1b4ff6382fa74aa4b09f85a82f03817f", "method": "POST", "route": "/predict", "status": 200, "latency_ms": 20.598}
candidate-1   | {"timestamp": "2026-10-01T19:02:00Z", "event": "http_request", "request_id": "9c17baa60bfb42dba9c3be30b1d0b96c", "method": "POST", "route": "/predict", "status": 200, "latency_ms": 31.28}
candidate-1   | /opt/project-venv/lib/python3.12/site-packages/sklearn/utils/validation.py:2749: UserWarning: X does not have valid feature names, but LGBMRegressor was fitted with feature names
candidate-1   |   warnings.warn(
candidate-1   | /opt/project-venv/lib/python3.12/site-packages/sklearn/utils/validation.py:2749: UserWarning: X does not have valid feature names, but LGBMRegressor was fitted with feature names
candidate-1   |   warnings.warn(
candidate-1   | {"timestamp": "2026-10-01T19:02:00Z", "event": "http_request", "request_id": "d96670efe1c8481daf6cc25f3de7081a", "method": "POST", "route": "/predict", "status": 200, "latency_ms": 22.217}
candidate-1   | /opt/project-venv/lib/python3.12/site-packages/sklearn/utils/validation.py:2749: UserWarning: X does not have valid feature names, but LGBMRegressor was fitted with feature names
candidate-1   |   warnings.warn(
candidate-1   | {"timestamp": "2026-10-01T19:02:00Z", "event": "http_request", "request_id": "5d8023b97b2347cda415d32b76d1cc80", "method": "POST", "route": "/predict", "status": 200, "latency_ms": 37.452}
candidate-1   | {"timestamp": "2026-10-01T19:02:00Z", "event": "http_request", "request_id": "5e4e65f7c7e044c6ba16217f7ef0ba42", "method": "POST", "route": "/predict", "status": 200, "latency_ms": 22.052}
candidate-1   | {"timestamp": "2026-10-01T19:02:00Z", "event": "http_request", "request_id": "80b2c7177d3d464ba1b5738861a9e439", "method": "POST", "route": "/predict", "status": 200, "latency_ms": 20.205}
candidate-1   | /opt/project-venv/lib/python3.12/site-packages/sklearn/utils/validation.py:2749: UserWarning: X does not have valid feature names, but LGBMRegressor was fitted with feature names
candidate-1   |   warnings.warn(
candidate-1   | {"timestamp": "2026-10-01T19:02:00Z", "event": "http_request", "request_id": "94e614f10da84a268437d5561583187c", "method": "POST", "route": "/predict", "status": 200, "latency_ms": 22.904}
candidate-1   | /opt/project-venv/lib/python3.12/site-packages/sklearn/utils/validation.py:2749: UserWarning: X does not have valid feature names, but LGBMRegressor was fitted with feature names
candidate-1   |   warnings.warn(
candidate-1   | {"timestamp": "2026-10-01T19:02:00Z", "event": "http_request", "request_id": "3287b15937884ef1a8b432e0f31cf020", "method": "POST", "route": "/predict", "status": 200, "latency_ms": 17.524}
candidate-1   | /opt/project-venv/lib/python3.12/site-packages/sklearn/utils/validation.py:2749: UserWarning: X does not have valid feature names, but LGBMRegressor was fitted with feature names
candidate-1   |   warnings.warn(
candidate-1   | {"timestamp": "2026-10-01T19:02:00Z", "event": "http_request", "request_id": "e607f4a91d254e199855a29a349f0fc8", "method": "POST", "route": "/predict", "status": 200, "latency_ms": 18.05}
candidate-1   | {"timestamp": "2026-10-01T19:02:00Z", "event": "http_request", "request_id": "a7e7c690d71d4537961e2cc84513574e", "method": "POST", "route": "/predict", "status": 200, "latency_ms": 17.589}
candidate-1   | /opt/project-venv/lib/python3.12/site-packages/sklearn/utils/validation.py:2749: UserWarning: X does not have valid feature names, but LGBMRegressor was fitted with feature names
candidate-1   |   warnings.warn(
candidate-1   | /opt/project-venv/lib/python3.12/site-packages/sklearn/utils/validation.py:2749: UserWarning: X does not have valid feature names, but LGBMRegressor was fitted with feature names
candidate-1   |   warnings.warn(
candidate-1   | {"timestamp": "2026-10-01T19:02:00Z", "event": "http_request", "request_id": "eb00936edb8b4f9c91b41fc14abd98b9", "method": "POST", "route": "/predict", "status": 200, "latency_ms": 21.306}
candidate-1   | /opt/project-venv/lib/python3.12/site-packages/sklearn/utils/validation.py:2749: UserWarning: X does not have valid feature names, but LGBMRegressor was fitted with feature names
candidate-1   |   warnings.warn(
candidate-1   | {"timestamp": "2026-10-01T19:02:00Z", "event": "http_request", "request_id": "350ad18478cc44c68b630b2441689bfa", "method": "POST", "route": "/predict", "status": 200, "latency_ms": 21.779}
candidate-1   | /opt/project-venv/lib/python3.12/site-packages/sklearn/utils/validation.py:2749: UserWarning: X does not have valid feature names, but LGBMRegressor was fitted with feature names
candidate-1   |   warnings.warn(
candidate-1   | /opt/project-venv/lib/python3.12/site-packages/sklearn/utils/validation.py:2749: UserWarning: X does not have valid feature names, but LGBMRegressor was fitted with feature names
candidate-1   |   warnings.warn(
candidate-1   | {"timestamp": "2026-10-01T19:02:00Z", "event": "http_request", "request_id": "352b1b470f974c9e8394f5a78ecd0c61", "method": "POST", "route": "/predict", "status": 200, "latency_ms": 19.709}
candidate-1   | {"timestamp": "2026-10-01T19:02:00Z", "event": "http_request", "request_id": "346a1df7ff2b40cd810bbbf6ffef760a", "method": "POST", "route": "/predict", "status": 200, "latency_ms": 16.007}
candidate-1   | /opt/project-venv/lib/python3.12/site-packages/sklearn/utils/validation.py:2749: UserWarning: X does not have valid feature names, but LGBMRegressor was fitted with feature names
candidate-1   |   warnings.warn(
candidate-1   | {"timestamp": "2026-10-01T19:02:00Z", "event": "http_request", "request_id": "b695181d0db24b25a2b981d16a1e7763", "method": "POST", "route": "/predict", "status": 200, "latency_ms": 24.059}
candidate-1   | /opt/project-venv/lib/python3.12/site-packages/sklearn/utils/validation.py:2749: UserWarning: X does not have valid feature names, but LGBMRegressor was fitted with feature names
candidate-1   |   warnings.warn(
candidate-1   | /opt/project-venv/lib/python3.12/site-packages/sklearn/utils/validation.py:2749: UserWarning: X does not have valid feature names, but LGBMRegressor was fitted with feature names
candidate-1   |   warnings.warn(
candidate-1   | /opt/project-venv/lib/python3.12/site-packages/sklearn/utils/validation.py:2749: UserWarning: X does not have valid feature names, but LGBMRegressor was fitted with feature names
candidate-1   |   warnings.warn(
candidate-1   | {"timestamp": "2026-10-01T19:02:00Z", "event": "http_request", "request_id": "03366aea27da4d569079135d6d81af8a", "method": "POST", "route": "/predict", "status": 200, "latency_ms": 26.294}
candidate-1   | /opt/project-venv/lib/python3.12/site-packages/sklearn/utils/validation.py:2749: UserWarning: X does not have valid feature names, but LGBMRegressor was fitted with feature names
candidate-1   |   warnings.warn(
candidate-1   | {"timestamp": "2026-10-01T19:02:00Z", "event": "http_request", "request_id": "9395e709437b454ca158660a454cbd8d", "method": "POST", "route": "/predict", "status": 200, "latency_ms": 18.95}
candidate-1   | /opt/project-venv/lib/python3.12/site-packages/sklearn/utils/validation.py:2749: UserWarning: X does not have valid feature names, but LGBMRegressor was fitted with feature names
candidate-1   |   warnings.warn(
candidate-1   | {"timestamp": "2026-10-01T19:02:00Z", "event": "http_request", "request_id": "805ba221a99c4c9599059bb632286645", "method": "POST", "route": "/predict", "status": 200, "latency_ms": 34.417}
candidate-1   | {"timestamp": "2026-10-01T19:02:00Z", "event": "http_request", "request_id": "ca6df39177044e849bf51df2fe3f74bf", "method": "POST", "route": "/predict", "status": 200, "latency_ms": 29.897}
candidate-1   | {"timestamp": "2026-10-01T19:02:00Z", "event": "http_request", "request_id": "ec781b34d6314074a77f60b63fe7ceb0", "method": "POST", "route": "/predict", "status": 200, "latency_ms": 26.687}
candidate-1   | /opt/project-venv/lib/python3.12/site-packages/sklearn/utils/validation.py:2749: UserWarning: X does not have valid feature names, but LGBMRegressor was fitted with feature names
candidate-1   |   warnings.warn(
candidate-1   | {"timestamp": "2026-10-01T19:02:00Z", "event": "http_request", "request_id": "a709738c52a14cc191c929c7333fd2a0", "method": "POST", "route": "/predict", "status": 200, "latency_ms": 25.766}
candidate-1   | /opt/project-venv/lib/python3.12/site-packages/sklearn/utils/validation.py:2749: UserWarning: X does not have valid feature names, but LGBMRegressor was fitted with feature names
candidate-1   |   warnings.warn(
candidate-1   | {"timestamp": "2026-10-01T19:02:00Z", "event": "http_request", "request_id": "0625eb5027544a62a18d6b3698ecc5cd", "method": "POST", "route": "/predict", "status": 200, "latency_ms": 13.8}
candidate-1   | /opt/project-venv/lib/python3.12/site-packages/sklearn/utils/validation.py:2749: UserWarning: X does not have valid feature names, but LGBMRegressor was fitted with feature names
candidate-1   |   warnings.warn(
candidate-1   | {"timestamp": "2026-10-01T19:02:00Z", "event": "http_request", "request_id": "4548a0419f4b4f4ea27a077fb0d58de7", "method": "POST", "route": "/predict", "status": 200, "latency_ms": 27.158}
candidate-1   | {"timestamp": "2026-10-01T19:02:00Z", "event": "http_request", "request_id": "8bb08006ab1d459483c0d7659e9954a4", "method": "POST", "route": "/predict", "status": 200, "latency_ms": 20.336}
candidate-1   | /opt/project-venv/lib/python3.12/site-packages/sklearn/utils/validation.py:2749: UserWarning: X does not have valid feature names, but LGBMRegressor was fitted with feature names
candidate-1   |   warnings.warn(
candidate-1   | {"timestamp": "2026-10-01T19:02:00Z", "event": "http_request", "request_id": "ea3a3d875e50408585bbc5a4ff5039d7", "method": "POST", "route": "/predict", "status": 200, "latency_ms": 24.565}
candidate-1   | /opt/project-venv/lib/python3.12/site-packages/sklearn/utils/validation.py:2749: UserWarning: X does not have valid feature names, but LGBMRegressor was fitted with feature names
candidate-1   |   warnings.warn(
candidate-1   | /opt/project-venv/lib/python3.12/site-packages/sklearn/utils/validation.py:2749: UserWarning: X does not have valid feature names, but LGBMRegressor was fitted with feature names
candidate-1   |   warnings.warn(
candidate-1   | {"timestamp": "2026-10-01T19:02:00Z", "event": "http_request", "request_id": "ed0e0cb115f54ccc80f0721eb23503f2", "method": "POST", "route": "/predict", "status": 200, "latency_ms": 23.887}
candidate-1   | {"timestamp": "2026-10-01T19:02:00Z", "event": "http_request", "request_id": "936c969bc8844b098b8f78c9fd68cfff", "method": "POST", "route": "/predict", "status": 200, "latency_ms": 17.125}
candidate-1   | /opt/project-venv/lib/python3.12/site-packages/sklearn/utils/validation.py:2749: UserWarning: X does not have valid feature names, but LGBMRegressor was fitted with feature names
candidate-1   |   warnings.warn(
candidate-1   | /opt/project-venv/lib/python3.12/site-packages/sklearn/utils/validation.py:2749: UserWarning: X does not have valid feature names, but LGBMRegressor was fitted with feature names
candidate-1   |   warnings.warn(
candidate-1   | /opt/project-venv/lib/python3.12/site-packages/sklearn/utils/validation.py:2749: UserWarning: X does not have valid feature names, but LGBMRegressor was fitted with feature names
candidate-1   |   warnings.warn(
candidate-1   | {"timestamp": "2026-10-01T19:02:01Z", "event": "http_request", "request_id": "b25ec551c13c409e9dc7c557100970a9", "method": "POST", "route": "/predict", "status": 200, "latency_ms": 21.986}
candidate-1   | /opt/project-venv/lib/python3.12/site-packages/sklearn/utils/validation.py:2749: UserWarning: X does not have valid feature names, but LGBMRegressor was fitted with feature names
candidate-1   |   warnings.warn(
candidate-1   | {"timestamp": "2026-10-01T19:02:01Z", "event": "http_request", "request_id": "e2b576b2c70e446eafa34e32cf2c39a2", "method": "POST", "route": "/predict", "status": 200, "latency_ms": 25.184}
candidate-1   | {"timestamp": "2026-10-01T19:02:01Z", "event": "http_request", "request_id": "c2bd4695362d426ca12d126bac86da71", "method": "POST", "route": "/predict", "status": 200, "latency_ms": 21.539}
candidate-1   | /opt/project-venv/lib/python3.12/site-packages/sklearn/utils/validation.py:2749: UserWarning: X does not have valid feature names, but LGBMRegressor was fitted with feature names
candidate-1   |   warnings.warn(
candidate-1   | {"timestamp": "2026-10-01T19:02:01Z", "event": "http_request", "request_id": "4f00cafc3a3548239ad99fff14a9e60d", "method": "POST", "route": "/predict", "status": 200, "latency_ms": 27.306}
candidate-1   | /opt/project-venv/lib/python3.12/site-packages/sklearn/utils/validation.py:2749: UserWarning: X does not have valid feature names, but LGBMRegressor was fitted with feature names
candidate-1   |   warnings.warn(
candidate-1   | /opt/project-venv/lib/python3.12/site-packages/sklearn/utils/validation.py:2749: UserWarning: X does not have valid feature names, but LGBMRegressor was fitted with feature names
candidate-1   |   warnings.warn(
candidate-1   | /opt/project-venv/lib/python3.12/site-packages/sklearn/utils/validation.py:2749: UserWarning: X does not have valid feature names, but LGBMRegressor was fitted with feature names
candidate-1   |   warnings.warn(
candidate-1   | {"timestamp": "2026-10-01T19:02:01Z", "event": "http_request", "request_id": "42e68f08c53146cdb7a6ff3ae49159b7", "method": "POST", "route": "/predict", "status": 200, "latency_ms": 25.227}
candidate-1   | /opt/project-venv/lib/python3.12/site-packages/sklearn/utils/validation.py:2749: UserWarning: X does not have valid feature names, but LGBMRegressor was fitted with feature names
candidate-1   |   warnings.warn(
candidate-1   | {"timestamp": "2026-10-01T19:02:01Z", "event": "http_request", "request_id": "3ae98272bc934993af3d7b4dd036bf99", "method": "POST", "route": "/predict", "status": 200, "latency_ms": 37.504}
candidate-1   | /opt/project-venv/lib/python3.12/site-packages/sklearn/utils/validation.py:2749: UserWarning: X does not have valid feature names, but LGBMRegressor was fitted with feature names
candidate-1   |   warnings.warn(
candidate-1   | /opt/project-venv/lib/python3.12/site-packages/sklearn/utils/validation.py:2749: UserWarning: X does not have valid feature names, but LGBMRegressor was fitted with feature names
candidate-1   |   warnings.warn(
candidate-1   | {"timestamp": "2026-10-01T19:02:01Z", "event": "http_request", "request_id": "60095f2c59ae457eb596b6e40177a5fe", "method": "POST", "route": "/predict", "status": 200, "latency_ms": 34.613}
candidate-1   | /opt/project-venv/lib/python3.12/site-packages/sklearn/utils/validation.py:2749: UserWarning: X does not have valid feature names, but LGBMRegressor was fitted with feature names
candidate-1   |   warnings.warn(
candidate-1   | {"timestamp": "2026-10-01T19:02:01Z", "event": "http_request", "request_id": "68fb47a9eaa44b09b2673c59168f385a", "method": "POST", "route": "/predict", "status": 200, "latency_ms": 31.109}
candidate-1   | /opt/project-venv/lib/python3.12/site-packages/sklearn/utils/validation.py:2749: UserWarning: X does not have valid feature names, but LGBMRegressor was fitted with feature names
candidate-1   |   warnings.warn(
candidate-1   | {"timestamp": "2026-10-01T19:02:01Z", "event": "http_request", "request_id": "900f1cf488504894848b760bbc3e8fee", "method": "POST", "route": "/predict", "status": 200, "latency_ms": 28.951}
candidate-1   | {"timestamp": "2026-10-01T19:02:01Z", "event": "http_request", "request_id": "c98f7e8506c046e9a86af15629d43c9f", "method": "POST", "route": "/predict", "status": 200, "latency_ms": 29.327}
candidate-1   | {"timestamp": "2026-10-01T19:02:01Z", "event": "http_request", "request_id": "641ff30dd0d84a158872966c022e23ce", "method": "POST", "route": "/predict", "status": 200, "latency_ms": 15.0}
candidate-1   | {"timestamp": "2026-10-01T19:02:01Z", "event": "http_request", "request_id": "ed7acc0d707c4b2591b6555a6f20a38b", "method": "POST", "route": "/predict", "status": 200, "latency_ms": 22.238}
candidate-1   | {"timestamp": "2026-10-01T19:02:01Z", "event": "http_request", "request_id": "e9cb2e9f916047939358903d8c3bd782", "method": "POST", "route": "/predict", "status": 200, "latency_ms": 17.657}
candidate-1   | /opt/project-venv/lib/python3.12/site-packages/sklearn/utils/validation.py:2749: UserWarning: X does not have valid feature names, but LGBMRegressor was fitted with feature names
candidate-1   |   warnings.warn(
candidate-1   | /opt/project-venv/lib/python3.12/site-packages/sklearn/utils/validation.py:2749: UserWarning: X does not have valid feature names, but LGBMRegressor was fitted with feature names
candidate-1   |   warnings.warn(
candidate-1   | {"timestamp": "2026-10-01T19:02:01Z", "event": "http_request", "request_id": "689e3fa8657c4fc2905950045ac67f0b", "method": "POST", "route": "/predict", "status": 200, "latency_ms": 27.01}
candidate-1   | /opt/project-venv/lib/python3.12/site-packages/sklearn/utils/validation.py:2749: UserWarning: X does not have valid feature names, but LGBMRegressor was fitted with feature names
candidate-1   |   warnings.warn(
candidate-1   | {"timestamp": "2026-10-01T19:02:01Z", "event": "http_request", "request_id": "e57ed428973e44e99860567b449cab08", "method": "POST", "route": "/predict", "status": 200, "latency_ms": 19.344}
candidate-1   | /opt/project-venv/lib/python3.12/site-packages/sklearn/utils/validation.py:2749: UserWarning: X does not have valid feature names, but LGBMRegressor was fitted with feature names
candidate-1   |   warnings.warn(
candidate-1   | {"timestamp": "2026-10-01T19:02:01Z", "event": "http_request", "request_id": "a95a2b1a5259424db5e035f15ea0b204", "method": "POST", "route": "/predict", "status": 200, "latency_ms": 20.639}
candidate-1   | {"timestamp": "2026-10-01T19:02:01Z", "event": "http_request", "request_id": "78db053c5144432597359eaf153a8410", "method": "POST", "route": "/predict", "status": 200, "latency_ms": 18.995}
candidate-1   | /opt/project-venv/lib/python3.12/site-packages/sklearn/utils/validation.py:2749: UserWarning: X does not have valid feature names, but LGBMRegressor was fitted with feature names
candidate-1   |   warnings.warn(
candidate-1   | /opt/project-venv/lib/python3.12/site-packages/sklearn/utils/validation.py:2749: UserWarning: X does not have valid feature names, but LGBMRegressor was fitted with feature names
candidate-1   |   warnings.warn(
candidate-1   | {"timestamp": "2026-10-01T19:02:01Z", "event": "http_request", "request_id": "4218713a1ab04ec2a049606fda9b3579", "method": "POST", "route": "/predict", "status": 200, "latency_ms": 20.636}
candidate-1   | {"timestamp": "2026-10-01T19:02:01Z", "event": "http_request", "request_id": "245943c106a54f89a43d16cf03d7ef7a", "method": "POST", "route": "/predict", "status": 200, "latency_ms": 17.166}
candidate-1   | /opt/project-venv/lib/python3.12/site-packages/sklearn/utils/validation.py:2749: UserWarning: X does not have valid feature names, but LGBMRegressor was fitted with feature names
candidate-1   |   warnings.warn(
candidate-1   | {"timestamp": "2026-10-01T19:02:01Z", "event": "http_request", "request_id": "fae4faef134542cbb84e9d5c2989f7da", "method": "POST", "route": "/predict", "status": 200, "latency_ms": 18.287}
candidate-1   | /opt/project-venv/lib/python3.12/site-packages/sklearn/utils/validation.py:2749: UserWarning: X does not have valid feature names, but LGBMRegressor was fitted with feature names
candidate-1   |   warnings.warn(
candidate-1   | /opt/project-venv/lib/python3.12/site-packages/sklearn/utils/validation.py:2749: UserWarning: X does not have valid feature names, but LGBMRegressor was fitted with feature names
candidate-1   |   warnings.warn(
candidate-1   | {"timestamp": "2026-10-01T19:02:01Z", "event": "http_request", "request_id": "7154506348f449e7a772f9a07e4a9624", "method": "POST", "route": "/predict", "status": 200, "latency_ms": 22.915}
candidate-1   | /opt/project-venv/lib/python3.12/site-packages/sklearn/utils/validation.py:2749: UserWarning: X does not have valid feature names, but LGBMRegressor was fitted with feature names
candidate-1   |   warnings.warn(
candidate-1   | /opt/project-venv/lib/python3.12/site-packages/sklearn/utils/validation.py:2749: UserWarning: X does not have valid feature names, but LGBMRegressor was fitted with feature names
candidate-1   |   warnings.warn(
candidate-1   | {"timestamp": "2026-10-01T19:02:01Z", "event": "http_request", "request_id": "872e7d4efb0346348a3ed9a9dd46e183", "method": "POST", "route": "/predict", "status": 200, "latency_ms": 26.855}
candidate-1   | /opt/project-venv/lib/python3.12/site-packages/sklearn/utils/validation.py:2749: UserWarning: X does not have valid feature names, but LGBMRegressor was fitted with feature names
candidate-1   |   warnings.warn(
candidate-1   | /opt/project-venv/lib/python3.12/site-packages/sklearn/utils/validation.py:2749: UserWarning: X does not have valid feature names, but LGBMRegressor was fitted with feature names
candidate-1   |   warnings.warn(
candidate-1   | {"timestamp": "2026-10-01T19:02:01Z", "event": "http_request", "request_id": "88ac7645fea14729921ac8ed6a9e5261", "method": "POST", "route": "/predict", "status": 200, "latency_ms": 28.414}
candidate-1   | /opt/project-venv/lib/python3.12/site-packages/sklearn/utils/validation.py:2749: UserWarning: X does not have valid feature names, but LGBMRegressor was fitted with feature names
candidate-1   |   warnings.warn(
candidate-1   | {"timestamp": "2026-10-01T19:02:01Z", "event": "http_request", "request_id": "01337006777c402696f03db8d594c4a2", "method": "POST", "route": "/predict", "status": 200, "latency_ms": 28.832}
candidate-1   | {"timestamp": "2026-10-01T19:02:01Z", "event": "http_request", "request_id": "bc64f95fc3c24608b2011dd577afb373", "method": "POST", "route": "/predict", "status": 200, "latency_ms": 27.205}
candidate-1   | {"timestamp": "2026-10-01T19:02:01Z", "event": "http_request", "request_id": "59cbd8591da647d7981d7053f22f0c91", "method": "POST", "route": "/predict", "status": 200, "latency_ms": 23.519}
candidate-1   | /opt/project-venv/lib/python3.12/site-packages/sklearn/utils/validation.py:2749: UserWarning: X does not have valid feature names, but LGBMRegressor was fitted with feature names
candidate-1   |   warnings.warn(
candidate-1   | /opt/project-venv/lib/python3.12/site-packages/sklearn/utils/validation.py:2749: UserWarning: X does not have valid feature names, but LGBMRegressor was fitted with feature names
candidate-1   |   warnings.warn(
candidate-1   | /opt/project-venv/lib/python3.12/site-packages/sklearn/utils/validation.py:2749: UserWarning: X does not have valid feature names, but LGBMRegressor was fitted with feature names
candidate-1   |   warnings.warn(
candidate-1   | /opt/project-venv/lib/python3.12/site-packages/sklearn/utils/validation.py:2749: UserWarning: X does not have valid feature names, but LGBMRegressor was fitted with feature names
candidate-1   |   warnings.warn(
candidate-1   | {"timestamp": "2026-10-01T19:02:01Z", "event": "http_request", "request_id": "03ace5d8adbb41498bc7a0bc63cad165", "method": "POST", "route": "/predict", "status": 200, "latency_ms": 29.388}
candidate-1   | {"timestamp": "2026-10-01T19:02:01Z", "event": "http_request", "request_id": "5e179e0b8b5740eca7c6f900065d12b6", "method": "POST", "route": "/predict", "status": 200, "latency_ms": 29.682}
candidate-1   | {"timestamp": "2026-10-01T19:02:01Z", "event": "http_request", "request_id": "4721fe47afe84731a10cc3466b20a81f", "method": "POST", "route": "/predict", "status": 200, "latency_ms": 25.227}
candidate-1   | {"timestamp": "2026-10-01T19:02:01Z", "event": "http_request", "request_id": "22619d4b847e465fb8e6c0f848318009", "method": "POST", "route": "/predict", "status": 200, "latency_ms": 25.635}
candidate-1   | {"timestamp": "2026-10-01T19:02:01Z", "event": "http_request", "request_id": "46a1c844f75f4f94a8bd3358bc6e8b23", "method": "POST", "route": "/predict", "status": 200, "latency_ms": 17.593}
candidate-1   | /opt/project-venv/lib/python3.12/site-packages/sklearn/utils/validation.py:2749: UserWarning: X does not have valid feature names, but LGBMRegressor was fitted with feature names
candidate-1   |   warnings.warn(
candidate-1   | /opt/project-venv/lib/python3.12/site-packages/sklearn/utils/validation.py:2749: UserWarning: X does not have valid feature names, but LGBMRegressor was fitted with feature names
candidate-1   |   warnings.warn(
candidate-1   | {"timestamp": "2026-10-01T19:02:01Z", "event": "http_request", "request_id": "0f64754613ad410ab34f94b7a6f3516f", "method": "POST", "route": "/predict", "status": 200, "latency_ms": 22.71}
candidate-1   | /opt/project-venv/lib/python3.12/site-packages/sklearn/utils/validation.py:2749: UserWarning: X does not have valid feature names, but LGBMRegressor was fitted with feature names
candidate-1   |   warnings.warn(
candidate-1   | /opt/project-venv/lib/python3.12/site-packages/sklearn/utils/validation.py:2749: UserWarning: X does not have valid feature names, but LGBMRegressor was fitted with feature names
candidate-1   |   warnings.warn(
candidate-1   | {"timestamp": "2026-10-01T19:02:01Z", "event": "http_request", "request_id": "9f88f55cadb0466b96048af84a280e05", "method": "POST", "route": "/predict", "status": 200, "latency_ms": 16.848}
candidate-1   | {"timestamp": "2026-10-01T19:02:01Z", "event": "http_request", "request_id": "54f4a440cb3a4213bac1b72ec9ab16ff", "method": "POST", "route": "/predict", "status": 200, "latency_ms": 17.166}
candidate-1   | /opt/project-venv/lib/python3.12/site-packages/sklearn/utils/validation.py:2749: UserWarning: X does not have valid feature names, but LGBMRegressor was fitted with feature names
candidate-1   |   warnings.warn(
candidate-1   | /opt/project-venv/lib/python3.12/site-packages/sklearn/utils/validation.py:2749: UserWarning: X does not have valid feature names, but LGBMRegressor was fitted with feature names
candidate-1   |   warnings.warn(
candidate-1   | {"timestamp": "2026-10-01T19:02:01Z", "event": "http_request", "request_id": "54f52813a3f841ad99298aa897882a21", "method": "POST", "route": "/predict", "status": 200, "latency_ms": 21.395}
candidate-1   | {"timestamp": "2026-10-01T19:02:01Z", "event": "http_request", "request_id": "deb91201c6724aad9851cec500b12498", "method": "POST", "route": "/predict", "status": 200, "latency_ms": 23.162}
candidate-1   | /opt/project-venv/lib/python3.12/site-packages/sklearn/utils/validation.py:2749: UserWarning: X does not have valid feature names, but LGBMRegressor was fitted with feature names
candidate-1   |   warnings.warn(
candidate-1   | {"timestamp": "2026-10-01T19:02:01Z", "event": "http_request", "request_id": "5e5871ab26bf43518b2ea4763327457f", "method": "POST", "route": "/predict", "status": 200, "latency_ms": 21.23}
candidate-1   | /opt/project-venv/lib/python3.12/site-packages/sklearn/utils/validation.py:2749: UserWarning: X does not have valid feature names, but LGBMRegressor was fitted with feature names
candidate-1   |   warnings.warn(
candidate-1   | {"timestamp": "2026-10-01T19:02:01Z", "event": "http_request", "request_id": "b6668bf3d26d4c3fbd928a8e0c21012f", "method": "POST", "route": "/predict", "status": 200, "latency_ms": 20.26}
candidate-1   | /opt/project-venv/lib/python3.12/site-packages/sklearn/utils/validation.py:2749: UserWarning: X does not have valid feature names, but LGBMRegressor was fitted with feature names
candidate-1   |   warnings.warn(
candidate-1   | {"timestamp": "2026-10-01T19:02:01Z", "event": "http_request", "request_id": "006711f42aca4ba692239d4052f1cb10", "method": "POST", "route": "/predict", "status": 200, "latency_ms": 21.259}
candidate-1   | {"timestamp": "2026-10-01T19:02:01Z", "event": "http_request", "request_id": "e60f49c2d06f4a80af9e48ee73ccfe4d", "method": "POST", "route": "/predict", "status": 200, "latency_ms": 21.504}
candidate-1   | /opt/project-venv/lib/python3.12/site-packages/sklearn/utils/validation.py:2749: UserWarning: X does not have valid feature names, but LGBMRegressor was fitted with feature names
candidate-1   |   warnings.warn(
candidate-1   | {"timestamp": "2026-10-01T19:02:01Z", "event": "http_request", "request_id": "4e18144cfbe54773a71fceef5f08aa5c", "method": "POST", "route": "/predict", "status": 200, "latency_ms": 24.843}
candidate-1   | /opt/project-venv/lib/python3.12/site-packages/sklearn/utils/validation.py:2749: UserWarning: X does not have valid feature names, but LGBMRegressor was fitted with feature names
candidate-1   |   warnings.warn(
candidate-1   | /opt/project-venv/lib/python3.12/site-packages/sklearn/utils/validation.py:2749: UserWarning: X does not have valid feature names, but LGBMRegressor was fitted with feature names
candidate-1   |   warnings.warn(
candidate-1   | {"timestamp": "2026-10-01T19:02:01Z", "event": "http_request", "request_id": "d4c2974bac69459fb1453fb2a7a549de", "method": "POST", "route": "/predict", "status": 200, "latency_ms": 26.253}
candidate-1   | /opt/project-venv/lib/python3.12/site-packages/sklearn/utils/validation.py:2749: UserWarning: X does not have valid feature names, but LGBMRegressor was fitted with feature names
candidate-1   |   warnings.warn(
candidate-1   | {"timestamp": "2026-10-01T19:02:01Z", "event": "http_request", "request_id": "7651c18ad20948d98f361908446a461b", "method": "POST", "route": "/predict", "status": 200, "latency_ms": 25.078}
candidate-1   | {"timestamp": "2026-10-01T19:02:01Z", "event": "http_request", "request_id": "f337d76e5897415c9a3ecf7c92ebb6d4", "method": "POST", "route": "/predict", "status": 200, "latency_ms": 24.112}
candidate-1   | /opt/project-venv/lib/python3.12/site-packages/sklearn/utils/validation.py:2749: UserWarning: X does not have valid feature names, but LGBMRegressor was fitted with feature names
candidate-1   |   warnings.warn(
candidate-1   | /opt/project-venv/lib/python3.12/site-packages/sklearn/utils/validation.py:2749: UserWarning: X does not have valid feature names, but LGBMRegressor was fitted with feature names
candidate-1   |   warnings.warn(
candidate-1   | {"timestamp": "2026-10-01T19:02:01Z", "event": "http_request", "request_id": "212532aca411492494e85165ef2a778f", "method": "POST", "route": "/predict", "status": 200, "latency_ms": 24.489}
candidate-1   | {"timestamp": "2026-10-01T19:02:01Z", "event": "http_request", "request_id": "5b0a969b5bc447babea4d08aa2b65b10", "method": "POST", "route": "/predict", "status": 200, "latency_ms": 20.689}
candidate-1   | /opt/project-venv/lib/python3.12/site-packages/sklearn/utils/validation.py:2749: UserWarning: X does not have valid feature names, but LGBMRegressor was fitted with feature names
candidate-1   |   warnings.warn(
candidate-1   | /opt/project-venv/lib/python3.12/site-packages/sklearn/utils/validation.py:2749: UserWarning: X does not have valid feature names, but LGBMRegressor was fitted with feature names
candidate-1   |   warnings.warn(
candidate-1   | {"timestamp": "2026-10-01T19:02:01Z", "event": "http_request", "request_id": "cd9308a8dd3e432392b38c185ad62ab4", "method": "POST", "route": "/predict", "status": 200, "latency_ms": 28.742}
candidate-1   | /opt/project-venv/lib/python3.12/site-packages/sklearn/utils/validation.py:2749: UserWarning: X does not have valid feature names, but LGBMRegressor was fitted with feature names
candidate-1   |   warnings.warn(
candidate-1   | {"timestamp": "2026-10-01T19:02:01Z", "event": "http_request", "request_id": "ad8af275b10d401d90a603e50fe7b135", "method": "POST", "route": "/predict", "status": 200, "latency_ms": 20.84}
candidate-1   | /opt/project-venv/lib/python3.12/site-packages/sklearn/utils/validation.py:2749: UserWarning: X does not have valid feature names, but LGBMRegressor was fitted with feature names
candidate-1   |   warnings.warn(
candidate-1   | /opt/project-venv/lib/python3.12/site-packages/sklearn/utils/validation.py:2749: UserWarning: X does not have valid feature names, but LGBMRegressor was fitted with feature names
candidate-1   |   warnings.warn(
candidate-1   | {"timestamp": "2026-10-01T19:02:01Z", "event": "http_request", "request_id": "344208e28f9341888daf3450349af922", "method": "POST", "route": "/predict", "status": 200, "latency_ms": 30.049}
candidate-1   | /opt/project-venv/lib/python3.12/site-packages/sklearn/utils/validation.py:2749: UserWarning: X does not have valid feature names, but LGBMRegressor was fitted with feature names
candidate-1   |   warnings.warn(
candidate-1   | /opt/project-venv/lib/python3.12/site-packages/sklearn/utils/validation.py:2749: UserWarning: X does not have valid feature names, but LGBMRegressor was fitted with feature names
candidate-1   |   warnings.warn(
candidate-1   | {"timestamp": "2026-10-01T19:02:01Z", "event": "http_request", "request_id": "cd0f051c1fad439da95a83103afc69ad", "method": "POST", "route": "/predict", "status": 200, "latency_ms": 34.186}
candidate-1   | {"timestamp": "2026-10-01T19:02:01Z", "event": "http_request", "request_id": "3b8fb90be2504ca2ade44824028c9c12", "method": "POST", "route": "/predict", "status": 200, "latency_ms": 32.429}
candidate-1   | {"timestamp": "2026-10-01T19:02:01Z", "event": "http_request", "request_id": "9f530258a89e4236a0058ee5a89a16ad", "method": "POST", "route": "/predict", "status": 200, "latency_ms": 22.254}
candidate-1   | /opt/project-venv/lib/python3.12/site-packages/sklearn/utils/validation.py:2749: UserWarning: X does not have valid feature names, but LGBMRegressor was fitted with feature names
candidate-1   |   warnings.warn(
candidate-1   | {"timestamp": "2026-10-01T19:02:01Z", "event": "http_request", "request_id": "9c51c92535fa4cf99e050253ea3d1142", "method": "POST", "route": "/predict", "status": 200, "latency_ms": 25.307}
candidate-1   | /opt/project-venv/lib/python3.12/site-packages/sklearn/utils/validation.py:2749: UserWarning: X does not have valid feature names, but LGBMRegressor was fitted with feature names
candidate-1   |   warnings.warn(
candidate-1   | /opt/project-venv/lib/python3.12/site-packages/sklearn/utils/validation.py:2749: UserWarning: X does not have valid feature names, but LGBMRegressor was fitted with feature names
candidate-1   |   warnings.warn(
candidate-1   | {"timestamp": "2026-10-01T19:02:01Z", "event": "http_request", "request_id": "693770698a634f03afd75ed9b01a126b", "method": "POST", "route": "/predict", "status": 200, "latency_ms": 27.624}
candidate-1   | /opt/project-venv/lib/python3.12/site-packages/sklearn/utils/validation.py:2749: UserWarning: X does not have valid feature names, but LGBMRegressor was fitted with feature names
candidate-1   |   warnings.warn(
candidate-1   | {"timestamp": "2026-10-01T19:02:01Z", "event": "http_request", "request_id": "f6106f1e89284844a6bd28208a3f5940", "method": "POST", "route": "/predict", "status": 200, "latency_ms": 27.125}
candidate-1   | /opt/project-venv/lib/python3.12/site-packages/sklearn/utils/validation.py:2749: UserWarning: X does not have valid feature names, but LGBMRegressor was fitted with feature names
candidate-1   |   warnings.warn(
candidate-1   | {"timestamp": "2026-10-01T19:02:01Z", "event": "http_request", "request_id": "38e8d0a1262f48519087da516fc595ee", "method": "POST", "route": "/predict", "status": 200, "latency_ms": 30.062}
candidate-1   | {"timestamp": "2026-10-01T19:02:01Z", "event": "http_request", "request_id": "3bb08afa6e464371b42b31a2b012d3c1", "method": "POST", "route": "/predict", "status": 200, "latency_ms": 23.306}
candidate-1   | /opt/project-venv/lib/python3.12/site-packages/sklearn/utils/validation.py:2749: UserWarning: X does not have valid feature names, but LGBMRegressor was fitted with feature names
candidate-1   |   warnings.warn(
candidate-1   | /opt/project-venv/lib/python3.12/site-packages/sklearn/utils/validation.py:2749: UserWarning: X does not have valid feature names, but LGBMRegressor was fitted with feature names
candidate-1   |   warnings.warn(
candidate-1   | {"timestamp": "2026-10-01T19:02:01Z", "event": "http_request", "request_id": "d3629b940cee4265958e10ea63673e61", "method": "POST", "route": "/predict", "status": 200, "latency_ms": 26.925}
candidate-1   | {"timestamp": "2026-10-01T19:02:01Z", "event": "http_request", "request_id": "25104079f9474ea6b613531bf83f32ea", "method": "POST", "route": "/predict", "status": 200, "latency_ms": 23.078}
candidate-1   | /opt/project-venv/lib/python3.12/site-packages/sklearn/utils/validation.py:2749: UserWarning: X does not have valid feature names, but LGBMRegressor was fitted with feature names
candidate-1   |   warnings.warn(
candidate-1   | {"timestamp": "2026-10-01T19:02:01Z", "event": "http_request", "request_id": "0780fb8136d940edaa371efcdd141a7d", "method": "POST", "route": "/predict", "status": 200, "latency_ms": 20.949}
candidate-1   | {"timestamp": "2026-10-01T19:02:01Z", "event": "http_request", "request_id": "ab32a45194d844f79122f9e3300cf4a3", "method": "POST", "route": "/predict", "status": 200, "latency_ms": 20.389}
candidate-1   | {"timestamp": "2026-10-01T19:02:01Z", "event": "http_request", "request_id": "ac7d78732c9a490d8ab96df969e8e70b", "method": "POST", "route": "/predict", "status": 200, "latency_ms": 20.508}
candidate-1   | /opt/project-venv/lib/python3.12/site-packages/sklearn/utils/validation.py:2749: UserWarning: X does not have valid feature names, but LGBMRegressor was fitted with feature names
candidate-1   |   warnings.warn(
candidate-1   | /opt/project-venv/lib/python3.12/site-packages/sklearn/utils/validation.py:2749: UserWarning: X does not have valid feature names, but LGBMRegressor was fitted with feature names
candidate-1   |   warnings.warn(
candidate-1   | {"timestamp": "2026-10-01T19:02:01Z", "event": "http_request", "request_id": "b616ac66dc444d3d9f6090b8f8830b9a", "method": "POST", "route": "/predict", "status": 200, "latency_ms": 23.846}
candidate-1   | {"timestamp": "2026-10-01T19:02:01Z", "event": "http_request", "request_id": "fe1974c43d564fddb5c47ec61469ba81", "method": "POST", "route": "/predict", "status": 200, "latency_ms": 22.473}
candidate-1   | /opt/project-venv/lib/python3.12/site-packages/sklearn/utils/validation.py:2749: UserWarning: X does not have valid feature names, but LGBMRegressor was fitted with feature names
candidate-1   |   warnings.warn(
candidate-1   | /opt/project-venv/lib/python3.12/site-packages/sklearn/utils/validation.py:2749: UserWarning: X does not have valid feature names, but LGBMRegressor was fitted with feature names
candidate-1   |   warnings.warn(
candidate-1   | /opt/project-venv/lib/python3.12/site-packages/sklearn/utils/validation.py:2749: UserWarning: X does not have valid feature names, but LGBMRegressor was fitted with feature names
candidate-1   |   warnings.warn(
candidate-1   | {"timestamp": "2026-10-01T19:02:01Z", "event": "http_request", "request_id": "fa0fd93a031547b5bcf3659fefd76a13", "method": "POST", "route": "/predict", "status": 200, "latency_ms": 24.022}
candidate-1   | /opt/project-venv/lib/python3.12/site-packages/sklearn/utils/validation.py:2749: UserWarning: X does not have valid feature names, but LGBMRegressor was fitted with feature names
candidate-1   |   warnings.warn(
candidate-1   | {"timestamp": "2026-10-01T19:02:01Z", "event": "http_request", "request_id": "d7df6ab806fb4b61a49a9bb24ab1a2a0", "method": "POST", "route": "/predict", "status": 200, "latency_ms": 23.746}
candidate-1   | /opt/project-venv/lib/python3.12/site-packages/sklearn/utils/validation.py:2749: UserWarning: X does not have valid feature names, but LGBMRegressor was fitted with feature names
candidate-1   |   warnings.warn(
candidate-1   | {"timestamp": "2026-10-01T19:02:01Z", "event": "http_request", "request_id": "37736408b3464565b994f610d5a5be89", "method": "POST", "route": "/predict", "status": 200, "latency_ms": 22.899}
candidate-1   | /opt/project-venv/lib/python3.12/site-packages/sklearn/utils/validation.py:2749: UserWarning: X does not have valid feature names, but LGBMRegressor was fitted with feature names
candidate-1   |   warnings.warn(
candidate-1   | {"timestamp": "2026-10-01T19:02:01Z", "event": "http_request", "request_id": "a92d15ec962e46a382f4ace97e3f146f", "method": "POST", "route": "/predict", "status": 200, "latency_ms": 30.789}
candidate-1   | /opt/project-venv/lib/python3.12/site-packages/sklearn/utils/validation.py:2749: UserWarning: X does not have valid feature names, but LGBMRegressor was fitted with feature names
candidate-1   |   warnings.warn(
candidate-1   | {"timestamp": "2026-10-01T19:02:01Z", "event": "http_request", "request_id": "651759e3e2964fd5ade8ebd8bba01361", "method": "POST", "route": "/predict", "status": 200, "latency_ms": 28.856}
candidate-1   | /opt/project-venv/lib/python3.12/site-packages/sklearn/utils/validation.py:2749: UserWarning: X does not have valid feature names, but LGBMRegressor was fitted with feature names
candidate-1   |   warnings.warn(
candidate-1   | {"timestamp": "2026-10-01T19:02:01Z", "event": "http_request", "request_id": "d7b245b5ea6841fba57fa70482aff775", "method": "POST", "route": "/predict", "status": 200, "latency_ms": 27.416}
candidate-1   | /opt/project-venv/lib/python3.12/site-packages/sklearn/utils/validation.py:2749: UserWarning: X does not have valid feature names, but LGBMRegressor was fitted with feature names
candidate-1   |   warnings.warn(
candidate-1   | /opt/project-venv/lib/python3.12/site-packages/sklearn/utils/validation.py:2749: UserWarning: X does not have valid feature names, but LGBMRegressor was fitted with feature names
candidate-1   |   warnings.warn(
candidate-1   | {"timestamp": "2026-10-01T19:02:01Z", "event": "http_request", "request_id": "1d9ea3ef22b74c618a872e76a0073c86", "method": "POST", "route": "/predict", "status": 200, "latency_ms": 29.09}
candidate-1   | {"timestamp": "2026-10-01T19:02:01Z", "event": "http_request", "request_id": "305d5c1e2fb148d4a3563b6aa6ddef5d", "method": "POST", "route": "/predict", "status": 200, "latency_ms": 30.103}
candidate-1   | /opt/project-venv/lib/python3.12/site-packages/sklearn/utils/validation.py:2749: UserWarning: X does not have valid feature names, but LGBMRegressor was fitted with feature names
candidate-1   |   warnings.warn(
candidate-1   | {"timestamp": "2026-10-01T19:02:01Z", "event": "http_request", "request_id": "a2c87dc360a54151b743ebe03fafb1ba", "method": "POST", "route": "/predict", "status": 200, "latency_ms": 28.123}
candidate-1   | {"timestamp": "2026-10-01T19:02:01Z", "event": "http_request", "request_id": "c9291b4d43664fe593f4fa4e382e53a3", "method": "POST", "route": "/predict", "status": 200, "latency_ms": 28.073}
candidate-1   | /opt/project-venv/lib/python3.12/site-packages/sklearn/utils/validation.py:2749: UserWarning: X does not have valid feature names, but LGBMRegressor was fitted with feature names
candidate-1   |   warnings.warn(
candidate-1   | /opt/project-venv/lib/python3.12/site-packages/sklearn/utils/validation.py:2749: UserWarning: X does not have valid feature names, but LGBMRegressor was fitted with feature names
candidate-1   |   warnings.warn(
candidate-1   | {"timestamp": "2026-10-01T19:02:01Z", "event": "http_request", "request_id": "9c5393dbe46747959183626f4e6440d2", "method": "POST", "route": "/predict", "status": 200, "latency_ms": 25.615}
candidate-1   | {"timestamp": "2026-10-01T19:02:01Z", "event": "http_request", "request_id": "62ecf2587c21433abc37408fde6712af", "method": "POST", "route": "/predict", "status": 200, "latency_ms": 21.791}
candidate-1   | /opt/project-venv/lib/python3.12/site-packages/sklearn/utils/validation.py:2749: UserWarning: X does not have valid feature names, but LGBMRegressor was fitted with feature names
candidate-1   |   warnings.warn(
candidate-1   | {"timestamp": "2026-10-01T19:02:01Z", "event": "http_request", "request_id": "a21724e2a8e344cdb012d0e77594ad00", "method": "POST", "route": "/predict", "status": 200, "latency_ms": 25.07}
candidate-1   | /opt/project-venv/lib/python3.12/site-packages/sklearn/utils/validation.py:2749: UserWarning: X does not have valid feature names, but LGBMRegressor was fitted with feature names
candidate-1   |   warnings.warn(
candidate-1   | {"timestamp": "2026-10-01T19:02:01Z", "event": "http_request", "request_id": "de846afa4f4043b8b738d5ee256a8ab7", "method": "POST", "route": "/predict", "status": 200, "latency_ms": 26.652}
candidate-1   | {"timestamp": "2026-10-01T19:02:01Z", "event": "http_request", "request_id": "f80fbc1b05514f84b7b9f34d16c5718a", "method": "POST", "route": "/predict", "status": 200, "latency_ms": 21.698}
candidate-1   | /opt/project-venv/lib/python3.12/site-packages/sklearn/utils/validation.py:2749: UserWarning: X does not have valid feature names, but LGBMRegressor was fitted with feature names
candidate-1   |   warnings.warn(
candidate-1   | /opt/project-venv/lib/python3.12/site-packages/sklearn/utils/validation.py:2749: UserWarning: X does not have valid feature names, but LGBMRegressor was fitted with feature names
candidate-1   |   warnings.warn(
candidate-1   | {"timestamp": "2026-10-01T19:02:01Z", "event": "http_request", "request_id": "9e8bc2ee25d64aa0a0650713b48ca4ac", "method": "POST", "route": "/predict", "status": 200, "latency_ms": 24.564}
candidate-1   | {"timestamp": "2026-10-01T19:02:01Z", "event": "http_request", "request_id": "9d7aebe25e4a45a18c16ca38ba12e226", "method": "POST", "route": "/predict", "status": 200, "latency_ms": 21.647}
candidate-1   | /opt/project-venv/lib/python3.12/site-packages/sklearn/utils/validation.py:2749: UserWarning: X does not have valid feature names, but LGBMRegressor was fitted with feature names
candidate-1   |   warnings.warn(
candidate-1   | /opt/project-venv/lib/python3.12/site-packages/sklearn/utils/validation.py:2749: UserWarning: X does not have valid feature names, but LGBMRegressor was fitted with feature names
candidate-1   |   warnings.warn(
candidate-1   | /opt/project-venv/lib/python3.12/site-packages/sklearn/utils/validation.py:2749: UserWarning: X does not have valid feature names, but LGBMRegressor was fitted with feature names
candidate-1   |   warnings.warn(
candidate-1   | /opt/project-venv/lib/python3.12/site-packages/sklearn/utils/validation.py:2749: UserWarning: X does not have valid feature names, but LGBMRegressor was fitted with feature names
candidate-1   |   warnings.warn(
candidate-1   | {"timestamp": "2026-10-01T19:02:01Z", "event": "http_request", "request_id": "a7cf7e591fae48f98e2ea048b5e715ec", "method": "POST", "route": "/predict", "status": 200, "latency_ms": 28.246}
candidate-1   | /opt/project-venv/lib/python3.12/site-packages/sklearn/utils/validation.py:2749: UserWarning: X does not have valid feature names, but LGBMRegressor was fitted with feature names
candidate-1   |   warnings.warn(
candidate-1   | {"timestamp": "2026-10-01T19:02:01Z", "event": "http_request", "request_id": "e2ac78d8da2d441588ec392f5ad6dda4", "method": "POST", "route": "/predict", "status": 200, "latency_ms": 26.645}
candidate-1   | /opt/project-venv/lib/python3.12/site-packages/sklearn/utils/validation.py:2749: UserWarning: X does not have valid feature names, but LGBMRegressor was fitted with feature names
candidate-1   |   warnings.warn(
candidate-1   | {"timestamp": "2026-10-01T19:02:01Z", "event": "http_request", "request_id": "e7dacf7e08604f4a8551d0b6b4026a15", "method": "POST", "route": "/predict", "status": 200, "latency_ms": 31.064}
candidate-1   | {"timestamp": "2026-10-01T19:02:01Z", "event": "http_request", "request_id": "07c1ef17ebe74b28996ad9d51ab53e9c", "method": "POST", "route": "/predict", "status": 200, "latency_ms": 23.994}
candidate-1   | {"timestamp": "2026-10-01T19:02:01Z", "event": "http_request", "request_id": "6494b01db79648bb933b31da3983bbf2", "method": "POST", "route": "/predict", "status": 200, "latency_ms": 24.909}
candidate-1   | /opt/project-venv/lib/python3.12/site-packages/sklearn/utils/validation.py:2749: UserWarning: X does not have valid feature names, but LGBMRegressor was fitted with feature names
candidate-1   |   warnings.warn(
candidate-1   | /opt/project-venv/lib/python3.12/site-packages/sklearn/utils/validation.py:2749: UserWarning: X does not have valid feature names, but LGBMRegressor was fitted with feature names
candidate-1   |   warnings.warn(
candidate-1   | /opt/project-venv/lib/python3.12/site-packages/sklearn/utils/validation.py:2749: UserWarning: X does not have valid feature names, but LGBMRegressor was fitted with feature names
candidate-1   |   warnings.warn(
candidate-1   | {"timestamp": "2026-10-01T19:02:01Z", "event": "http_request", "request_id": "84116ffe5f1e4816a092f831b097f9ea", "method": "POST", "route": "/predict", "status": 200, "latency_ms": 30.624}
candidate-1   | /opt/project-venv/lib/python3.12/site-packages/sklearn/utils/validation.py:2749: UserWarning: X does not have valid feature names, but LGBMRegressor was fitted with feature names
candidate-1   |   warnings.warn(
candidate-1   | {"timestamp": "2026-10-01T19:02:01Z", "event": "http_request", "request_id": "c7785fc9c34e4d03806500dfb4ea3024", "method": "POST", "route": "/predict", "status": 200, "latency_ms": 29.988}
candidate-1   | /opt/project-venv/lib/python3.12/site-packages/sklearn/utils/validation.py:2749: UserWarning: X does not have valid feature names, but LGBMRegressor was fitted with feature names
candidate-1   |   warnings.warn(
candidate-1   | {"timestamp": "2026-10-01T19:02:01Z", "event": "http_request", "request_id": "05e391ddffae4320a79dae2c77c05210", "method": "POST", "route": "/predict", "status": 200, "latency_ms": 26.118}
candidate-1   | {"timestamp": "2026-10-01T19:02:01Z", "event": "http_request", "request_id": "c3470f8e32c94cd8a034b0b8c2740d7a", "method": "POST", "route": "/predict", "status": 200, "latency_ms": 30.263}
candidate-1   | {"timestamp": "2026-10-01T19:02:01Z", "event": "http_request", "request_id": "0c5c2ee386274f7284cabf417d095f48", "method": "POST", "route": "/predict", "status": 200, "latency_ms": 23.811}
candidate-1   | /opt/project-venv/lib/python3.12/site-packages/sklearn/utils/validation.py:2749: UserWarning: X does not have valid feature names, but LGBMRegressor was fitted with feature names
candidate-1   |   warnings.warn(
candidate-1   | {"timestamp": "2026-10-01T19:02:01Z", "event": "http_request", "request_id": "6bc6b7c653094df6bc10c89facb2a2f9", "method": "POST", "route": "/predict", "status": 200, "latency_ms": 19.693}
candidate-1   | /opt/project-venv/lib/python3.12/site-packages/sklearn/utils/validation.py:2749: UserWarning: X does not have valid feature names, but LGBMRegressor was fitted with feature names
candidate-1   |   warnings.warn(
candidate-1   | /opt/project-venv/lib/python3.12/site-packages/sklearn/utils/validation.py:2749: UserWarning: X does not have valid feature names, but LGBMRegressor was fitted with feature names
candidate-1   |   warnings.warn(
candidate-1   | {"timestamp": "2026-10-01T19:02:01Z", "event": "http_request", "request_id": "189d28f82d07476bbe12cd811fccf930", "method": "POST", "route": "/predict", "status": 200, "latency_ms": 24.117}
candidate-1   | /opt/project-venv/lib/python3.12/site-packages/sklearn/utils/validation.py:2749: UserWarning: X does not have valid feature names, but LGBMRegressor was fitted with feature names
candidate-1   |   warnings.warn(
candidate-1   | {"timestamp": "2026-10-01T19:02:01Z", "event": "http_request", "request_id": "ec1915d2cfd5468e8dd3e9cc68d85706", "method": "POST", "route": "/predict", "status": 200, "latency_ms": 21.685}
candidate-1   | /opt/project-venv/lib/python3.12/site-packages/sklearn/utils/validation.py:2749: UserWarning: X does not have valid feature names, but LGBMRegressor was fitted with feature names
candidate-1   |   warnings.warn(
candidate-1   | {"timestamp": "2026-10-01T19:02:01Z", "event": "http_request", "request_id": "e686df62cecc4a85b4a9bcdd229361cb", "method": "POST", "route": "/predict", "status": 200, "latency_ms": 23.569}
candidate-1   | {"timestamp": "2026-10-01T19:02:01Z", "event": "http_request", "request_id": "8342413b901e44ff8cf9635c43d7d2de", "method": "POST", "route": "/predict", "status": 200, "latency_ms": 24.301}
candidate-1   | /opt/project-venv/lib/python3.12/site-packages/sklearn/utils/validation.py:2749: UserWarning: X does not have valid feature names, but LGBMRegressor was fitted with feature names
candidate-1   |   warnings.warn(
candidate-1   | {"timestamp": "2026-10-01T19:02:01Z", "event": "http_request", "request_id": "7d60aa46aafd4d0b9d6c40f4e7bd99c0", "method": "POST", "route": "/predict", "status": 200, "latency_ms": 22.568}
candidate-1   | /opt/project-venv/lib/python3.12/site-packages/sklearn/utils/validation.py:2749: UserWarning: X does not have valid feature names, but LGBMRegressor was fitted with feature names
candidate-1   |   warnings.warn(
candidate-1   | /opt/project-venv/lib/python3.12/site-packages/sklearn/utils/validation.py:2749: UserWarning: X does not have valid feature names, but LGBMRegressor was fitted with feature names
candidate-1   |   warnings.warn(
candidate-1   | {"timestamp": "2026-10-01T19:02:01Z", "event": "http_request", "request_id": "bd02d9f946d54bd1af8bb05529d720f6", "method": "POST", "route": "/predict", "status": 200, "latency_ms": 16.189}
candidate-1   | {"timestamp": "2026-10-01T19:02:01Z", "event": "http_request", "request_id": "afa6067e04fd473092e7908193c0afde", "method": "POST", "route": "/predict", "status": 200, "latency_ms": 20.554}
candidate-1   | /opt/project-venv/lib/python3.12/site-packages/sklearn/utils/validation.py:2749: UserWarning: X does not have valid feature names, but LGBMRegressor was fitted with feature names
candidate-1   |   warnings.warn(
candidate-1   | {"timestamp": "2026-10-01T19:02:01Z", "event": "http_request", "request_id": "33d1dbeea35741deb1abc72210b50f12", "method": "POST", "route": "/predict", "status": 200, "latency_ms": 19.447}
candidate-1   | /opt/project-venv/lib/python3.12/site-packages/sklearn/utils/validation.py:2749: UserWarning: X does not have valid feature names, but LGBMRegressor was fitted with feature names
candidate-1   |   warnings.warn(
candidate-1   | {"timestamp": "2026-10-01T19:02:01Z", "event": "http_request", "request_id": "c1524e98621646738118262166b9fb0d", "method": "POST", "route": "/predict", "status": 200, "latency_ms": 23.137}
candidate-1   | /opt/project-venv/lib/python3.12/site-packages/sklearn/utils/validation.py:2749: UserWarning: X does not have valid feature names, but LGBMRegressor was fitted with feature names
candidate-1   |   warnings.warn(
candidate-1   | {"timestamp": "2026-10-01T19:02:01Z", "event": "http_request", "request_id": "1f66acce371443718cfae8b9c976e538", "method": "POST", "route": "/predict", "status": 200, "latency_ms": 29.24}
candidate-1   | {"timestamp": "2026-10-01T19:02:01Z", "event": "http_request", "request_id": "efbbaa3b12e4445bae58cfc5b71dc0b1", "method": "POST", "route": "/predict", "status": 200, "latency_ms": 23.629}
candidate-1   | /opt/project-venv/lib/python3.12/site-packages/sklearn/utils/validation.py:2749: UserWarning: X does not have valid feature names, but LGBMRegressor was fitted with feature names
candidate-1   |   warnings.warn(
candidate-1   | /opt/project-venv/lib/python3.12/site-packages/sklearn/utils/validation.py:2749: UserWarning: X does not have valid feature names, but LGBMRegressor was fitted with feature names
candidate-1   |   warnings.warn(
candidate-1   | /opt/project-venv/lib/python3.12/site-packages/sklearn/utils/validation.py:2749: UserWarning: X does not have valid feature names, but LGBMRegressor was fitted with feature names
candidate-1   |   warnings.warn(
candidate-1   | {"timestamp": "2026-10-01T19:02:01Z", "event": "http_request", "request_id": "f5d69c324ee047cb8e931aaae78f14a2", "method": "POST", "route": "/predict", "status": 200, "latency_ms": 23.748}
candidate-1   | {"timestamp": "2026-10-01T19:02:01Z", "event": "http_request", "request_id": "bc402149ebc44c4e88663e1243cf602b", "method": "POST", "route": "/predict", "status": 200, "latency_ms": 24.442}
candidate-1   | /opt/project-venv/lib/python3.12/site-packages/sklearn/utils/validation.py:2749: UserWarning: X does not have valid feature names, but LGBMRegressor was fitted with feature names
candidate-1   |   warnings.warn(
candidate-1   | /opt/project-venv/lib/python3.12/site-packages/sklearn/utils/validation.py:2749: UserWarning: X does not have valid feature names, but LGBMRegressor was fitted with feature names
candidate-1   |   warnings.warn(
candidate-1   | /opt/project-venv/lib/python3.12/site-packages/sklearn/utils/validation.py:2749: UserWarning: X does not have valid feature names, but LGBMRegressor was fitted with feature names
candidate-1   |   warnings.warn(
candidate-1   | /opt/project-venv/lib/python3.12/site-packages/sklearn/utils/validation.py:2749: UserWarning: X does not have valid feature names, but LGBMRegressor was fitted with feature names
candidate-1   |   warnings.warn(
candidate-1   | {"timestamp": "2026-10-01T19:02:01Z", "event": "http_request", "request_id": "5c7fa76685864b17866f82d63123c979", "method": "POST", "route": "/predict", "status": 200, "latency_ms": 28.715}
candidate-1   | {"timestamp": "2026-10-01T19:02:01Z", "event": "http_request", "request_id": "ba6882c887a84037b63def677e94d8ac", "method": "POST", "route": "/predict", "status": 200, "latency_ms": 23.805}
candidate-1   | {"timestamp": "2026-10-01T19:02:01Z", "event": "http_request", "request_id": "9a127d4346df49acb4652e7069db696c", "method": "POST", "route": "/predict", "status": 200, "latency_ms": 28.433}
candidate-1   | /opt/project-venv/lib/python3.12/site-packages/sklearn/utils/validation.py:2749: UserWarning: X does not have valid feature names, but LGBMRegressor was fitted with feature names
candidate-1   |   warnings.warn(
candidate-1   | /opt/project-venv/lib/python3.12/site-packages/sklearn/utils/validation.py:2749: UserWarning: X does not have valid feature names, but LGBMRegressor was fitted with feature names
candidate-1   |   warnings.warn(
candidate-1   | {"timestamp": "2026-10-01T19:02:01Z", "event": "http_request", "request_id": "77a7f145207f41eab8b443cd3372c682", "method": "POST", "route": "/predict", "status": 200, "latency_ms": 22.026}
candidate-1   | /opt/project-venv/lib/python3.12/site-packages/sklearn/utils/validation.py:2749: UserWarning: X does not have valid feature names, but LGBMRegressor was fitted with feature names
candidate-1   |   warnings.warn(
candidate-1   | {"timestamp": "2026-10-01T19:02:01Z", "event": "http_request", "request_id": "1e5fabd3119b45bbbf7651e5f1d48ad4", "method": "POST", "route": "/predict", "status": 200, "latency_ms": 29.252}
candidate-1   | /opt/project-venv/lib/python3.12/site-packages/sklearn/utils/validation.py:2749: UserWarning: X does not have valid feature names, but LGBMRegressor was fitted with feature names
candidate-1   |   warnings.warn(
candidate-1   | {"timestamp": "2026-10-01T19:02:01Z", "event": "http_request", "request_id": "bc38e511e992498da7f278978247e307", "method": "POST", "route": "/predict", "status": 200, "latency_ms": 31.973}
candidate-1   | {"timestamp": "2026-10-01T19:02:01Z", "event": "http_request", "request_id": "a57fd61b50cd4a36bd1b4a16b2b38c5d", "method": "POST", "route": "/predict", "status": 200, "latency_ms": 24.857}
candidate-1   | /opt/project-venv/lib/python3.12/site-packages/sklearn/utils/validation.py:2749: UserWarning: X does not have valid feature names, but LGBMRegressor was fitted with feature names
candidate-1   |   warnings.warn(
candidate-1   | /opt/project-venv/lib/python3.12/site-packages/sklearn/utils/validation.py:2749: UserWarning: X does not have valid feature names, but LGBMRegressor was fitted with feature names
candidate-1   |   warnings.warn(
candidate-1   | {"timestamp": "2026-10-01T19:02:01Z", "event": "http_request", "request_id": "f4165fdc189b4c6094a51c3573da2522", "method": "POST", "route": "/predict", "status": 200, "latency_ms": 30.053}
candidate-1   | {"timestamp": "2026-10-01T19:02:01Z", "event": "http_request", "request_id": "1dc7b252d4b84d0aad25d44546a61185", "method": "POST", "route": "/predict", "status": 200, "latency_ms": 21.445}
candidate-1   | /opt/project-venv/lib/python3.12/site-packages/sklearn/utils/validation.py:2749: UserWarning: X does not have valid feature names, but LGBMRegressor was fitted with feature names
candidate-1   |   warnings.warn(
candidate-1   | {"timestamp": "2026-10-01T19:02:01Z", "event": "http_request", "request_id": "e35c8effd4bb442e82bc4a27852d8339", "method": "POST", "route": "/predict", "status": 200, "latency_ms": 18.048}
candidate-1   | {"timestamp": "2026-10-01T19:02:01Z", "event": "http_request", "request_id": "61047932546c4cc08832cbe6b9b9e38c", "method": "POST", "route": "/predict", "status": 200, "latency_ms": 25.814}
candidate-1   | /opt/project-venv/lib/python3.12/site-packages/sklearn/utils/validation.py:2749: UserWarning: X does not have valid feature names, but LGBMRegressor was fitted with feature names
candidate-1   |   warnings.warn(
candidate-1   | {"timestamp": "2026-10-01T19:02:01Z", "event": "http_request", "request_id": "bdf19ac52d63463cb9812ab40c74e6c2", "method": "POST", "route": "/predict", "status": 200, "latency_ms": 20.184}
candidate-1   | /opt/project-venv/lib/python3.12/site-packages/sklearn/utils/validation.py:2749: UserWarning: X does not have valid feature names, but LGBMRegressor was fitted with feature names
candidate-1   |   warnings.warn(
candidate-1   | /opt/project-venv/lib/python3.12/site-packages/sklearn/utils/validation.py:2749: UserWarning: X does not have valid feature names, but LGBMRegressor was fitted with feature names
candidate-1   |   warnings.warn(
candidate-1   | {"timestamp": "2026-10-01T19:02:01Z", "event": "http_request", "request_id": "738ea7f662b54527ab2e17ba0ec43b67", "method": "POST", "route": "/predict", "status": 200, "latency_ms": 22.12}
candidate-1   | {"timestamp": "2026-10-01T19:02:01Z", "event": "http_request", "request_id": "92ef2046525148a495891337f2ff7c42", "method": "POST", "route": "/predict", "status": 200, "latency_ms": 23.115}
candidate-1   | /opt/project-venv/lib/python3.12/site-packages/sklearn/utils/validation.py:2749: UserWarning: X does not have valid feature names, but LGBMRegressor was fitted with feature names
candidate-1   |   warnings.warn(
candidate-1   | /opt/project-venv/lib/python3.12/site-packages/sklearn/utils/validation.py:2749: UserWarning: X does not have valid feature names, but LGBMRegressor was fitted with feature names
candidate-1   |   warnings.warn(
candidate-1   | /opt/project-venv/lib/python3.12/site-packages/sklearn/utils/validation.py:2749: UserWarning: X does not have valid feature names, but LGBMRegressor was fitted with feature names
candidate-1   |   warnings.warn(
candidate-1   | {"timestamp": "2026-10-01T19:02:01Z", "event": "http_request", "request_id": "911baa801a074424afa77b31a80ac33a", "method": "POST", "route": "/predict", "status": 200, "latency_ms": 21.932}
candidate-1   | {"timestamp": "2026-10-01T19:02:01Z", "event": "http_request", "request_id": "a9e2933586fa4421b493bd5332ef6aaa", "method": "POST", "route": "/predict", "status": 200, "latency_ms": 22.088}
candidate-1   | {"timestamp": "2026-10-01T19:02:01Z", "event": "http_request", "request_id": "dd3dbbfc86ac46ddb91e684b810e0e76", "method": "POST", "route": "/predict", "status": 200, "latency_ms": 29.093}
candidate-1   | /opt/project-venv/lib/python3.12/site-packages/sklearn/utils/validation.py:2749: UserWarning: X does not have valid feature names, but LGBMRegressor was fitted with feature names
candidate-1   |   warnings.warn(
candidate-1   | {"timestamp": "2026-10-01T19:02:01Z", "event": "http_request", "request_id": "099677dbb84642649c97ce084388b040", "method": "POST", "route": "/predict", "status": 200, "latency_ms": 22.252}
candidate-1   | /opt/project-venv/lib/python3.12/site-packages/sklearn/utils/validation.py:2749: UserWarning: X does not have valid feature names, but LGBMRegressor was fitted with feature names
candidate-1   |   warnings.warn(
candidate-1   | {"timestamp": "2026-10-01T19:02:01Z", "event": "http_request", "request_id": "a3833e2dadd74c05bf5050c18c9c20d3", "method": "POST", "route": "/predict", "status": 200, "latency_ms": 24.363}
candidate-1   | /opt/project-venv/lib/python3.12/site-packages/sklearn/utils/validation.py:2749: UserWarning: X does not have valid feature names, but LGBMRegressor was fitted with feature names
candidate-1   |   warnings.warn(
candidate-1   | /opt/project-venv/lib/python3.12/site-packages/sklearn/utils/validation.py:2749: UserWarning: X does not have valid feature names, but LGBMRegressor was fitted with feature names
candidate-1   |   warnings.warn(
candidate-1   | {"timestamp": "2026-10-01T19:02:01Z", "event": "http_request", "request_id": "379bff75976b45eeb64b6e19992686d4", "method": "POST", "route": "/predict", "status": 200, "latency_ms": 26.844}
candidate-1   | /opt/project-venv/lib/python3.12/site-packages/sklearn/utils/validation.py:2749: UserWarning: X does not have valid feature names, but LGBMRegressor was fitted with feature names
candidate-1   |   warnings.warn(
candidate-1   | /opt/project-venv/lib/python3.12/site-packages/sklearn/utils/validation.py:2749: UserWarning: X does not have valid feature names, but LGBMRegressor was fitted with feature names
candidate-1   |   warnings.warn(
candidate-1   | /opt/project-venv/lib/python3.12/site-packages/sklearn/utils/validation.py:2749: UserWarning: X does not have valid feature names, but LGBMRegressor was fitted with feature names
candidate-1   |   warnings.warn(
candidate-1   | {"timestamp": "2026-10-01T19:02:01Z", "event": "http_request", "request_id": "d3491cced8c340648374601b005ebef4", "method": "POST", "route": "/predict", "status": 200, "latency_ms": 32.301}
candidate-1   | {"timestamp": "2026-10-01T19:02:01Z", "event": "http_request", "request_id": "8d280bc1f2644e23b77dbfe3d426df88", "method": "POST", "route": "/predict", "status": 200, "latency_ms": 22.233}
candidate-1   | {"timestamp": "2026-10-01T19:02:01Z", "event": "http_request", "request_id": "dc94c4104ae846d79edcef6b17ae4b1f", "method": "POST", "route": "/predict", "status": 200, "latency_ms": 23.504}
candidate-1   | /opt/project-venv/lib/python3.12/site-packages/sklearn/utils/validation.py:2749: UserWarning: X does not have valid feature names, but LGBMRegressor was fitted with feature names
candidate-1   |   warnings.warn(
candidate-1   | /opt/project-venv/lib/python3.12/site-packages/sklearn/utils/validation.py:2749: UserWarning: X does not have valid feature names, but LGBMRegressor was fitted with feature names
candidate-1   |   warnings.warn(
candidate-1   | {"timestamp": "2026-10-01T19:02:01Z", "event": "http_request", "request_id": "b7e365a458204619829cd15d97fa5246", "method": "POST", "route": "/predict", "status": 200, "latency_ms": 30.13}
candidate-1   | {"timestamp": "2026-10-01T19:02:01Z", "event": "http_request", "request_id": "5abf9bbee36b4dce98f85a39cdf26462", "method": "POST", "route": "/predict", "status": 200, "latency_ms": 23.913}
candidate-1   | /opt/project-venv/lib/python3.12/site-packages/sklearn/utils/validation.py:2749: UserWarning: X does not have valid feature names, but LGBMRegressor was fitted with feature names
candidate-1   |   warnings.warn(
candidate-1   | /opt/project-venv/lib/python3.12/site-packages/sklearn/utils/validation.py:2749: UserWarning: X does not have valid feature names, but LGBMRegressor was fitted with feature names
candidate-1   |   warnings.warn(
candidate-1   | /opt/project-venv/lib/python3.12/site-packages/sklearn/utils/validation.py:2749: UserWarning: X does not have valid feature names, but LGBMRegressor was fitted with feature names
candidate-1   |   warnings.warn(
candidate-1   | {"timestamp": "2026-10-01T19:02:01Z", "event": "http_request", "request_id": "3f42c587c35a4c66990135c899e5befb", "method": "POST", "route": "/predict", "status": 200, "latency_ms": 29.18}
candidate-1   | {"timestamp": "2026-10-01T19:02:01Z", "event": "http_request", "request_id": "3a89b79ad8a2487fba7ebfb03fc1b1ae", "method": "POST", "route": "/predict", "status": 200, "latency_ms": 26.691}
candidate-1   | /opt/project-venv/lib/python3.12/site-packages/sklearn/utils/validation.py:2749: UserWarning: X does not have valid feature names, but LGBMRegressor was fitted with feature names
candidate-1   |   warnings.warn(
candidate-1   | {"timestamp": "2026-10-01T19:02:01Z", "event": "http_request", "request_id": "1d446e7641aa422581d751f628b48dcf", "method": "POST", "route": "/predict", "status": 200, "latency_ms": 30.15}
candidate-1   | /opt/project-venv/lib/python3.12/site-packages/sklearn/utils/validation.py:2749: UserWarning: X does not have valid feature names, but LGBMRegressor was fitted with feature names
candidate-1   |   warnings.warn(
candidate-1   | {"timestamp": "2026-10-01T19:02:01Z", "event": "http_request", "request_id": "6bded56bf6824077a348e7d0b618cc90", "method": "POST", "route": "/predict", "status": 200, "latency_ms": 23.178}
candidate-1   | {"timestamp": "2026-10-01T19:02:01Z", "event": "http_request", "request_id": "9b8522577d574596b61e3ef22bdcd6b6", "method": "POST", "route": "/predict", "status": 200, "latency_ms": 30.518}
candidate-1   | /opt/project-venv/lib/python3.12/site-packages/sklearn/utils/validation.py:2749: UserWarning: X does not have valid feature names, but LGBMRegressor was fitted with feature names
candidate-1   |   warnings.warn(
candidate-1   | {"timestamp": "2026-10-01T19:02:01Z", "event": "http_request", "request_id": "96677ba447b94f8584112f5c2419b554", "method": "POST", "route": "/predict", "status": 200, "latency_ms": 19.84}
candidate-1   | /opt/project-venv/lib/python3.12/site-packages/sklearn/utils/validation.py:2749: UserWarning: X does not have valid feature names, but LGBMRegressor was fitted with feature names
candidate-1   |   warnings.warn(
candidate-1   | /opt/project-venv/lib/python3.12/site-packages/sklearn/utils/validation.py:2749: UserWarning: X does not have valid feature names, but LGBMRegressor was fitted with feature names
candidate-1   |   warnings.warn(
candidate-1   | {"timestamp": "2026-10-01T19:02:01Z", "event": "http_request", "request_id": "105158a8a6bf4d128c17da81def05396", "method": "POST", "route": "/predict", "status": 200, "latency_ms": 25.427}
candidate-1   | {"timestamp": "2026-10-01T19:02:01Z", "event": "http_request", "request_id": "0e58464602b14cea89d9ef58d6ee7d6a", "method": "POST", "route": "/predict", "status": 200, "latency_ms": 26.925}
candidate-1   | /opt/project-venv/lib/python3.12/site-packages/sklearn/utils/validation.py:2749: UserWarning: X does not have valid feature names, but LGBMRegressor was fitted with feature names
candidate-1   |   warnings.warn(
candidate-1   | {"timestamp": "2026-10-01T19:02:01Z", "event": "http_request", "request_id": "51803207936f4cf9a3ef091a218ceea6", "method": "POST", "route": "/predict", "status": 200, "latency_ms": 21.422}
candidate-1   | /opt/project-venv/lib/python3.12/site-packages/sklearn/utils/validation.py:2749: UserWarning: X does not have valid feature names, but LGBMRegressor was fitted with feature names
candidate-1   |   warnings.warn(
candidate-1   | {"timestamp": "2026-10-01T19:02:01Z", "event": "http_request", "request_id": "b15f0429eaa443a1976bf3bac1761480", "method": "POST", "route": "/predict", "status": 200, "latency_ms": 23.33}
candidate-1   | /opt/project-venv/lib/python3.12/site-packages/sklearn/utils/validation.py:2749: UserWarning: X does not have valid feature names, but LGBMRegressor was fitted with feature names
candidate-1   |   warnings.warn(
candidate-1   | /opt/project-venv/lib/python3.12/site-packages/sklearn/utils/validation.py:2749: UserWarning: X does not have valid feature names, but LGBMRegressor was fitted with feature names
candidate-1   |   warnings.warn(
candidate-1   | {"timestamp": "2026-10-01T19:02:01Z", "event": "http_request", "request_id": "e8f5f21a347f491ba669938de01e6ab7", "method": "POST", "route": "/predict", "status": 200, "latency_ms": 23.203}
candidate-1   | {"timestamp": "2026-10-01T19:02:01Z", "event": "http_request", "request_id": "447f3fc0147a4d9abbe3ce7eb541d1e1", "method": "POST", "route": "/predict", "status": 200, "latency_ms": 25.512}
candidate-1   | /opt/project-venv/lib/python3.12/site-packages/sklearn/utils/validation.py:2749: UserWarning: X does not have valid feature names, but LGBMRegressor was fitted with feature names
candidate-1   |   warnings.warn(
candidate-1   | {"timestamp": "2026-10-01T19:02:01Z", "event": "http_request", "request_id": "96ed87b5df0f4fd4a224734ce63d0cb6", "method": "POST", "route": "/predict", "status": 200, "latency_ms": 23.675}
candidate-1   | /opt/project-venv/lib/python3.12/site-packages/sklearn/utils/validation.py:2749: UserWarning: X does not have valid feature names, but LGBMRegressor was fitted with feature names
candidate-1   |   warnings.warn(
candidate-1   | /opt/project-venv/lib/python3.12/site-packages/sklearn/utils/validation.py:2749: UserWarning: X does not have valid feature names, but LGBMRegressor was fitted with feature names
candidate-1   |   warnings.warn(
candidate-1   | /opt/project-venv/lib/python3.12/site-packages/sklearn/utils/validation.py:2749: UserWarning: X does not have valid feature names, but LGBMRegressor was fitted with feature names
candidate-1   |   warnings.warn(
candidate-1   | {"timestamp": "2026-10-01T19:02:01Z", "event": "http_request", "request_id": "1e7557e892ea4cacb3c69f5a3007d024", "method": "POST", "route": "/predict", "status": 200, "latency_ms": 22.696}
candidate-1   | /opt/project-venv/lib/python3.12/site-packages/sklearn/utils/validation.py:2749: UserWarning: X does not have valid feature names, but LGBMRegressor was fitted with feature names
candidate-1   |   warnings.warn(
candidate-1   | {"timestamp": "2026-10-01T19:02:01Z", "event": "http_request", "request_id": "2be6717dd6504f4ba15ab83177f12da3", "method": "POST", "route": "/predict", "status": 200, "latency_ms": 30.437}
candidate-1   | {"timestamp": "2026-10-01T19:02:01Z", "event": "http_request", "request_id": "a5db08ef14cc4f29b243a61632983376", "method": "POST", "route": "/predict", "status": 200, "latency_ms": 18.942}
candidate-1   | /opt/project-venv/lib/python3.12/site-packages/sklearn/utils/validation.py:2749: UserWarning: X does not have valid feature names, but LGBMRegressor was fitted with feature names
candidate-1   |   warnings.warn(
candidate-1   | {"timestamp": "2026-10-01T19:02:01Z", "event": "http_request", "request_id": "4af0dfd8057f44bd83f2523cb29effc4", "method": "POST", "route": "/predict", "status": 200, "latency_ms": 19.417}
candidate-1   | /opt/project-venv/lib/python3.12/site-packages/sklearn/utils/validation.py:2749: UserWarning: X does not have valid feature names, but LGBMRegressor was fitted with feature names
candidate-1   |   warnings.warn(
candidate-1   | {"timestamp": "2026-10-01T19:02:01Z", "event": "http_request", "request_id": "51435cce207d44b183910f3004be6a34", "method": "POST", "route": "/predict", "status": 200, "latency_ms": 30.781}
candidate-1   | /opt/project-venv/lib/python3.12/site-packages/sklearn/utils/validation.py:2749: UserWarning: X does not have valid feature names, but LGBMRegressor was fitted with feature names
candidate-1   |   warnings.warn(
candidate-1   | {"timestamp": "2026-10-01T19:02:01Z", "event": "http_request", "request_id": "338de79c84ae4fadbbe2cd5a3528d7be", "method": "POST", "route": "/predict", "status": 200, "latency_ms": 23.754}
candidate-1   | /opt/project-venv/lib/python3.12/site-packages/sklearn/utils/validation.py:2749: UserWarning: X does not have valid feature names, but LGBMRegressor was fitted with feature names
candidate-1   |   warnings.warn(
candidate-1   | {"timestamp": "2026-10-01T19:02:01Z", "event": "http_request", "request_id": "a096b05282bd429887b3837d2e86f390", "method": "POST", "route": "/predict", "status": 200, "latency_ms": 26.177}
candidate-1   | {"timestamp": "2026-10-01T19:02:01Z", "event": "http_request", "request_id": "df437eea6581401ca56392a5c4e9526a", "method": "POST", "route": "/predict", "status": 200, "latency_ms": 16.94}
candidate-1   | /opt/project-venv/lib/python3.12/site-packages/sklearn/utils/validation.py:2749: UserWarning: X does not have valid feature names, but LGBMRegressor was fitted with feature names
candidate-1   |   warnings.warn(
candidate-1   | {"timestamp": "2026-10-01T19:02:01Z", "event": "http_request", "request_id": "a3a34a5b72dd4024822b4713c87f61e5", "method": "POST", "route": "/predict", "status": 200, "latency_ms": 19.911}
candidate-1   | /opt/project-venv/lib/python3.12/site-packages/sklearn/utils/validation.py:2749: UserWarning: X does not have valid feature names, but LGBMRegressor was fitted with feature names
candidate-1   |   warnings.warn(
candidate-1   | {"timestamp": "2026-10-01T19:02:01Z", "event": "http_request", "request_id": "5a4f372f26944272821439714a8e2de5", "method": "POST", "route": "/predict", "status": 200, "latency_ms": 25.402}
candidate-1   | /opt/project-venv/lib/python3.12/site-packages/sklearn/utils/validation.py:2749: UserWarning: X does not have valid feature names, but LGBMRegressor was fitted with feature names
candidate-1   |   warnings.warn(
candidate-1   | {"timestamp": "2026-10-01T19:02:01Z", "event": "http_request", "request_id": "484cf3bc74af4d8bb4f9399f6e818e4e", "method": "POST", "route": "/predict", "status": 200, "latency_ms": 18.834}
candidate-1   | /opt/project-venv/lib/python3.12/site-packages/sklearn/utils/validation.py:2749: UserWarning: X does not have valid feature names, but LGBMRegressor was fitted with feature names
candidate-1   |   warnings.warn(
candidate-1   | /opt/project-venv/lib/python3.12/site-packages/sklearn/utils/validation.py:2749: UserWarning: X does not have valid feature names, but LGBMRegressor was fitted with feature names
candidate-1   |   warnings.warn(
candidate-1   | {"timestamp": "2026-10-01T19:02:01Z", "event": "http_request", "request_id": "90f8948c757b4f4ca4be13f39ae3e03d", "method": "POST", "route": "/predict", "status": 200, "latency_ms": 20.017}
candidate-1   | /opt/project-venv/lib/python3.12/site-packages/sklearn/utils/validation.py:2749: UserWarning: X does not have valid feature names, but LGBMRegressor was fitted with feature names
candidate-1   |   warnings.warn(
candidate-1   | {"timestamp": "2026-10-01T19:02:01Z", "event": "http_request", "request_id": "625ce6922d864ec8b38015a54f02d4d8", "method": "POST", "route": "/predict", "status": 200, "latency_ms": 22.466}
candidate-1   | /opt/project-venv/lib/python3.12/site-packages/sklearn/utils/validation.py:2749: UserWarning: X does not have valid feature names, but LGBMRegressor was fitted with feature names
candidate-1   |   warnings.warn(
candidate-1   | {"timestamp": "2026-10-01T19:02:01Z", "event": "http_request", "request_id": "dedc9aaa315b41539f8471a5f21f9682", "method": "POST", "route": "/predict", "status": 200, "latency_ms": 22.454}
candidate-1   | {"timestamp": "2026-10-01T19:02:01Z", "event": "http_request", "request_id": "0abca2cedfbf4991b54c00c4cc6a881f", "method": "POST", "route": "/predict", "status": 200, "latency_ms": 24.889}
candidate-1   | /opt/project-venv/lib/python3.12/site-packages/sklearn/utils/validation.py:2749: UserWarning: X does not have valid feature names, but LGBMRegressor was fitted with feature names
candidate-1   |   warnings.warn(
candidate-1   | {"timestamp": "2026-10-01T19:02:01Z", "event": "http_request", "request_id": "2ddfdef1465b4e4c9e203308302a0e0f", "method": "POST", "route": "/predict", "status": 200, "latency_ms": 21.111}
candidate-1   | /opt/project-venv/lib/python3.12/site-packages/sklearn/utils/validation.py:2749: UserWarning: X does not have valid feature names, but LGBMRegressor was fitted with feature names
candidate-1   |   warnings.warn(
candidate-1   | {"timestamp": "2026-10-01T19:02:01Z", "event": "http_request", "request_id": "f5ba7bd1be874db29a739ed881b8d5b1", "method": "POST", "route": "/predict", "status": 200, "latency_ms": 23.229}
candidate-1   | {"timestamp": "2026-10-01T19:02:01Z", "event": "http_request", "request_id": "07516ef20d944c0dbf137d565b50945c", "method": "POST", "route": "/predict", "status": 200, "latency_ms": 22.869}
candidate-1   | /opt/project-venv/lib/python3.12/site-packages/sklearn/utils/validation.py:2749: UserWarning: X does not have valid feature names, but LGBMRegressor was fitted with feature names
candidate-1   |   warnings.warn(
candidate-1   | {"timestamp": "2026-10-01T19:02:01Z", "event": "http_request", "request_id": "b278eb83ff7d40fba3226a342a224dd8", "method": "POST", "route": "/predict", "status": 200, "latency_ms": 17.67}
candidate-1   | /opt/project-venv/lib/python3.12/site-packages/sklearn/utils/validation.py:2749: UserWarning: X does not have valid feature names, but LGBMRegressor was fitted with feature names
candidate-1   |   warnings.warn(
candidate-1   | {"timestamp": "2026-10-01T19:02:01Z", "event": "http_request", "request_id": "78c688c534eb4725974f49af721efbaa", "method": "POST", "route": "/predict", "status": 200, "latency_ms": 25.084}
candidate-1   | {"timestamp": "2026-10-01T19:02:01Z", "event": "http_request", "request_id": "c1bdf33fe1fd4cf2863a882f5b0dbd11", "method": "POST", "route": "/predict", "status": 200, "latency_ms": 22.632}
candidate-1   | /opt/project-venv/lib/python3.12/site-packages/sklearn/utils/validation.py:2749: UserWarning: X does not have valid feature names, but LGBMRegressor was fitted with feature names
candidate-1   |   warnings.warn(
candidate-1   | /opt/project-venv/lib/python3.12/site-packages/sklearn/utils/validation.py:2749: UserWarning: X does not have valid feature names, but LGBMRegressor was fitted with feature names
candidate-1   |   warnings.warn(
candidate-1   | /opt/project-venv/lib/python3.12/site-packages/sklearn/utils/validation.py:2749: UserWarning: X does not have valid feature names, but LGBMRegressor was fitted with feature names
candidate-1   |   warnings.warn(
candidate-1   | {"timestamp": "2026-10-01T19:02:01Z", "event": "http_request", "request_id": "d489e9a8577b488485b9492e86e7931d", "method": "POST", "route": "/predict", "status": 200, "latency_ms": 25.013}
candidate-1   | {"timestamp": "2026-10-01T19:02:01Z", "event": "http_request", "request_id": "a61f4b91f6b34638b6065d06a6b4abfb", "method": "POST", "route": "/predict", "status": 200, "latency_ms": 22.732}
candidate-1   | /opt/project-venv/lib/python3.12/site-packages/sklearn/utils/validation.py:2749: UserWarning: X does not have valid feature names, but LGBMRegressor was fitted with feature names
candidate-1   |   warnings.warn(
candidate-1   | {"timestamp": "2026-10-01T19:02:01Z", "event": "http_request", "request_id": "2b584304f7d94764a9848fc63b8c203a", "method": "POST", "route": "/predict", "status": 200, "latency_ms": 21.199}
candidate-1   | /opt/project-venv/lib/python3.12/site-packages/sklearn/utils/validation.py:2749: UserWarning: X does not have valid feature names, but LGBMRegressor was fitted with feature names
candidate-1   |   warnings.warn(
candidate-1   | /opt/project-venv/lib/python3.12/site-packages/sklearn/utils/validation.py:2749: UserWarning: X does not have valid feature names, but LGBMRegressor was fitted with feature names
candidate-1   |   warnings.warn(
candidate-1   | {"timestamp": "2026-10-01T19:02:01Z", "event": "http_request", "request_id": "b69851777c1642758da46fa864847aa0", "method": "POST", "route": "/predict", "status": 200, "latency_ms": 23.751}
candidate-1   | /opt/project-venv/lib/python3.12/site-packages/sklearn/utils/validation.py:2749: UserWarning: X does not have valid feature names, but LGBMRegressor was fitted with feature names
candidate-1   |   warnings.warn(
candidate-1   | {"timestamp": "2026-10-01T19:02:01Z", "event": "http_request", "request_id": "a5cfb8f5c25c4c5ca7428d95c4291e1c", "method": "POST", "route": "/predict", "status": 200, "latency_ms": 26.908}
candidate-1   | {"timestamp": "2026-10-01T19:02:01Z", "event": "http_request", "request_id": "ef152e552e6349f79168ff7c57ef5a2c", "method": "POST", "route": "/predict", "status": 200, "latency_ms": 23.595}
candidate-1   | /opt/project-venv/lib/python3.12/site-packages/sklearn/utils/validation.py:2749: UserWarning: X does not have valid feature names, but LGBMRegressor was fitted with feature names
candidate-1   |   warnings.warn(
candidate-1   | /opt/project-venv/lib/python3.12/site-packages/sklearn/utils/validation.py:2749: UserWarning: X does not have valid feature names, but LGBMRegressor was fitted with feature names
candidate-1   |   warnings.warn(
candidate-1   | {"timestamp": "2026-10-01T19:02:01Z", "event": "http_request", "request_id": "ed34c1b32b464b96a5625c819bb51ad7", "method": "POST", "route": "/predict", "status": 200, "latency_ms": 28.826}
candidate-1   | {"timestamp": "2026-10-01T19:02:01Z", "event": "http_request", "request_id": "aad3f4a28d09493f8dd1d5ba697e4b41", "method": "POST", "route": "/predict", "status": 200, "latency_ms": 25.466}
candidate-1   | /opt/project-venv/lib/python3.12/site-packages/sklearn/utils/validation.py:2749: UserWarning: X does not have valid feature names, but LGBMRegressor was fitted with feature names
candidate-1   |   warnings.warn(
candidate-1   | {"timestamp": "2026-10-01T19:02:01Z", "event": "http_request", "request_id": "f77c750e868d45828adde2414d94821e", "method": "POST", "route": "/predict", "status": 200, "latency_ms": 24.436}
candidate-1   | /opt/project-venv/lib/python3.12/site-packages/sklearn/utils/validation.py:2749: UserWarning: X does not have valid feature names, but LGBMRegressor was fitted with feature names
candidate-1   |   warnings.warn(
candidate-1   | /opt/project-venv/lib/python3.12/site-packages/sklearn/utils/validation.py:2749: UserWarning: X does not have valid feature names, but LGBMRegressor was fitted with feature names
candidate-1   |   warnings.warn(
candidate-1   | /opt/project-venv/lib/python3.12/site-packages/sklearn/utils/validation.py:2749: UserWarning: X does not have valid feature names, but LGBMRegressor was fitted with feature names
candidate-1   |   warnings.warn(
candidate-1   | /opt/project-venv/lib/python3.12/site-packages/sklearn/utils/validation.py:2749: UserWarning: X does not have valid feature names, but LGBMRegressor was fitted with feature names
candidate-1   |   warnings.warn(
candidate-1   | {"timestamp": "2026-10-01T19:02:01Z", "event": "http_request", "request_id": "665decb9432d4c6a98a88cb28e3c9933", "method": "POST", "route": "/predict", "status": 200, "latency_ms": 34.736}
candidate-1   | {"timestamp": "2026-10-01T19:02:01Z", "event": "http_request", "request_id": "ab63f757a7574694a36d31846b399481", "method": "POST", "route": "/predict", "status": 200, "latency_ms": 23.272}
candidate-1   | /opt/project-venv/lib/python3.12/site-packages/sklearn/utils/validation.py:2749: UserWarning: X does not have valid feature names, but LGBMRegressor was fitted with feature names
candidate-1   |   warnings.warn(
candidate-1   | {"timestamp": "2026-10-01T19:02:01Z", "event": "http_request", "request_id": "43045433309d48d09c87d78020802983", "method": "POST", "route": "/predict", "status": 200, "latency_ms": 26.854}
candidate-1   | {"timestamp": "2026-10-01T19:02:01Z", "event": "http_request", "request_id": "0a8f0cc66e3842fca93e76abd76efdbe", "method": "POST", "route": "/predict", "status": 200, "latency_ms": 28.844}
candidate-1   | /opt/project-venv/lib/python3.12/site-packages/sklearn/utils/validation.py:2749: UserWarning: X does not have valid feature names, but LGBMRegressor was fitted with feature names
candidate-1   |   warnings.warn(
candidate-1   | /opt/project-venv/lib/python3.12/site-packages/sklearn/utils/validation.py:2749: UserWarning: X does not have valid feature names, but LGBMRegressor was fitted with feature names
candidate-1   |   warnings.warn(
candidate-1   | {"timestamp": "2026-10-01T19:02:01Z", "event": "http_request", "request_id": "1560c8a453e44853b1a3125cf66675a3", "method": "POST", "route": "/predict", "status": 200, "latency_ms": 26.19}
candidate-1   | /opt/project-venv/lib/python3.12/site-packages/sklearn/utils/validation.py:2749: UserWarning: X does not have valid feature names, but LGBMRegressor was fitted with feature names
candidate-1   |   warnings.warn(
candidate-1   | {"timestamp": "2026-10-01T19:02:01Z", "event": "http_request", "request_id": "cee975b38b314388a80cd7a40fa80f34", "method": "POST", "route": "/predict", "status": 200, "latency_ms": 27.803}
candidate-1   | /opt/project-venv/lib/python3.12/site-packages/sklearn/utils/validation.py:2749: UserWarning: X does not have valid feature names, but LGBMRegressor was fitted with feature names
candidate-1   |   warnings.warn(
candidate-1   | {"timestamp": "2026-10-01T19:02:01Z", "event": "http_request", "request_id": "e79cdf4a4fb24c6cb11c314a1be7cac5", "method": "POST", "route": "/predict", "status": 200, "latency_ms": 27.902}
candidate-1   | /opt/project-venv/lib/python3.12/site-packages/sklearn/utils/validation.py:2749: UserWarning: X does not have valid feature names, but LGBMRegressor was fitted with feature names
candidate-1   |   warnings.warn(
candidate-1   | {"timestamp": "2026-10-01T19:02:01Z", "event": "http_request", "request_id": "c53bcc29fa814510a3de9e9a3ade9150", "method": "POST", "route": "/predict", "status": 200, "latency_ms": 26.524}
candidate-1   | /opt/project-venv/lib/python3.12/site-packages/sklearn/utils/validation.py:2749: UserWarning: X does not have valid feature names, but LGBMRegressor was fitted with feature names
candidate-1   |   warnings.warn(
candidate-1   | /opt/project-venv/lib/python3.12/site-packages/sklearn/utils/validation.py:2749: UserWarning: X does not have valid feature names, but LGBMRegressor was fitted with feature names
candidate-1   |   warnings.warn(
candidate-1   | {"timestamp": "2026-10-01T19:02:01Z", "event": "http_request", "request_id": "756c224f43af4a89bef586324d07008a", "method": "POST", "route": "/predict", "status": 200, "latency_ms": 25.166}
candidate-1   | {"timestamp": "2026-10-01T19:02:01Z", "event": "http_request", "request_id": "750d1a876f5e4461b1b5c05728532b83", "method": "POST", "route": "/predict", "status": 200, "latency_ms": 27.983}
candidate-1   | /opt/project-venv/lib/python3.12/site-packages/sklearn/utils/validation.py:2749: UserWarning: X does not have valid feature names, but LGBMRegressor was fitted with feature names
candidate-1   |   warnings.warn(
candidate-1   | /opt/project-venv/lib/python3.12/site-packages/sklearn/utils/validation.py:2749: UserWarning: X does not have valid feature names, but LGBMRegressor was fitted with feature names
candidate-1   |   warnings.warn(
candidate-1   | {"timestamp": "2026-10-01T19:02:01Z", "event": "http_request", "request_id": "b34887b85ca64ac780da2041a6c04faf", "method": "POST", "route": "/predict", "status": 200, "latency_ms": 20.679}
candidate-1   | /opt/project-venv/lib/python3.12/site-packages/sklearn/utils/validation.py:2749: UserWarning: X does not have valid feature names, but LGBMRegressor was fitted with feature names
candidate-1   |   warnings.warn(
candidate-1   | {"timestamp": "2026-10-01T19:02:01Z", "event": "http_request", "request_id": "ef66eab214d3499990fef8f90bb8912f", "method": "POST", "route": "/predict", "status": 200, "latency_ms": 24.123}
candidate-1   | /opt/project-venv/lib/python3.12/site-packages/sklearn/utils/validation.py:2749: UserWarning: X does not have valid feature names, but LGBMRegressor was fitted with feature names
candidate-1   |   warnings.warn(
candidate-1   | {"timestamp": "2026-10-01T19:02:01Z", "event": "http_request", "request_id": "f80851da8230471695e4a226e43264ec", "method": "POST", "route": "/predict", "status": 200, "latency_ms": 24.561}
candidate-1   | {"timestamp": "2026-10-01T19:02:01Z", "event": "http_request", "request_id": "85c235c2319a407abd08d303a457b72a", "method": "POST", "route": "/predict", "status": 200, "latency_ms": 26.728}
candidate-1   | /opt/project-venv/lib/python3.12/site-packages/sklearn/utils/validation.py:2749: UserWarning: X does not have valid feature names, but LGBMRegressor was fitted with feature names
candidate-1   |   warnings.warn(
candidate-1   | {"timestamp": "2026-10-01T19:02:01Z", "event": "http_request", "request_id": "dedbbb912cda4d6d809da43a3a8fef2c", "method": "POST", "route": "/predict", "status": 200, "latency_ms": 24.722}
candidate-1   | {"timestamp": "2026-10-01T19:02:01Z", "event": "http_request", "request_id": "149be573790d439bb81164b6c78b4901", "method": "POST", "route": "/predict", "status": 200, "latency_ms": 21.255}
candidate-1   | {"timestamp": "2026-10-01T19:02:01Z", "event": "http_request", "request_id": "7f9d595ed83f4f3ea9e1bc5c0208673a", "method": "POST", "route": "/predict", "status": 200, "latency_ms": 18.947}
candidate-1   | /opt/project-venv/lib/python3.12/site-packages/sklearn/utils/validation.py:2749: UserWarning: X does not have valid feature names, but LGBMRegressor was fitted with feature names
candidate-1   |   warnings.warn(
candidate-1   | {"timestamp": "2026-10-01T19:02:01Z", "event": "http_request", "request_id": "865ecebb946b41a1b459de37bf8eef1b", "method": "POST", "route": "/predict", "status": 200, "latency_ms": 19.433}
candidate-1   | /opt/project-venv/lib/python3.12/site-packages/sklearn/utils/validation.py:2749: UserWarning: X does not have valid feature names, but LGBMRegressor was fitted with feature names
candidate-1   |   warnings.warn(
candidate-1   | /opt/project-venv/lib/python3.12/site-packages/sklearn/utils/validation.py:2749: UserWarning: X does not have valid feature names, but LGBMRegressor was fitted with feature names
candidate-1   |   warnings.warn(
candidate-1   | /opt/project-venv/lib/python3.12/site-packages/sklearn/utils/validation.py:2749: UserWarning: X does not have valid feature names, but LGBMRegressor was fitted with feature names
candidate-1   |   warnings.warn(
candidate-1   | {"timestamp": "2026-10-01T19:02:01Z", "event": "http_request", "request_id": "8a76194277784b66855230eb2397d6f9", "method": "POST", "route": "/predict", "status": 200, "latency_ms": 21.223}
candidate-1   | {"timestamp": "2026-10-01T19:02:01Z", "event": "http_request", "request_id": "a33e63a0c0bb4d89925986beabe08830", "method": "POST", "route": "/predict", "status": 200, "latency_ms": 18.312}
candidate-1   | {"timestamp": "2026-10-01T19:02:01Z", "event": "http_request", "request_id": "1286207794314c538ae386a1524efba9", "method": "POST", "route": "/predict", "status": 200, "latency_ms": 17.58}
candidate-1   | /opt/project-venv/lib/python3.12/site-packages/sklearn/utils/validation.py:2749: UserWarning: X does not have valid feature names, but LGBMRegressor was fitted with feature names
candidate-1   |   warnings.warn(
candidate-1   | {"timestamp": "2026-10-01T19:02:01Z", "event": "http_request", "request_id": "05257393d1ca482f83701af40dfda1f6", "method": "POST", "route": "/predict", "status": 200, "latency_ms": 23.041}
candidate-1   | /opt/project-venv/lib/python3.12/site-packages/sklearn/utils/validation.py:2749: UserWarning: X does not have valid feature names, but LGBMRegressor was fitted with feature names
candidate-1   |   warnings.warn(
candidate-1   | {"timestamp": "2026-10-01T19:02:01Z", "event": "http_request", "request_id": "c2ce2c07be31404383e44213017937f7", "method": "POST", "route": "/predict", "status": 200, "latency_ms": 22.628}
candidate-1   | /opt/project-venv/lib/python3.12/site-packages/sklearn/utils/validation.py:2749: UserWarning: X does not have valid feature names, but LGBMRegressor was fitted with feature names
candidate-1   |   warnings.warn(
candidate-1   | /opt/project-venv/lib/python3.12/site-packages/sklearn/utils/validation.py:2749: UserWarning: X does not have valid feature names, but LGBMRegressor was fitted with feature names
candidate-1   |   warnings.warn(
candidate-1   | {"timestamp": "2026-10-01T19:02:01Z", "event": "http_request", "request_id": "939ce0d00ddb43bc99d546e4e3cdcab5", "method": "POST", "route": "/predict", "status": 200, "latency_ms": 24.012}
candidate-1   | /opt/project-venv/lib/python3.12/site-packages/sklearn/utils/validation.py:2749: UserWarning: X does not have valid feature names, but LGBMRegressor was fitted with feature names
candidate-1   |   warnings.warn(
candidate-1   | {"timestamp": "2026-10-01T19:02:01Z", "event": "http_request", "request_id": "ec73d3fe9dd24b9a9c334a0560f7f3e8", "method": "POST", "route": "/predict", "status": 200, "latency_ms": 19.727}
candidate-1   | {"timestamp": "2026-10-01T19:02:01Z", "event": "http_request", "request_id": "f7bb98d047a4459c93abc64d1adea49f", "method": "POST", "route": "/predict", "status": 200, "latency_ms": 25.382}
candidate-1   | /opt/project-venv/lib/python3.12/site-packages/sklearn/utils/validation.py:2749: UserWarning: X does not have valid feature names, but LGBMRegressor was fitted with feature names
candidate-1   |   warnings.warn(
candidate-1   | /opt/project-venv/lib/python3.12/site-packages/sklearn/utils/validation.py:2749: UserWarning: X does not have valid feature names, but LGBMRegressor was fitted with feature names
candidate-1   |   warnings.warn(
candidate-1   | {"timestamp": "2026-10-01T19:02:01Z", "event": "http_request", "request_id": "1f5b9742a72d4690a37a4bc2a6b2dc3d", "method": "POST", "route": "/predict", "status": 200, "latency_ms": 26.937}
candidate-1   | {"timestamp": "2026-10-01T19:02:01Z", "event": "http_request", "request_id": "3e93e4bb46b642efb730d41dac6368f0", "method": "POST", "route": "/predict", "status": 200, "latency_ms": 30.485}
candidate-1   | /opt/project-venv/lib/python3.12/site-packages/sklearn/utils/validation.py:2749: UserWarning: X does not have valid feature names, but LGBMRegressor was fitted with feature names
candidate-1   |   warnings.warn(
candidate-1   | /opt/project-venv/lib/python3.12/site-packages/sklearn/utils/validation.py:2749: UserWarning: X does not have valid feature names, but LGBMRegressor was fitted with feature names
candidate-1   |   warnings.warn(
candidate-1   | {"timestamp": "2026-10-01T19:02:01Z", "event": "http_request", "request_id": "2136e1393b4f4adf8b9acee05d7f91e6", "method": "POST", "route": "/predict", "status": 200, "latency_ms": 24.293}
candidate-1   | /opt/project-venv/lib/python3.12/site-packages/sklearn/utils/validation.py:2749: UserWarning: X does not have valid feature names, but LGBMRegressor was fitted with feature names
candidate-1   |   warnings.warn(
candidate-1   | {"timestamp": "2026-10-01T19:02:01Z", "event": "http_request", "request_id": "c815b5e746ea4b548b62df6881339c23", "method": "POST", "route": "/predict", "status": 200, "latency_ms": 24.716}
candidate-1   | /opt/project-venv/lib/python3.12/site-packages/sklearn/utils/validation.py:2749: UserWarning: X does not have valid feature names, but LGBMRegressor was fitted with feature names
candidate-1   |   warnings.warn(
candidate-1   | {"timestamp": "2026-10-01T19:02:01Z", "event": "http_request", "request_id": "65b79183b8aa41739a0b57030a21c8cd", "method": "POST", "route": "/predict", "status": 200, "latency_ms": 26.399}
candidate-1   | /opt/project-venv/lib/python3.12/site-packages/sklearn/utils/validation.py:2749: UserWarning: X does not have valid feature names, but LGBMRegressor was fitted with feature names
candidate-1   |   warnings.warn(
candidate-1   | /opt/project-venv/lib/python3.12/site-packages/sklearn/utils/validation.py:2749: UserWarning: X does not have valid feature names, but LGBMRegressor was fitted with feature names
candidate-1   |   warnings.warn(
candidate-1   | /opt/project-venv/lib/python3.12/site-packages/sklearn/utils/validation.py:2749: UserWarning: X does not have valid feature names, but LGBMRegressor was fitted with feature names
candidate-1   |   warnings.warn(
candidate-1   | /opt/project-venv/lib/python3.12/site-packages/sklearn/utils/validation.py:2749: UserWarning: X does not have valid feature names, but LGBMRegressor was fitted with feature names
candidate-1   |   warnings.warn(
candidate-1   | {"timestamp": "2026-10-01T19:02:01Z", "event": "http_request", "request_id": "da528be208cc4129941b4ec83613bf2b", "method": "POST", "route": "/predict", "status": 200, "latency_ms": 32.778}
candidate-1   | /opt/project-venv/lib/python3.12/site-packages/sklearn/utils/validation.py:2749: UserWarning: X does not have valid feature names, but LGBMRegressor was fitted with feature names
candidate-1   |   warnings.warn(
candidate-1   | {"timestamp": "2026-10-01T19:02:01Z", "event": "http_request", "request_id": "ee42988bed7e4e90bd42d0b4bfffce78", "method": "POST", "route": "/predict", "status": 200, "latency_ms": 27.989}
candidate-1   | {"timestamp": "2026-10-01T19:02:01Z", "event": "http_request", "request_id": "6f63ed88796c46c7ac43352167ad11e0", "method": "POST", "route": "/predict", "status": 200, "latency_ms": 33.146}
candidate-1   | /opt/project-venv/lib/python3.12/site-packages/sklearn/utils/validation.py:2749: UserWarning: X does not have valid feature names, but LGBMRegressor was fitted with feature names
candidate-1   |   warnings.warn(
candidate-1   | /opt/project-venv/lib/python3.12/site-packages/sklearn/utils/validation.py:2749: UserWarning: X does not have valid feature names, but LGBMRegressor was fitted with feature names
candidate-1   |   warnings.warn(
candidate-1   | {"timestamp": "2026-10-01T19:02:01Z", "event": "http_request", "request_id": "622691dfdb3147a4b04db92bca7362f9", "method": "POST", "route": "/predict", "status": 200, "latency_ms": 28.852}
candidate-1   | {"timestamp": "2026-10-01T19:02:01Z", "event": "http_request", "request_id": "4945bb0da68146aea1e74e4c75564640", "method": "POST", "route": "/predict", "status": 200, "latency_ms": 27.274}
candidate-1   | /opt/project-venv/lib/python3.12/site-packages/sklearn/utils/validation.py:2749: UserWarning: X does not have valid feature names, but LGBMRegressor was fitted with feature names
candidate-1   |   warnings.warn(
candidate-1   | {"timestamp": "2026-10-01T19:02:01Z", "event": "http_request", "request_id": "7a3c858ecb9144328e0685af3c8c063b", "method": "POST", "route": "/predict", "status": 200, "latency_ms": 23.813}
candidate-1   | {"timestamp": "2026-10-01T19:02:01Z", "event": "http_request", "request_id": "73b52e97c26543c89826c239193e7b9f", "method": "POST", "route": "/predict", "status": 200, "latency_ms": 24.709}
candidate-1   | {"timestamp": "2026-10-01T19:02:01Z", "event": "http_request", "request_id": "d5eac7e314424b8c88c68285eb62147c", "method": "POST", "route": "/predict", "status": 200, "latency_ms": 21.171}
candidate-1   | /opt/project-venv/lib/python3.12/site-packages/sklearn/utils/validation.py:2749: UserWarning: X does not have valid feature names, but LGBMRegressor was fitted with feature names
candidate-1   |   warnings.warn(
candidate-1   | {"timestamp": "2026-10-01T19:02:01Z", "event": "http_request", "request_id": "cde11b58543e4d588e51c4f804ff86ff", "method": "POST", "route": "/predict", "status": 200, "latency_ms": 17.515}
candidate-1   | {"timestamp": "2026-10-01T19:02:01Z", "event": "http_request", "request_id": "8f0f7bf1df52446a984291c856987585", "method": "POST", "route": "/predict", "status": 200, "latency_ms": 17.912}
candidate-1   | /opt/project-venv/lib/python3.12/site-packages/sklearn/utils/validation.py:2749: UserWarning: X does not have valid feature names, but LGBMRegressor was fitted with feature names
candidate-1   |   warnings.warn(
candidate-1   | /opt/project-venv/lib/python3.12/site-packages/sklearn/utils/validation.py:2749: UserWarning: X does not have valid feature names, but LGBMRegressor was fitted with feature names
candidate-1   |   warnings.warn(
candidate-1   | {"timestamp": "2026-10-01T19:02:01Z", "event": "http_request", "request_id": "fbdcbc1aeafd4f7e850a55c450311a4a", "method": "POST", "route": "/predict", "status": 200, "latency_ms": 20.747}
candidate-1   | /opt/project-venv/lib/python3.12/site-packages/sklearn/utils/validation.py:2749: UserWarning: X does not have valid feature names, but LGBMRegressor was fitted with feature names
candidate-1   |   warnings.warn(
candidate-1   | {"timestamp": "2026-10-01T19:02:01Z", "event": "http_request", "request_id": "b5b3d779f6774f668f20223fdefd0741", "method": "POST", "route": "/predict", "status": 200, "latency_ms": 15.796}
candidate-1   | /opt/project-venv/lib/python3.12/site-packages/sklearn/utils/validation.py:2749: UserWarning: X does not have valid feature names, but LGBMRegressor was fitted with feature names
candidate-1   |   warnings.warn(
candidate-1   | {"timestamp": "2026-10-01T19:02:01Z", "event": "http_request", "request_id": "9832225998b142a1b7a2698890baa433", "method": "POST", "route": "/predict", "status": 200, "latency_ms": 18.5}
candidate-1   | /opt/project-venv/lib/python3.12/site-packages/sklearn/utils/validation.py:2749: UserWarning: X does not have valid feature names, but LGBMRegressor was fitted with feature names
candidate-1   |   warnings.warn(
candidate-1   | /opt/project-venv/lib/python3.12/site-packages/sklearn/utils/validation.py:2749: UserWarning: X does not have valid feature names, but LGBMRegressor was fitted with feature names
candidate-1   |   warnings.warn(
candidate-1   | /opt/project-venv/lib/python3.12/site-packages/sklearn/utils/validation.py:2749: UserWarning: X does not have valid feature names, but LGBMRegressor was fitted with feature names
candidate-1   |   warnings.warn(
candidate-1   | {"timestamp": "2026-10-01T19:02:01Z", "event": "http_request", "request_id": "2cafa1ecc84b4c6cb12fe0d89a0280ee", "method": "POST", "route": "/predict", "status": 200, "latency_ms": 20.551}
candidate-1   | /opt/project-venv/lib/python3.12/site-packages/sklearn/utils/validation.py:2749: UserWarning: X does not have valid feature names, but LGBMRegressor was fitted with feature names
candidate-1   |   warnings.warn(
candidate-1   | /opt/project-venv/lib/python3.12/site-packages/sklearn/utils/validation.py:2749: UserWarning: X does not have valid feature names, but LGBMRegressor was fitted with feature names
candidate-1   |   warnings.warn(
candidate-1   | /opt/project-venv/lib/python3.12/site-packages/sklearn/utils/validation.py:2749: UserWarning: X does not have valid feature names, but LGBMRegressor was fitted with feature names
candidate-1   |   warnings.warn(
candidate-1   | {"timestamp": "2026-10-01T19:02:01Z", "event": "http_request", "request_id": "ee264bd69b834741a17b59b6b3273169", "method": "POST", "route": "/predict", "status": 200, "latency_ms": 19.371}
candidate-1   | {"timestamp": "2026-10-01T19:02:01Z", "event": "http_request", "request_id": "7e2fc1de17214bbe8d474d0a41bee2bd", "method": "POST", "route": "/predict", "status": 200, "latency_ms": 26.964}
candidate-1   | /opt/project-venv/lib/python3.12/site-packages/sklearn/utils/validation.py:2749: UserWarning: X does not have valid feature names, but LGBMRegressor was fitted with feature names
candidate-1   |   warnings.warn(
candidate-1   | /opt/project-venv/lib/python3.12/site-packages/sklearn/utils/validation.py:2749: UserWarning: X does not have valid feature names, but LGBMRegressor was fitted with feature names
candidate-1   |   warnings.warn(
candidate-1   | {"timestamp": "2026-10-01T19:02:01Z", "event": "http_request", "request_id": "720276875b36471db38081484ffd54ee", "method": "POST", "route": "/predict", "status": 200, "latency_ms": 23.104}
candidate-1   | {"timestamp": "2026-10-01T19:02:01Z", "event": "http_request", "request_id": "8f9c6be423cb4cfa871bc500a36740ad", "method": "POST", "route": "/predict", "status": 200, "latency_ms": 25.65}
candidate-1   | {"timestamp": "2026-10-01T19:02:01Z", "event": "http_request", "request_id": "91224c7300624ed7b03de3ed3acf4009", "method": "POST", "route": "/predict", "status": 200, "latency_ms": 28.769}
candidate-1   | {"timestamp": "2026-10-01T19:02:01Z", "event": "http_request", "request_id": "631984daffcc4f3ea42540181754724c", "method": "POST", "route": "/predict", "status": 200, "latency_ms": 29.045}
candidate-1   | /opt/project-venv/lib/python3.12/site-packages/sklearn/utils/validation.py:2749: UserWarning: X does not have valid feature names, but LGBMRegressor was fitted with feature names
candidate-1   |   warnings.warn(
candidate-1   | {"timestamp": "2026-10-01T19:02:01Z", "event": "http_request", "request_id": "7fc49f0d4c01496eb48fb255ed10ac8b", "method": "POST", "route": "/predict", "status": 200, "latency_ms": 19.197}
candidate-1   | {"timestamp": "2026-10-01T19:02:01Z", "event": "http_request", "request_id": "dc05e7fe56af4074b02f521d593fd1cc", "method": "POST", "route": "/predict", "status": 200, "latency_ms": 20.554}
candidate-1   | {"timestamp": "2026-10-01T19:02:01Z", "event": "http_request", "request_id": "2b0cc51042394f7da4e3ca232f54f823", "method": "POST", "route": "/predict", "status": 200, "latency_ms": 17.217}
candidate-1   | /opt/project-venv/lib/python3.12/site-packages/sklearn/utils/validation.py:2749: UserWarning: X does not have valid feature names, but LGBMRegressor was fitted with feature names
candidate-1   |   warnings.warn(
candidate-1   | {"timestamp": "2026-10-01T19:02:01Z", "event": "http_request", "request_id": "3eeb666149bd44058cae8741da3d7633", "method": "POST", "route": "/predict", "status": 200, "latency_ms": 16.556}
candidate-1   | /opt/project-venv/lib/python3.12/site-packages/sklearn/utils/validation.py:2749: UserWarning: X does not have valid feature names, but LGBMRegressor was fitted with feature names
candidate-1   |   warnings.warn(
candidate-1   | {"timestamp": "2026-10-01T19:02:01Z", "event": "http_request", "request_id": "9efcb624a2364eb6a4872b8b5aa4e5bf", "method": "POST", "route": "/predict", "status": 200, "latency_ms": 15.992}
candidate-1   | /opt/project-venv/lib/python3.12/site-packages/sklearn/utils/validation.py:2749: UserWarning: X does not have valid feature names, but LGBMRegressor was fitted with feature names
candidate-1   |   warnings.warn(
candidate-1   | /opt/project-venv/lib/python3.12/site-packages/sklearn/utils/validation.py:2749: UserWarning: X does not have valid feature names, but LGBMRegressor was fitted with feature names
candidate-1   |   warnings.warn(
candidate-1   | {"timestamp": "2026-10-01T19:02:01Z", "event": "http_request", "request_id": "326cb8e8269f4ae4a021769d4b0629d3", "method": "POST", "route": "/predict", "status": 200, "latency_ms": 15.442}
candidate-1   | /opt/project-venv/lib/python3.12/site-packages/sklearn/utils/validation.py:2749: UserWarning: X does not have valid feature names, but LGBMRegressor was fitted with feature names
candidate-1   |   warnings.warn(
candidate-1   | {"timestamp": "2026-10-01T19:02:01Z", "event": "http_request", "request_id": "73b5c7321fc74c28b72dda0fd02728ed", "method": "POST", "route": "/predict", "status": 200, "latency_ms": 19.944}
candidate-1   | /opt/project-venv/lib/python3.12/site-packages/sklearn/utils/validation.py:2749: UserWarning: X does not have valid feature names, but LGBMRegressor was fitted with feature names
candidate-1   |   warnings.warn(
candidate-1   | {"timestamp": "2026-10-01T19:02:01Z", "event": "http_request", "request_id": "21d8ccf5b55d405d987eae3cfcf50435", "method": "POST", "route": "/predict", "status": 200, "latency_ms": 18.773}
candidate-1   | /opt/project-venv/lib/python3.12/site-packages/sklearn/utils/validation.py:2749: UserWarning: X does not have valid feature names, but LGBMRegressor was fitted with feature names
candidate-1   |   warnings.warn(
candidate-1   | /opt/project-venv/lib/python3.12/site-packages/sklearn/utils/validation.py:2749: UserWarning: X does not have valid feature names, but LGBMRegressor was fitted with feature names
candidate-1   |   warnings.warn(
candidate-1   | {"timestamp": "2026-10-01T19:02:01Z", "event": "http_request", "request_id": "966e7245664545bdbbfd9d3042535b46", "method": "POST", "route": "/predict", "status": 200, "latency_ms": 22.774}
candidate-1   | {"timestamp": "2026-10-01T19:02:01Z", "event": "http_request", "request_id": "5a27530f60e04bd9a153e137c6acb3f0", "method": "POST", "route": "/predict", "status": 200, "latency_ms": 23.344}
candidate-1   | /opt/project-venv/lib/python3.12/site-packages/sklearn/utils/validation.py:2749: UserWarning: X does not have valid feature names, but LGBMRegressor was fitted with feature names
candidate-1   |   warnings.warn(
candidate-1   | /opt/project-venv/lib/python3.12/site-packages/sklearn/utils/validation.py:2749: UserWarning: X does not have valid feature names, but LGBMRegressor was fitted with feature names
candidate-1   |   warnings.warn(
candidate-1   | {"timestamp": "2026-10-01T19:02:01Z", "event": "http_request", "request_id": "3c09adc87b6e4c50ae769a3921c40895", "method": "POST", "route": "/predict", "status": 200, "latency_ms": 25.908}
candidate-1   | /opt/project-venv/lib/python3.12/site-packages/sklearn/utils/validation.py:2749: UserWarning: X does not have valid feature names, but LGBMRegressor was fitted with feature names
candidate-1   |   warnings.warn(
candidate-1   | {"timestamp": "2026-10-01T19:02:01Z", "event": "http_request", "request_id": "5d827d8ea1994014a7aa41623d2ecbc0", "method": "POST", "route": "/predict", "status": 200, "latency_ms": 24.424}
candidate-1   | /opt/project-venv/lib/python3.12/site-packages/sklearn/utils/validation.py:2749: UserWarning: X does not have valid feature names, but LGBMRegressor was fitted with feature names
candidate-1   |   warnings.warn(
candidate-1   | /opt/project-venv/lib/python3.12/site-packages/sklearn/utils/validation.py:2749: UserWarning: X does not have valid feature names, but LGBMRegressor was fitted with feature names
candidate-1   |   warnings.warn(
candidate-1   | {"timestamp": "2026-10-01T19:02:01Z", "event": "http_request", "request_id": "29af27b314804f75af499e66d79c0f1f", "method": "POST", "route": "/predict", "status": 200, "latency_ms": 23.477}
candidate-1   | {"timestamp": "2026-10-01T19:02:01Z", "event": "http_request", "request_id": "3935654b29b04703b6133e9f7dc134c2", "method": "POST", "route": "/predict", "status": 200, "latency_ms": 25.811}
candidate-1   | {"timestamp": "2026-10-01T19:02:01Z", "event": "http_request", "request_id": "83779d9ed6c44805bc523bc7411904eb", "method": "POST", "route": "/predict", "status": 200, "latency_ms": 31.148}
candidate-1   | /opt/project-venv/lib/python3.12/site-packages/sklearn/utils/validation.py:2749: UserWarning: X does not have valid feature names, but LGBMRegressor was fitted with feature names
candidate-1   |   warnings.warn(
candidate-1   | /opt/project-venv/lib/python3.12/site-packages/sklearn/utils/validation.py:2749: UserWarning: X does not have valid feature names, but LGBMRegressor was fitted with feature names
candidate-1   |   warnings.warn(
candidate-1   | {"timestamp": "2026-10-01T19:02:01Z", "event": "http_request", "request_id": "a041de54b8ac40f78dfe1ad4b658aa2f", "method": "POST", "route": "/predict", "status": 200, "latency_ms": 39.36}
candidate-1   | {"timestamp": "2026-10-01T19:02:01Z", "event": "http_request", "request_id": "c813bef7b8624d748fb699bbba209bab", "method": "POST", "route": "/predict", "status": 200, "latency_ms": 23.454}
candidate-1   | /opt/project-venv/lib/python3.12/site-packages/sklearn/utils/validation.py:2749: UserWarning: X does not have valid feature names, but LGBMRegressor was fitted with feature names
candidate-1   |   warnings.warn(
candidate-1   | /opt/project-venv/lib/python3.12/site-packages/sklearn/utils/validation.py:2749: UserWarning: X does not have valid feature names, but LGBMRegressor was fitted with feature names
candidate-1   |   warnings.warn(
candidate-1   | /opt/project-venv/lib/python3.12/site-packages/sklearn/utils/validation.py:2749: UserWarning: X does not have valid feature names, but LGBMRegressor was fitted with feature names
candidate-1   |   warnings.warn(
candidate-1   | {"timestamp": "2026-10-01T19:02:01Z", "event": "http_request", "request_id": "e6b6be558e434cad8fce17f907bb4fda", "method": "POST", "route": "/predict", "status": 200, "latency_ms": 28.447}
candidate-1   | {"timestamp": "2026-10-01T19:02:01Z", "event": "http_request", "request_id": "2ad2c0b4895344e78fbab851f2ed8b81", "method": "POST", "route": "/predict", "status": 200, "latency_ms": 16.763}
candidate-1   | {"timestamp": "2026-10-01T19:02:01Z", "event": "http_request", "request_id": "6b85b0ccec0e4c90819b937d928967bc", "method": "POST", "route": "/predict", "status": 200, "latency_ms": 17.738}
candidate-1   | {"timestamp": "2026-10-01T19:02:01Z", "event": "http_request", "request_id": "8ff5b37f0eaa4070a9278a3ca63cbd79", "method": "POST", "route": "/predict", "status": 200, "latency_ms": 26.018}
candidate-1   | /opt/project-venv/lib/python3.12/site-packages/sklearn/utils/validation.py:2749: UserWarning: X does not have valid feature names, but LGBMRegressor was fitted with feature names
candidate-1   |   warnings.warn(
candidate-1   | {"timestamp": "2026-10-01T19:02:01Z", "event": "http_request", "request_id": "068b3fb850414d89bcd38c968cf1093c", "method": "POST", "route": "/predict", "status": 200, "latency_ms": 25.532}
candidate-1   | /opt/project-venv/lib/python3.12/site-packages/sklearn/utils/validation.py:2749: UserWarning: X does not have valid feature names, but LGBMRegressor was fitted with feature names
candidate-1   |   warnings.warn(
candidate-1   | {"timestamp": "2026-10-01T19:02:01Z", "event": "http_request", "request_id": "d4c2c8ee918d464c920dee6acdc28c7f", "method": "POST", "route": "/predict", "status": 200, "latency_ms": 16.036}
candidate-1   | /opt/project-venv/lib/python3.12/site-packages/sklearn/utils/validation.py:2749: UserWarning: X does not have valid feature names, but LGBMRegressor was fitted with feature names
candidate-1   |   warnings.warn(
candidate-1   | /opt/project-venv/lib/python3.12/site-packages/sklearn/utils/validation.py:2749: UserWarning: X does not have valid feature names, but LGBMRegressor was fitted with feature names
candidate-1   |   warnings.warn(
candidate-1   | {"timestamp": "2026-10-01T19:02:01Z", "event": "http_request", "request_id": "f05538a049df4b0e93f577e3025b75e0", "method": "POST", "route": "/predict", "status": 200, "latency_ms": 17.48}
candidate-1   | /opt/project-venv/lib/python3.12/site-packages/sklearn/utils/validation.py:2749: UserWarning: X does not have valid feature names, but LGBMRegressor was fitted with feature names
candidate-1   |   warnings.warn(
candidate-1   | {"timestamp": "2026-10-01T19:02:01Z", "event": "http_request", "request_id": "a459ba99ab814dfa817e9e1acf04276e", "method": "POST", "route": "/predict", "status": 200, "latency_ms": 19.906}
candidate-1   | /opt/project-venv/lib/python3.12/site-packages/sklearn/utils/validation.py:2749: UserWarning: X does not have valid feature names, but LGBMRegressor was fitted with feature names
candidate-1   |   warnings.warn(
candidate-1   | {"timestamp": "2026-10-01T19:02:01Z", "event": "http_request", "request_id": "8fb7281cf02b4ff887d2cde1b4e406b0", "method": "POST", "route": "/predict", "status": 200, "latency_ms": 21.161}
candidate-1   | /opt/project-venv/lib/python3.12/site-packages/sklearn/utils/validation.py:2749: UserWarning: X does not have valid feature names, but LGBMRegressor was fitted with feature names
candidate-1   |   warnings.warn(
candidate-1   | /opt/project-venv/lib/python3.12/site-packages/sklearn/utils/validation.py:2749: UserWarning: X does not have valid feature names, but LGBMRegressor was fitted with feature names
candidate-1   |   warnings.warn(
candidate-1   | /opt/project-venv/lib/python3.12/site-packages/sklearn/utils/validation.py:2749: UserWarning: X does not have valid feature names, but LGBMRegressor was fitted with feature names
candidate-1   |   warnings.warn(
candidate-1   | /opt/project-venv/lib/python3.12/site-packages/sklearn/utils/validation.py:2749: UserWarning: X does not have valid feature names, but LGBMRegressor was fitted with feature names
candidate-1   |   warnings.warn(
candidate-1   | {"timestamp": "2026-10-01T19:02:01Z", "event": "http_request", "request_id": "2ceb2509d69d41308e331ba5b1e70150", "method": "POST", "route": "/predict", "status": 200, "latency_ms": 30.123}
candidate-1   | /opt/project-venv/lib/python3.12/site-packages/sklearn/utils/validation.py:2749: UserWarning: X does not have valid feature names, but LGBMRegressor was fitted with feature names
candidate-1   |   warnings.warn(
candidate-1   | {"timestamp": "2026-10-01T19:02:01Z", "event": "http_request", "request_id": "49808738507d4c12825b929f9166a4c7", "method": "POST", "route": "/predict", "status": 200, "latency_ms": 23.336}
candidate-1   | /opt/project-venv/lib/python3.12/site-packages/sklearn/utils/validation.py:2749: UserWarning: X does not have valid feature names, but LGBMRegressor was fitted with feature names
candidate-1   |   warnings.warn(
candidate-1   | {"timestamp": "2026-10-01T19:02:01Z", "event": "http_request", "request_id": "9405bba25e5746e7a8dc0f32507288ea", "method": "POST", "route": "/predict", "status": 200, "latency_ms": 18.102}
candidate-1   | {"timestamp": "2026-10-01T19:02:01Z", "event": "http_request", "request_id": "41e46250d68d43aa9a6894a8780a832b", "method": "POST", "route": "/predict", "status": 200, "latency_ms": 26.091}
candidate-1   | /opt/project-venv/lib/python3.12/site-packages/sklearn/utils/validation.py:2749: UserWarning: X does not have valid feature names, but LGBMRegressor was fitted with feature names
candidate-1   |   warnings.warn(
candidate-1   | {"timestamp": "2026-10-01T19:02:01Z", "event": "http_request", "request_id": "72b58b2ef6c943568d09b10eec9f21cc", "method": "POST", "route": "/predict", "status": 200, "latency_ms": 24.599}
candidate-1   | /opt/project-venv/lib/python3.12/site-packages/sklearn/utils/validation.py:2749: UserWarning: X does not have valid feature names, but LGBMRegressor was fitted with feature names
candidate-1   |   warnings.warn(
candidate-1   | {"timestamp": "2026-10-01T19:02:01Z", "event": "http_request", "request_id": "dafaea29012f492f85c107056e065b10", "method": "POST", "route": "/predict", "status": 200, "latency_ms": 30.131}
candidate-1   | {"timestamp": "2026-10-01T19:02:01Z", "event": "http_request", "request_id": "f899860e439e491bb879020c08571800", "method": "POST", "route": "/predict", "status": 200, "latency_ms": 23.042}
candidate-1   | {"timestamp": "2026-10-01T19:02:01Z", "event": "http_request", "request_id": "11d04a01f89b40b3b73f322a39eca446", "method": "POST", "route": "/predict", "status": 200, "latency_ms": 30.661}
candidate-1   | /opt/project-venv/lib/python3.12/site-packages/sklearn/utils/validation.py:2749: UserWarning: X does not have valid feature names, but LGBMRegressor was fitted with feature names
candidate-1   |   warnings.warn(
candidate-1   | {"timestamp": "2026-10-01T19:02:01Z", "event": "http_request", "request_id": "990822e9d79f407286c5ce2e6a68048c", "method": "POST", "route": "/predict", "status": 200, "latency_ms": 20.813}
candidate-1   | /opt/project-venv/lib/python3.12/site-packages/sklearn/utils/validation.py:2749: UserWarning: X does not have valid feature names, but LGBMRegressor was fitted with feature names
candidate-1   |   warnings.warn(
candidate-1   | {"timestamp": "2026-10-01T19:02:01Z", "event": "http_request", "request_id": "b2530e533c76430b9071c8ba09781178", "method": "POST", "route": "/predict", "status": 200, "latency_ms": 23.363}
candidate-1   | /opt/project-venv/lib/python3.12/site-packages/sklearn/utils/validation.py:2749: UserWarning: X does not have valid feature names, but LGBMRegressor was fitted with feature names
candidate-1   |   warnings.warn(
candidate-1   | {"timestamp": "2026-10-01T19:02:01Z", "event": "http_request", "request_id": "6f202d689dac4b3baad5354305d628fb", "method": "POST", "route": "/predict", "status": 200, "latency_ms": 16.167}
candidate-1   | {"timestamp": "2026-10-01T19:02:01Z", "event": "http_request", "request_id": "6643ba96735344309b0d03834800a9f6", "method": "POST", "route": "/predict", "status": 200, "latency_ms": 13.18}
candidate-1   | /opt/project-venv/lib/python3.12/site-packages/sklearn/utils/validation.py:2749: UserWarning: X does not have valid feature names, but LGBMRegressor was fitted with feature names
candidate-1   |   warnings.warn(
candidate-1   | /opt/project-venv/lib/python3.12/site-packages/sklearn/utils/validation.py:2749: UserWarning: X does not have valid feature names, but LGBMRegressor was fitted with feature names
candidate-1   |   warnings.warn(
candidate-1   | {"timestamp": "2026-10-01T19:02:01Z", "event": "http_request", "request_id": "cf687a2901d34fa9b14be853448c7176", "method": "POST", "route": "/predict", "status": 200, "latency_ms": 19.051}
candidate-1   | {"timestamp": "2026-10-01T19:02:01Z", "event": "http_request", "request_id": "4e406a3abab7474e98ed215f6a61c662", "method": "POST", "route": "/predict", "status": 200, "latency_ms": 21.337}
candidate-1   | {"timestamp": "2026-10-01T19:02:01Z", "event": "http_request", "request_id": "f3fee0278bc54cbd9693b6591f798684", "method": "POST", "route": "/predict", "status": 200, "latency_ms": 18.943}
candidate-1   | /opt/project-venv/lib/python3.12/site-packages/sklearn/utils/validation.py:2749: UserWarning: X does not have valid feature names, but LGBMRegressor was fitted with feature names
candidate-1   |   warnings.warn(
candidate-1   | /opt/project-venv/lib/python3.12/site-packages/sklearn/utils/validation.py:2749: UserWarning: X does not have valid feature names, but LGBMRegressor was fitted with feature names
candidate-1   |   warnings.warn(
candidate-1   | {"timestamp": "2026-10-01T19:02:01Z", "event": "http_request", "request_id": "a3268be4946e4090b2835ef9f3e5ae2b", "method": "POST", "route": "/predict", "status": 200, "latency_ms": 20.059}
candidate-1   | /opt/project-venv/lib/python3.12/site-packages/sklearn/utils/validation.py:2749: UserWarning: X does not have valid feature names, but LGBMRegressor was fitted with feature names
candidate-1   |   warnings.warn(
candidate-1   | {"timestamp": "2026-10-01T19:02:01Z", "event": "http_request", "request_id": "f566e9fdb77f4f1c8760662d0aea0884", "method": "POST", "route": "/predict", "status": 200, "latency_ms": 23.357}
candidate-1   | {"timestamp": "2026-10-01T19:02:01Z", "event": "http_request", "request_id": "f4f134405357451b8ce85dc661c99b04", "method": "POST", "route": "/predict", "status": 200, "latency_ms": 22.701}
candidate-1   | /opt/project-venv/lib/python3.12/site-packages/sklearn/utils/validation.py:2749: UserWarning: X does not have valid feature names, but LGBMRegressor was fitted with feature names
candidate-1   |   warnings.warn(
candidate-1   | /opt/project-venv/lib/python3.12/site-packages/sklearn/utils/validation.py:2749: UserWarning: X does not have valid feature names, but LGBMRegressor was fitted with feature names
candidate-1   |   warnings.warn(
candidate-1   | /opt/project-venv/lib/python3.12/site-packages/sklearn/utils/validation.py:2749: UserWarning: X does not have valid feature names, but LGBMRegressor was fitted with feature names
candidate-1   |   warnings.warn(
candidate-1   | {"timestamp": "2026-10-01T19:02:01Z", "event": "http_request", "request_id": "f209c4d4df0d49f08b3518829bbfe109", "method": "POST", "route": "/predict", "status": 200, "latency_ms": 24.36}
candidate-1   | /opt/project-venv/lib/python3.12/site-packages/sklearn/utils/validation.py:2749: UserWarning: X does not have valid feature names, but LGBMRegressor was fitted with feature names
candidate-1   |   warnings.warn(
candidate-1   | {"timestamp": "2026-10-01T19:02:01Z", "event": "http_request", "request_id": "8db945ce9b5b4e1690e941ffb1e47d83", "method": "POST", "route": "/predict", "status": 200, "latency_ms": 24.016}
candidate-1   | {"timestamp": "2026-10-01T19:02:01Z", "event": "http_request", "request_id": "9e12adac1685432a85a8fdd30d357267", "method": "POST", "route": "/predict", "status": 200, "latency_ms": 27.865}
candidate-1   | /opt/project-venv/lib/python3.12/site-packages/sklearn/utils/validation.py:2749: UserWarning: X does not have valid feature names, but LGBMRegressor was fitted with feature names
candidate-1   |   warnings.warn(
candidate-1   | /opt/project-venv/lib/python3.12/site-packages/sklearn/utils/validation.py:2749: UserWarning: X does not have valid feature names, but LGBMRegressor was fitted with feature names
candidate-1   |   warnings.warn(
candidate-1   | {"timestamp": "2026-10-01T19:02:01Z", "event": "http_request", "request_id": "524f710ee7094ee9a3168f74fb3f78a0", "method": "POST", "route": "/predict", "status": 200, "latency_ms": 27.422}
candidate-1   | {"timestamp": "2026-10-01T19:02:01Z", "event": "http_request", "request_id": "e67ba34c535d48bdbb7db39ad2534512", "method": "POST", "route": "/predict", "status": 200, "latency_ms": 22.799}
candidate-1   | /opt/project-venv/lib/python3.12/site-packages/sklearn/utils/validation.py:2749: UserWarning: X does not have valid feature names, but LGBMRegressor was fitted with feature names
candidate-1   |   warnings.warn(
candidate-1   | /opt/project-venv/lib/python3.12/site-packages/sklearn/utils/validation.py:2749: UserWarning: X does not have valid feature names, but LGBMRegressor was fitted with feature names
candidate-1   |   warnings.warn(
candidate-1   | {"timestamp": "2026-10-01T19:02:01Z", "event": "http_request", "request_id": "469caaba8bd142159a2d649ad0678def", "method": "POST", "route": "/predict", "status": 200, "latency_ms": 28.153}
candidate-1   | /opt/project-venv/lib/python3.12/site-packages/sklearn/utils/validation.py:2749: UserWarning: X does not have valid feature names, but LGBMRegressor was fitted with feature names
candidate-1   |   warnings.warn(
candidate-1   | /opt/project-venv/lib/python3.12/site-packages/sklearn/utils/validation.py:2749: UserWarning: X does not have valid feature names, but LGBMRegressor was fitted with feature names
candidate-1   |   warnings.warn(
candidate-1   | /opt/project-venv/lib/python3.12/site-packages/sklearn/utils/validation.py:2749: UserWarning: X does not have valid feature names, but LGBMRegressor was fitted with feature names
candidate-1   |   warnings.warn(
candidate-1   | /opt/project-venv/lib/python3.12/site-packages/sklearn/utils/validation.py:2749: UserWarning: X does not have valid feature names, but LGBMRegressor was fitted with feature names
candidate-1   |   warnings.warn(
candidate-1   | {"timestamp": "2026-10-01T19:02:01Z", "event": "http_request", "request_id": "58a77d75cc084195be77b69af7f1794d", "method": "POST", "route": "/predict", "status": 200, "latency_ms": 35.471}
candidate-1   | {"timestamp": "2026-10-01T19:02:01Z", "event": "http_request", "request_id": "954fb369a812440a875e725739ddfa48", "method": "POST", "route": "/predict", "status": 200, "latency_ms": 28.964}
candidate-1   | /opt/project-venv/lib/python3.12/site-packages/sklearn/utils/validation.py:2749: UserWarning: X does not have valid feature names, but LGBMRegressor was fitted with feature names
candidate-1   |   warnings.warn(
candidate-1   | /opt/project-venv/lib/python3.12/site-packages/sklearn/utils/validation.py:2749: UserWarning: X does not have valid feature names, but LGBMRegressor was fitted with feature names
candidate-1   |   warnings.warn(
candidate-1   | {"timestamp": "2026-10-01T19:02:01Z", "event": "http_request", "request_id": "ee0b93097edd4e2aa0d07b3cee039ca5", "method": "POST", "route": "/predict", "status": 200, "latency_ms": 31.126}
candidate-1   | {"timestamp": "2026-10-01T19:02:01Z", "event": "http_request", "request_id": "59df2528497a411797ba029b1da36811", "method": "POST", "route": "/predict", "status": 200, "latency_ms": 32.32}
candidate-1   | /opt/project-venv/lib/python3.12/site-packages/sklearn/utils/validation.py:2749: UserWarning: X does not have valid feature names, but LGBMRegressor was fitted with feature names
candidate-1   |   warnings.warn(
candidate-1   | {"timestamp": "2026-10-01T19:02:01Z", "event": "http_request", "request_id": "fe37b08489ca4432bff2e42637241264", "method": "POST", "route": "/predict", "status": 200, "latency_ms": 24.452}
candidate-1   | {"timestamp": "2026-10-01T19:02:01Z", "event": "http_request", "request_id": "0d1d63f56fe84ea18d5ef21f94529070", "method": "POST", "route": "/predict", "status": 200, "latency_ms": 29.231}
candidate-1   | /opt/project-venv/lib/python3.12/site-packages/sklearn/utils/validation.py:2749: UserWarning: X does not have valid feature names, but LGBMRegressor was fitted with feature names
candidate-1   |   warnings.warn(
candidate-1   | /opt/project-venv/lib/python3.12/site-packages/sklearn/utils/validation.py:2749: UserWarning: X does not have valid feature names, but LGBMRegressor was fitted with feature names
candidate-1   |   warnings.warn(
candidate-1   | {"timestamp": "2026-10-01T19:02:01Z", "event": "http_request", "request_id": "f16c4456687545fb9434d92cee7a1cf0", "method": "POST", "route": "/predict", "status": 200, "latency_ms": 29.028}
candidate-1   | {"timestamp": "2026-10-01T19:02:01Z", "event": "http_request", "request_id": "2c3166577e5b4e909b6527dc557a60db", "method": "POST", "route": "/predict", "status": 200, "latency_ms": 23.194}
candidate-1   | /opt/project-venv/lib/python3.12/site-packages/sklearn/utils/validation.py:2749: UserWarning: X does not have valid feature names, but LGBMRegressor was fitted with feature names
candidate-1   |   warnings.warn(
candidate-1   | {"timestamp": "2026-10-01T19:02:01Z", "event": "http_request", "request_id": "448c0bdc24a144968f3d6aa5d91e0f92", "method": "POST", "route": "/predict", "status": 200, "latency_ms": 25.841}
candidate-1   | /opt/project-venv/lib/python3.12/site-packages/sklearn/utils/validation.py:2749: UserWarning: X does not have valid feature names, but LGBMRegressor was fitted with feature names
candidate-1   |   warnings.warn(
candidate-1   | {"timestamp": "2026-10-01T19:02:01Z", "event": "http_request", "request_id": "05c9069bdd814b0aa19c3dc8a568b4d5", "method": "POST", "route": "/predict", "status": 200, "latency_ms": 24.492}
candidate-1   | {"timestamp": "2026-10-01T19:02:01Z", "event": "http_request", "request_id": "395ca06ca3164301b9f14a0315f5dbb1", "method": "POST", "route": "/predict", "status": 200, "latency_ms": 20.547}
candidate-1   | /opt/project-venv/lib/python3.12/site-packages/sklearn/utils/validation.py:2749: UserWarning: X does not have valid feature names, but LGBMRegressor was fitted with feature names
candidate-1   |   warnings.warn(
candidate-1   | {"timestamp": "2026-10-01T19:02:01Z", "event": "http_request", "request_id": "edb630c1e6824d54b2300dac26fdeb4f", "method": "POST", "route": "/predict", "status": 200, "latency_ms": 23.232}
candidate-1   | /opt/project-venv/lib/python3.12/site-packages/sklearn/utils/validation.py:2749: UserWarning: X does not have valid feature names, but LGBMRegressor was fitted with feature names
candidate-1   |   warnings.warn(
candidate-1   | /opt/project-venv/lib/python3.12/site-packages/sklearn/utils/validation.py:2749: UserWarning: X does not have valid feature names, but LGBMRegressor was fitted with feature names
candidate-1   |   warnings.warn(
candidate-1   | {"timestamp": "2026-10-01T19:02:01Z", "event": "http_request", "request_id": "d5f5a7963b6c47efa36f8d28f10cfebb", "method": "POST", "route": "/predict", "status": 200, "latency_ms": 21.945}
candidate-1   | {"timestamp": "2026-10-01T19:02:01Z", "event": "http_request", "request_id": "628be4e8f10242e08e5dbffce7c3b5f9", "method": "POST", "route": "/predict", "status": 200, "latency_ms": 20.969}
candidate-1   | /opt/project-venv/lib/python3.12/site-packages/sklearn/utils/validation.py:2749: UserWarning: X does not have valid feature names, but LGBMRegressor was fitted with feature names
candidate-1   |   warnings.warn(
candidate-1   | /opt/project-venv/lib/python3.12/site-packages/sklearn/utils/validation.py:2749: UserWarning: X does not have valid feature names, but LGBMRegressor was fitted with feature names
candidate-1   |   warnings.warn(
candidate-1   | {"timestamp": "2026-10-01T19:02:01Z", "event": "http_request", "request_id": "f3ca420eb18b4c31b9aee9eade42d86e", "method": "POST", "route": "/predict", "status": 200, "latency_ms": 25.129}
candidate-1   | {"timestamp": "2026-10-01T19:02:01Z", "event": "http_request", "request_id": "f675c0d3cf9d4ab1b56895f888fe7794", "method": "POST", "route": "/predict", "status": 200, "latency_ms": 21.595}
candidate-1   | /opt/project-venv/lib/python3.12/site-packages/sklearn/utils/validation.py:2749: UserWarning: X does not have valid feature names, but LGBMRegressor was fitted with feature names
candidate-1   |   warnings.warn(
candidate-1   | /opt/project-venv/lib/python3.12/site-packages/sklearn/utils/validation.py:2749: UserWarning: X does not have valid feature names, but LGBMRegressor was fitted with feature names
candidate-1   |   warnings.warn(
candidate-1   | {"timestamp": "2026-10-01T19:02:01Z", "event": "http_request", "request_id": "69a34020277a433a82efeca10a176ef3", "method": "POST", "route": "/predict", "status": 200, "latency_ms": 28.556}
candidate-1   | /opt/project-venv/lib/python3.12/site-packages/sklearn/utils/validation.py:2749: UserWarning: X does not have valid feature names, but LGBMRegressor was fitted with feature names
candidate-1   |   warnings.warn(
candidate-1   | {"timestamp": "2026-10-01T19:02:01Z", "event": "http_request", "request_id": "f320c214fc024735b2a74846930efc0a", "method": "POST", "route": "/predict", "status": 200, "latency_ms": 27.399}
candidate-1   | /opt/project-venv/lib/python3.12/site-packages/sklearn/utils/validation.py:2749: UserWarning: X does not have valid feature names, but LGBMRegressor was fitted with feature names
candidate-1   |   warnings.warn(
candidate-1   | {"timestamp": "2026-10-01T19:02:01Z", "event": "http_request", "request_id": "1eee9d8cb9f94d54932051cbb6ca10f6", "method": "POST", "route": "/predict", "status": 200, "latency_ms": 27.559}
candidate-1   | {"timestamp": "2026-10-01T19:02:01Z", "event": "http_request", "request_id": "1014ece5e1a14b81a8892ca479cdc261", "method": "POST", "route": "/predict", "status": 200, "latency_ms": 25.446}
candidate-1   | {"timestamp": "2026-10-01T19:02:01Z", "event": "http_request", "request_id": "2d60d427898f4db696928e833cdb9770", "method": "POST", "route": "/predict", "status": 200, "latency_ms": 25.252}
candidate-1   | /opt/project-venv/lib/python3.12/site-packages/sklearn/utils/validation.py:2749: UserWarning: X does not have valid feature names, but LGBMRegressor was fitted with feature names
candidate-1   |   warnings.warn(
candidate-1   | /opt/project-venv/lib/python3.12/site-packages/sklearn/utils/validation.py:2749: UserWarning: X does not have valid feature names, but LGBMRegressor was fitted with feature names
candidate-1   |   warnings.warn(
candidate-1   | {"timestamp": "2026-10-01T19:02:01Z", "event": "http_request", "request_id": "ca26399fe8f84eb3ad713666e27da5e8", "method": "POST", "route": "/predict", "status": 200, "latency_ms": 23.07}
candidate-1   | /opt/project-venv/lib/python3.12/site-packages/sklearn/utils/validation.py:2749: UserWarning: X does not have valid feature names, but LGBMRegressor was fitted with feature names
candidate-1   |   warnings.warn(
candidate-1   | {"timestamp": "2026-10-01T19:02:01Z", "event": "http_request", "request_id": "b2169a1fe7734b2289d3481ec51e24f7", "method": "POST", "route": "/predict", "status": 200, "latency_ms": 25.082}
candidate-1   | /opt/project-venv/lib/python3.12/site-packages/sklearn/utils/validation.py:2749: UserWarning: X does not have valid feature names, but LGBMRegressor was fitted with feature names
candidate-1   |   warnings.warn(
candidate-1   | {"timestamp": "2026-10-01T19:02:01Z", "event": "http_request", "request_id": "a5eb422e90494359ab3247a4b0023cb5", "method": "POST", "route": "/predict", "status": 200, "latency_ms": 25.66}
candidate-1   | /opt/project-venv/lib/python3.12/site-packages/sklearn/utils/validation.py:2749: UserWarning: X does not have valid feature names, but LGBMRegressor was fitted with feature names
candidate-1   |   warnings.warn(
candidate-1   | /opt/project-venv/lib/python3.12/site-packages/sklearn/utils/validation.py:2749: UserWarning: X does not have valid feature names, but LGBMRegressor was fitted with feature names
candidate-1   |   warnings.warn(
candidate-1   | {"timestamp": "2026-10-01T19:02:01Z", "event": "http_request", "request_id": "8e8d26bf21f84497b395ee88f0f125a7", "method": "POST", "route": "/predict", "status": 200, "latency_ms": 27.05}
candidate-1   | /opt/project-venv/lib/python3.12/site-packages/sklearn/utils/validation.py:2749: UserWarning: X does not have valid feature names, but LGBMRegressor was fitted with feature names
candidate-1   |   warnings.warn(
candidate-1   | {"timestamp": "2026-10-01T19:02:01Z", "event": "http_request", "request_id": "d45e42a5a633433cb57dd9ae2eeb0563", "method": "POST", "route": "/predict", "status": 200, "latency_ms": 12.12}
candidate-1   | {"timestamp": "2026-10-01T19:02:01Z", "event": "http_request", "request_id": "feab884713c541b19b349c8eb901596f", "method": "POST", "route": "/predict", "status": 200, "latency_ms": 30.254}
candidate-1   | /opt/project-venv/lib/python3.12/site-packages/sklearn/utils/validation.py:2749: UserWarning: X does not have valid feature names, but LGBMRegressor was fitted with feature names
candidate-1   |   warnings.warn(
candidate-1   | {"timestamp": "2026-10-01T19:02:01Z", "event": "http_request", "request_id": "e5aadf848254485eac632d1ae4311fd6", "method": "POST", "route": "/predict", "status": 200, "latency_ms": 24.149}
candidate-1   | /opt/project-venv/lib/python3.12/site-packages/sklearn/utils/validation.py:2749: UserWarning: X does not have valid feature names, but LGBMRegressor was fitted with feature names
candidate-1   |   warnings.warn(
candidate-1   | {"timestamp": "2026-10-01T19:02:01Z", "event": "http_request", "request_id": "58be1a546107464b9de0304fe33bf249", "method": "POST", "route": "/predict", "status": 200, "latency_ms": 18.297}
candidate-1   | /opt/project-venv/lib/python3.12/site-packages/sklearn/utils/validation.py:2749: UserWarning: X does not have valid feature names, but LGBMRegressor was fitted with feature names
candidate-1   |   warnings.warn(
candidate-1   | /opt/project-venv/lib/python3.12/site-packages/sklearn/utils/validation.py:2749: UserWarning: X does not have valid feature names, but LGBMRegressor was fitted with feature names
candidate-1   |   warnings.warn(
candidate-1   | /opt/project-venv/lib/python3.12/site-packages/sklearn/utils/validation.py:2749: UserWarning: X does not have valid feature names, but LGBMRegressor was fitted with feature names
candidate-1   |   warnings.warn(
candidate-1   | {"timestamp": "2026-10-01T19:02:01Z", "event": "http_request", "request_id": "da96214616c54bdfa33bc91ffb419632", "method": "POST", "route": "/predict", "status": 200, "latency_ms": 29.19}
candidate-1   | /opt/project-venv/lib/python3.12/site-packages/sklearn/utils/validation.py:2749: UserWarning: X does not have valid feature names, but LGBMRegressor was fitted with feature names
candidate-1   |   warnings.warn(
candidate-1   | /opt/project-venv/lib/python3.12/site-packages/sklearn/utils/validation.py:2749: UserWarning: X does not have valid feature names, but LGBMRegressor was fitted with feature names
candidate-1   |   warnings.warn(
candidate-1   | {"timestamp": "2026-10-01T19:02:01Z", "event": "http_request", "request_id": "bcd4eecfcf2a4b8c81f59d34e4af5b5d", "method": "POST", "route": "/predict", "status": 200, "latency_ms": 39.82}
candidate-1   | {"timestamp": "2026-10-01T19:02:01Z", "event": "http_request", "request_id": "fc11857119194263bacf8bbada968903", "method": "POST", "route": "/predict", "status": 200, "latency_ms": 29.98}
candidate-1   | /opt/project-venv/lib/python3.12/site-packages/sklearn/utils/validation.py:2749: UserWarning: X does not have valid feature names, but LGBMRegressor was fitted with feature names
candidate-1   |   warnings.warn(
candidate-1   | {"timestamp": "2026-10-01T19:02:01Z", "event": "http_request", "request_id": "f11941731c8a4cdf852c2937ea13d464", "method": "POST", "route": "/predict", "status": 200, "latency_ms": 26.074}
candidate-1   | /opt/project-venv/lib/python3.12/site-packages/sklearn/utils/validation.py:2749: UserWarning: X does not have valid feature names, but LGBMRegressor was fitted with feature names
candidate-1   |   warnings.warn(
candidate-1   | {"timestamp": "2026-10-01T19:02:01Z", "event": "http_request", "request_id": "dd69fcca188e418589d19a705e08c086", "method": "POST", "route": "/predict", "status": 200, "latency_ms": 27.093}
candidate-1   | {"timestamp": "2026-10-01T19:02:01Z", "event": "http_request", "request_id": "3bfffe11888f4af498cf6c5a132e3aee", "method": "POST", "route": "/predict", "status": 200, "latency_ms": 19.909}
candidate-1   | /opt/project-venv/lib/python3.12/site-packages/sklearn/utils/validation.py:2749: UserWarning: X does not have valid feature names, but LGBMRegressor was fitted with feature names
candidate-1   |   warnings.warn(
candidate-1   | {"timestamp": "2026-10-01T19:02:01Z", "event": "http_request", "request_id": "478eb01a985c48e7aece779a7aa1da4f", "method": "POST", "route": "/predict", "status": 200, "latency_ms": 20.302}
candidate-1   | {"timestamp": "2026-10-01T19:02:01Z", "event": "http_request", "request_id": "389f0845a510452f923675a883340afb", "method": "POST", "route": "/predict", "status": 200, "latency_ms": 22.104}
candidate-1   | /opt/project-venv/lib/python3.12/site-packages/sklearn/utils/validation.py:2749: UserWarning: X does not have valid feature names, but LGBMRegressor was fitted with feature names
candidate-1   |   warnings.warn(
candidate-1   | {"timestamp": "2026-10-01T19:02:01Z", "event": "http_request", "request_id": "4adaad209f354f5bb4ce2b80319d6ffa", "method": "POST", "route": "/predict", "status": 200, "latency_ms": 23.795}
candidate-1   | {"timestamp": "2026-10-01T19:02:01Z", "event": "http_request", "request_id": "187bf4734f8244008ae6887f1b6c0119", "method": "POST", "route": "/predict", "status": 200, "latency_ms": 22.657}
candidate-1   | /opt/project-venv/lib/python3.12/site-packages/sklearn/utils/validation.py:2749: UserWarning: X does not have valid feature names, but LGBMRegressor was fitted with feature names
candidate-1   |   warnings.warn(
candidate-1   | {"timestamp": "2026-10-01T19:02:01Z", "event": "http_request", "request_id": "cac513388d6445c8b271a77e9d631ed5", "method": "POST", "route": "/predict", "status": 200, "latency_ms": 16.87}
candidate-1   | /opt/project-venv/lib/python3.12/site-packages/sklearn/utils/validation.py:2749: UserWarning: X does not have valid feature names, but LGBMRegressor was fitted with feature names
candidate-1   |   warnings.warn(
candidate-1   | {"timestamp": "2026-10-01T19:02:01Z", "event": "http_request", "request_id": "d4fd79f98c6b45a9b4667e9d0f9b0d09", "method": "POST", "route": "/predict", "status": 200, "latency_ms": 16.068}
candidate-1   | {"timestamp": "2026-10-01T19:02:01Z", "event": "http_request", "request_id": "84977cd0a66047c097f25ff842a88044", "method": "POST", "route": "/predict", "status": 200, "latency_ms": 13.823}
candidate-1   | /opt/project-venv/lib/python3.12/site-packages/sklearn/utils/validation.py:2749: UserWarning: X does not have valid feature names, but LGBMRegressor was fitted with feature names
candidate-1   |   warnings.warn(
candidate-1   | /opt/project-venv/lib/python3.12/site-packages/sklearn/utils/validation.py:2749: UserWarning: X does not have valid feature names, but LGBMRegressor was fitted with feature names
candidate-1   |   warnings.warn(
candidate-1   | {"timestamp": "2026-10-01T19:02:01Z", "event": "http_request", "request_id": "bca43e5a789c4052832383b0eafb04bf", "method": "POST", "route": "/predict", "status": 200, "latency_ms": 18.806}
candidate-1   | /opt/project-venv/lib/python3.12/site-packages/sklearn/utils/validation.py:2749: UserWarning: X does not have valid feature names, but LGBMRegressor was fitted with feature names
candidate-1   |   warnings.warn(
candidate-1   | {"timestamp": "2026-10-01T19:02:01Z", "event": "http_request", "request_id": "7222b8a0fb974c38b78eac4abaf6f485", "method": "POST", "route": "/predict", "status": 200, "latency_ms": 21.351}
candidate-1   | /opt/project-venv/lib/python3.12/site-packages/sklearn/utils/validation.py:2749: UserWarning: X does not have valid feature names, but LGBMRegressor was fitted with feature names
candidate-1   |   warnings.warn(
candidate-1   | {"timestamp": "2026-10-01T19:02:01Z", "event": "http_request", "request_id": "3dc400ae0ce8493184ac4a671e270ea7", "method": "POST", "route": "/predict", "status": 200, "latency_ms": 19.935}
candidate-1   | /opt/project-venv/lib/python3.12/site-packages/sklearn/utils/validation.py:2749: UserWarning: X does not have valid feature names, but LGBMRegressor was fitted with feature names
candidate-1   |   warnings.warn(
candidate-1   | {"timestamp": "2026-10-01T19:02:01Z", "event": "http_request", "request_id": "9a2b8e2a717c49b6a9bac7e9ca9fb160", "method": "POST", "route": "/predict", "status": 200, "latency_ms": 23.797}
candidate-1   | /opt/project-venv/lib/python3.12/site-packages/sklearn/utils/validation.py:2749: UserWarning: X does not have valid feature names, but LGBMRegressor was fitted with feature names
candidate-1   |   warnings.warn(
candidate-1   | {"timestamp": "2026-10-01T19:02:01Z", "event": "http_request", "request_id": "7f8d2723e296408bbda6bfacd588aa2b", "method": "POST", "route": "/predict", "status": 200, "latency_ms": 25.448}
candidate-1   | /opt/project-venv/lib/python3.12/site-packages/sklearn/utils/validation.py:2749: UserWarning: X does not have valid feature names, but LGBMRegressor was fitted with feature names
candidate-1   |   warnings.warn(
candidate-1   | /opt/project-venv/lib/python3.12/site-packages/sklearn/utils/validation.py:2749: UserWarning: X does not have valid feature names, but LGBMRegressor was fitted with feature names
candidate-1   |   warnings.warn(
candidate-1   | {"timestamp": "2026-10-01T19:02:01Z", "event": "http_request", "request_id": "9c42a27b682c46f199281d5d5a92927d", "method": "POST", "route": "/predict", "status": 200, "latency_ms": 26.277}
candidate-1   | {"timestamp": "2026-10-01T19:02:01Z", "event": "http_request", "request_id": "f9c7637c58244981beb76a30652a2806", "method": "POST", "route": "/predict", "status": 200, "latency_ms": 26.667}
candidate-1   | /opt/project-venv/lib/python3.12/site-packages/sklearn/utils/validation.py:2749: UserWarning: X does not have valid feature names, but LGBMRegressor was fitted with feature names
candidate-1   |   warnings.warn(
candidate-1   | {"timestamp": "2026-10-01T19:02:01Z", "event": "http_request", "request_id": "bff17a11141948f388ad99d776a8438f", "method": "POST", "route": "/predict", "status": 200, "latency_ms": 22.911}
candidate-1   | /opt/project-venv/lib/python3.12/site-packages/sklearn/utils/validation.py:2749: UserWarning: X does not have valid feature names, but LGBMRegressor was fitted with feature names
candidate-1   |   warnings.warn(
candidate-1   | /opt/project-venv/lib/python3.12/site-packages/sklearn/utils/validation.py:2749: UserWarning: X does not have valid feature names, but LGBMRegressor was fitted with feature names
candidate-1   |   warnings.warn(
candidate-1   | /opt/project-venv/lib/python3.12/site-packages/sklearn/utils/validation.py:2749: UserWarning: X does not have valid feature names, but LGBMRegressor was fitted with feature names
candidate-1   |   warnings.warn(
candidate-1   | {"timestamp": "2026-10-01T19:02:01Z", "event": "http_request", "request_id": "ead06771972649d88a4e67c8fd7787bb", "method": "POST", "route": "/predict", "status": 200, "latency_ms": 30.692}
candidate-1   | {"timestamp": "2026-10-01T19:02:01Z", "event": "http_request", "request_id": "7b8e255c141e418e94068a5c33d8f033", "method": "POST", "route": "/predict", "status": 200, "latency_ms": 32.822}
candidate-1   | /opt/project-venv/lib/python3.12/site-packages/sklearn/utils/validation.py:2749: UserWarning: X does not have valid feature names, but LGBMRegressor was fitted with feature names
candidate-1   |   warnings.warn(
candidate-1   | {"timestamp": "2026-10-01T19:02:01Z", "event": "http_request", "request_id": "4e162b22e1fd4d7e912bb7581f9afaf8", "method": "POST", "route": "/predict", "status": 200, "latency_ms": 28.979}
candidate-1   | /opt/project-venv/lib/python3.12/site-packages/sklearn/utils/validation.py:2749: UserWarning: X does not have valid feature names, but LGBMRegressor was fitted with feature names
candidate-1   |   warnings.warn(
candidate-1   | {"timestamp": "2026-10-01T19:02:01Z", "event": "http_request", "request_id": "649daaaba85b453693e3143e6235d644", "method": "POST", "route": "/predict", "status": 200, "latency_ms": 25.727}
candidate-1   | {"timestamp": "2026-10-01T19:02:01Z", "event": "http_request", "request_id": "26423bda624346fca1dfa2f2eaf74808", "method": "POST", "route": "/predict", "status": 200, "latency_ms": 27.774}
candidate-1   | /opt/project-venv/lib/python3.12/site-packages/sklearn/utils/validation.py:2749: UserWarning: X does not have valid feature names, but LGBMRegressor was fitted with feature names
candidate-1   |   warnings.warn(
candidate-1   | /opt/project-venv/lib/python3.12/site-packages/sklearn/utils/validation.py:2749: UserWarning: X does not have valid feature names, but LGBMRegressor was fitted with feature names
candidate-1   |   warnings.warn(
candidate-1   | /opt/project-venv/lib/python3.12/site-packages/sklearn/utils/validation.py:2749: UserWarning: X does not have valid feature names, but LGBMRegressor was fitted with feature names
candidate-1   |   warnings.warn(
candidate-1   | {"timestamp": "2026-10-01T19:02:01Z", "event": "http_request", "request_id": "04c94318395b4186969c6b1729508b7c", "method": "POST", "route": "/predict", "status": 200, "latency_ms": 31.021}
candidate-1   | {"timestamp": "2026-10-01T19:02:01Z", "event": "http_request", "request_id": "438023a2ccd440fabbad73ac6661ece1", "method": "POST", "route": "/predict", "status": 200, "latency_ms": 28.723}
candidate-1   | {"timestamp": "2026-10-01T19:02:01Z", "event": "http_request", "request_id": "376f33ccd2a24d8aae7ee8d5609df4bf", "method": "POST", "route": "/predict", "status": 200, "latency_ms": 24.51}
candidate-1   | /opt/project-venv/lib/python3.12/site-packages/sklearn/utils/validation.py:2749: UserWarning: X does not have valid feature names, but LGBMRegressor was fitted with feature names
candidate-1   |   warnings.warn(
candidate-1   | {"timestamp": "2026-10-01T19:02:01Z", "event": "http_request", "request_id": "fe7c29fcaf4f4bb79779025e426eece2", "method": "POST", "route": "/predict", "status": 200, "latency_ms": 18.907}
candidate-1   | /opt/project-venv/lib/python3.12/site-packages/sklearn/utils/validation.py:2749: UserWarning: X does not have valid feature names, but LGBMRegressor was fitted with feature names
candidate-1   |   warnings.warn(
candidate-1   | {"timestamp": "2026-10-01T19:02:01Z", "event": "http_request", "request_id": "718e8544778b47c5bce15b4bafe9004c", "method": "POST", "route": "/predict", "status": 200, "latency_ms": 23.545}
candidate-1   | /opt/project-venv/lib/python3.12/site-packages/sklearn/utils/validation.py:2749: UserWarning: X does not have valid feature names, but LGBMRegressor was fitted with feature names
candidate-1   |   warnings.warn(
candidate-1   | /opt/project-venv/lib/python3.12/site-packages/sklearn/utils/validation.py:2749: UserWarning: X does not have valid feature names, but LGBMRegressor was fitted with feature names
candidate-1   |   warnings.warn(
candidate-1   | {"timestamp": "2026-10-01T19:02:01Z", "event": "http_request", "request_id": "b5166fe107db4da6b200f79db2acb2ca", "method": "POST", "route": "/predict", "status": 200, "latency_ms": 21.732}
candidate-1   | {"timestamp": "2026-10-01T19:02:01Z", "event": "http_request", "request_id": "3f3291ef4b14453b99ee1b970c94a6c2", "method": "POST", "route": "/predict", "status": 200, "latency_ms": 24.262}
candidate-1   | /opt/project-venv/lib/python3.12/site-packages/sklearn/utils/validation.py:2749: UserWarning: X does not have valid feature names, but LGBMRegressor was fitted with feature names
candidate-1   |   warnings.warn(
candidate-1   | /opt/project-venv/lib/python3.12/site-packages/sklearn/utils/validation.py:2749: UserWarning: X does not have valid feature names, but LGBMRegressor was fitted with feature names
candidate-1   |   warnings.warn(
candidate-1   | {"timestamp": "2026-10-01T19:02:01Z", "event": "http_request", "request_id": "5842d38d025241d89d5de22fc663b647", "method": "POST", "route": "/predict", "status": 200, "latency_ms": 28.533}
candidate-1   | /opt/project-venv/lib/python3.12/site-packages/sklearn/utils/validation.py:2749: UserWarning: X does not have valid feature names, but LGBMRegressor was fitted with feature names
candidate-1   |   warnings.warn(
candidate-1   | {"timestamp": "2026-10-01T19:02:01Z", "event": "http_request", "request_id": "45e6c92c68844dbca6dbcb33da2b28ca", "method": "POST", "route": "/predict", "status": 200, "latency_ms": 24.683}
candidate-1   | {"timestamp": "2026-10-01T19:02:01Z", "event": "http_request", "request_id": "d77973c32eeb47f2a043eafb4c97a23f", "method": "POST", "route": "/predict", "status": 200, "latency_ms": 24.645}
candidate-1   | /opt/project-venv/lib/python3.12/site-packages/sklearn/utils/validation.py:2749: UserWarning: X does not have valid feature names, but LGBMRegressor was fitted with feature names
candidate-1   |   warnings.warn(
candidate-1   | /opt/project-venv/lib/python3.12/site-packages/sklearn/utils/validation.py:2749: UserWarning: X does not have valid feature names, but LGBMRegressor was fitted with feature names
candidate-1   |   warnings.warn(
candidate-1   | /opt/project-venv/lib/python3.12/site-packages/sklearn/utils/validation.py:2749: UserWarning: X does not have valid feature names, but LGBMRegressor was fitted with feature names
candidate-1   |   warnings.warn(
candidate-1   | {"timestamp": "2026-10-01T19:02:02Z", "event": "http_request", "request_id": "9b17e36cdc0444f0818210e18e0e33b7", "method": "POST", "route": "/predict", "status": 200, "latency_ms": 16.539}
candidate-1   | /opt/project-venv/lib/python3.12/site-packages/sklearn/utils/validation.py:2749: UserWarning: X does not have valid feature names, but LGBMRegressor was fitted with feature names
candidate-1   |   warnings.warn(
candidate-1   | /opt/project-venv/lib/python3.12/site-packages/sklearn/utils/validation.py:2749: UserWarning: X does not have valid feature names, but LGBMRegressor was fitted with feature names
candidate-1   |   warnings.warn(
candidate-1   | {"timestamp": "2026-10-01T19:02:02Z", "event": "http_request", "request_id": "77bb864682f14fd7960d436a8828d948", "method": "POST", "route": "/predict", "status": 200, "latency_ms": 22.25}
candidate-1   | {"timestamp": "2026-10-01T19:02:02Z", "event": "http_request", "request_id": "e66920dc446440cf863116e720572859", "method": "POST", "route": "/predict", "status": 200, "latency_ms": 29.947}
candidate-1   | {"timestamp": "2026-10-01T19:02:02Z", "event": "http_request", "request_id": "0a66d6345e094c99985d3d71af9c80f9", "method": "POST", "route": "/predict", "status": 200, "latency_ms": 31.086}
candidate-1   | /opt/project-venv/lib/python3.12/site-packages/sklearn/utils/validation.py:2749: UserWarning: X does not have valid feature names, but LGBMRegressor was fitted with feature names
candidate-1   |   warnings.warn(
candidate-1   | /opt/project-venv/lib/python3.12/site-packages/sklearn/utils/validation.py:2749: UserWarning: X does not have valid feature names, but LGBMRegressor was fitted with feature names
candidate-1   |   warnings.warn(
candidate-1   | {"timestamp": "2026-10-01T19:02:02Z", "event": "http_request", "request_id": "75f524513bd044849b4f1c402b500616", "method": "POST", "route": "/predict", "status": 200, "latency_ms": 32.13}
candidate-1   | {"timestamp": "2026-10-01T19:02:02Z", "event": "http_request", "request_id": "e4b9812a80e34d1eb9a2b59c7568cbba", "method": "POST", "route": "/predict", "status": 200, "latency_ms": 22.477}
candidate-1   | /opt/project-venv/lib/python3.12/site-packages/sklearn/utils/validation.py:2749: UserWarning: X does not have valid feature names, but LGBMRegressor was fitted with feature names
candidate-1   |   warnings.warn(
candidate-1   | {"timestamp": "2026-10-01T19:02:02Z", "event": "http_request", "request_id": "8e7e9adc41814c6b90bebcb3e46dee9d", "method": "POST", "route": "/predict", "status": 200, "latency_ms": 28.476}
candidate-1   | {"timestamp": "2026-10-01T19:02:02Z", "event": "http_request", "request_id": "c1401dff04304142a84ae5a623e29540", "method": "POST", "route": "/predict", "status": 200, "latency_ms": 28.667}
candidate-1   | /opt/project-venv/lib/python3.12/site-packages/sklearn/utils/validation.py:2749: UserWarning: X does not have valid feature names, but LGBMRegressor was fitted with feature names
candidate-1   |   warnings.warn(
candidate-1   | /opt/project-venv/lib/python3.12/site-packages/sklearn/utils/validation.py:2749: UserWarning: X does not have valid feature names, but LGBMRegressor was fitted with feature names
candidate-1   |   warnings.warn(
candidate-1   | {"timestamp": "2026-10-01T19:02:02Z", "event": "http_request", "request_id": "66d7e12cc2a340028ba6ae96afc377dc", "method": "POST", "route": "/predict", "status": 200, "latency_ms": 22.435}
candidate-1   | /opt/project-venv/lib/python3.12/site-packages/sklearn/utils/validation.py:2749: UserWarning: X does not have valid feature names, but LGBMRegressor was fitted with feature names
candidate-1   |   warnings.warn(
candidate-1   | {"timestamp": "2026-10-01T19:02:02Z", "event": "http_request", "request_id": "5bd16539d2fa4d21a1cb1130b84f1f10", "method": "POST", "route": "/predict", "status": 200, "latency_ms": 28.945}
candidate-1   | {"timestamp": "2026-10-01T19:02:02Z", "event": "http_request", "request_id": "7715011be4d1434385c182fb670a03ca", "method": "POST", "route": "/predict", "status": 200, "latency_ms": 23.122}
candidate-1   | /opt/project-venv/lib/python3.12/site-packages/sklearn/utils/validation.py:2749: UserWarning: X does not have valid feature names, but LGBMRegressor was fitted with feature names
candidate-1   |   warnings.warn(
candidate-1   | /opt/project-venv/lib/python3.12/site-packages/sklearn/utils/validation.py:2749: UserWarning: X does not have valid feature names, but LGBMRegressor was fitted with feature names
candidate-1   |   warnings.warn(
candidate-1   | {"timestamp": "2026-10-01T19:02:02Z", "event": "http_request", "request_id": "752b744bcf0345e8bb05e6e8cd520776", "method": "POST", "route": "/predict", "status": 200, "latency_ms": 24.228}
candidate-1   | {"timestamp": "2026-10-01T19:02:02Z", "event": "http_request", "request_id": "07dcfadc335a4ed9933a51ed7ab93168", "method": "POST", "route": "/predict", "status": 200, "latency_ms": 24.724}
candidate-1   | /opt/project-venv/lib/python3.12/site-packages/sklearn/utils/validation.py:2749: UserWarning: X does not have valid feature names, but LGBMRegressor was fitted with feature names
candidate-1   |   warnings.warn(
candidate-1   | /opt/project-venv/lib/python3.12/site-packages/sklearn/utils/validation.py:2749: UserWarning: X does not have valid feature names, but LGBMRegressor was fitted with feature names
candidate-1   |   warnings.warn(
candidate-1   | {"timestamp": "2026-10-01T19:02:02Z", "event": "http_request", "request_id": "6148ec3a32b84c889a00b126a44fb090", "method": "POST", "route": "/predict", "status": 200, "latency_ms": 27.571}
candidate-1   | {"timestamp": "2026-10-01T19:02:02Z", "event": "http_request", "request_id": "ba8d65d452d54277be692c0186206e8c", "method": "POST", "route": "/predict", "status": 200, "latency_ms": 24.157}
candidate-1   | /opt/project-venv/lib/python3.12/site-packages/sklearn/utils/validation.py:2749: UserWarning: X does not have valid feature names, but LGBMRegressor was fitted with feature names
candidate-1   |   warnings.warn(
candidate-1   | /opt/project-venv/lib/python3.12/site-packages/sklearn/utils/validation.py:2749: UserWarning: X does not have valid feature names, but LGBMRegressor was fitted with feature names
candidate-1   |   warnings.warn(
candidate-1   | {"timestamp": "2026-10-01T19:02:02Z", "event": "http_request", "request_id": "db742607e0ff4620bf698946c1b74908", "method": "POST", "route": "/predict", "status": 200, "latency_ms": 27.23}
candidate-1   | /opt/project-venv/lib/python3.12/site-packages/sklearn/utils/validation.py:2749: UserWarning: X does not have valid feature names, but LGBMRegressor was fitted with feature names
candidate-1   |   warnings.warn(
candidate-1   | /opt/project-venv/lib/python3.12/site-packages/sklearn/utils/validation.py:2749: UserWarning: X does not have valid feature names, but LGBMRegressor was fitted with feature names
candidate-1   |   warnings.warn(
candidate-1   | /opt/project-venv/lib/python3.12/site-packages/sklearn/utils/validation.py:2749: UserWarning: X does not have valid feature names, but LGBMRegressor was fitted with feature names
candidate-1   |   warnings.warn(
candidate-1   | {"timestamp": "2026-10-01T19:02:02Z", "event": "http_request", "request_id": "be5ee4c08661417ab58a6e44265fff41", "method": "POST", "route": "/predict", "status": 200, "latency_ms": 30.193}
candidate-1   | /opt/project-venv/lib/python3.12/site-packages/sklearn/utils/validation.py:2749: UserWarning: X does not have valid feature names, but LGBMRegressor was fitted with feature names
candidate-1   |   warnings.warn(
candidate-1   | {"timestamp": "2026-10-01T19:02:02Z", "event": "http_request", "request_id": "74297c2893e9400cbceae73d2e8ee771", "method": "POST", "route": "/predict", "status": 200, "latency_ms": 33.607}
candidate-1   | /opt/project-venv/lib/python3.12/site-packages/sklearn/utils/validation.py:2749: UserWarning: X does not have valid feature names, but LGBMRegressor was fitted with feature names
candidate-1   |   warnings.warn(
candidate-1   | /opt/project-venv/lib/python3.12/site-packages/sklearn/utils/validation.py:2749: UserWarning: X does not have valid feature names, but LGBMRegressor was fitted with feature names
candidate-1   |   warnings.warn(
candidate-1   | /opt/project-venv/lib/python3.12/site-packages/sklearn/utils/validation.py:2749: UserWarning: X does not have valid feature names, but LGBMRegressor was fitted with feature names
candidate-1   |   warnings.warn(
candidate-1   | {"timestamp": "2026-10-01T19:02:02Z", "event": "http_request", "request_id": "0c6022962e0142e4b47831957cf82ecb", "method": "POST", "route": "/predict", "status": 200, "latency_ms": 35.772}
candidate-1   | /opt/project-venv/lib/python3.12/site-packages/sklearn/utils/validation.py:2749: UserWarning: X does not have valid feature names, but LGBMRegressor was fitted with feature names
candidate-1   |   warnings.warn(
candidate-1   | {"timestamp": "2026-10-01T19:02:02Z", "event": "http_request", "request_id": "f44bb8d8cf724f2793426aa0441c148f", "method": "POST", "route": "/predict", "status": 200, "latency_ms": 33.476}
candidate-1   | {"timestamp": "2026-10-01T19:02:02Z", "event": "http_request", "request_id": "1f68a989c4a244f88f0e1a9c766c715e", "method": "POST", "route": "/predict", "status": 200, "latency_ms": 32.907}
candidate-1   | /opt/project-venv/lib/python3.12/site-packages/sklearn/utils/validation.py:2749: UserWarning: X does not have valid feature names, but LGBMRegressor was fitted with feature names
candidate-1   |   warnings.warn(
candidate-1   | {"timestamp": "2026-10-01T19:02:02Z", "event": "http_request", "request_id": "8c05a339aabd42e5830c360da0a03c2f", "method": "POST", "route": "/predict", "status": 200, "latency_ms": 33.423}
candidate-1   | {"timestamp": "2026-10-01T19:02:02Z", "event": "http_request", "request_id": "345c90cb5d6341caba7ad3d86ebd95e8", "method": "POST", "route": "/predict", "status": 200, "latency_ms": 30.674}
candidate-1   | {"timestamp": "2026-10-01T19:02:02Z", "event": "http_request", "request_id": "6bb15c1d7d364456a78e8ec5bca3d856", "method": "POST", "route": "/predict", "status": 200, "latency_ms": 12.057}
candidate-1   | /opt/project-venv/lib/python3.12/site-packages/sklearn/utils/validation.py:2749: UserWarning: X does not have valid feature names, but LGBMRegressor was fitted with feature names
candidate-1   |   warnings.warn(
candidate-1   | {"timestamp": "2026-10-01T19:02:02Z", "event": "http_request", "request_id": "e84bce34abca4168bc7668f0c143e99b", "method": "POST", "route": "/predict", "status": 200, "latency_ms": 28.081}
candidate-1   | /opt/project-venv/lib/python3.12/site-packages/sklearn/utils/validation.py:2749: UserWarning: X does not have valid feature names, but LGBMRegressor was fitted with feature names
candidate-1   |   warnings.warn(
candidate-1   | {"timestamp": "2026-10-01T19:02:02Z", "event": "http_request", "request_id": "b5d51a5094da4864ad74f2be87368046", "method": "POST", "route": "/predict", "status": 200, "latency_ms": 29.83}
candidate-1   | {"timestamp": "2026-10-01T19:02:02Z", "event": "http_request", "request_id": "df9466ab71834c66afc8e5b42bdf0e70", "method": "POST", "route": "/predict", "status": 200, "latency_ms": 23.131}
candidate-1   | /opt/project-venv/lib/python3.12/site-packages/sklearn/utils/validation.py:2749: UserWarning: X does not have valid feature names, but LGBMRegressor was fitted with feature names
candidate-1   |   warnings.warn(
candidate-1   | {"timestamp": "2026-10-01T19:02:02Z", "event": "http_request", "request_id": "e0cbdf111eb74fa0b5edeb320a9b2a3b", "method": "POST", "route": "/predict", "status": 200, "latency_ms": 19.672}
candidate-1   | {"timestamp": "2026-10-01T19:02:02Z", "event": "http_request", "request_id": "161ec2adf10647fab9dfa0781c5fb345", "method": "POST", "route": "/predict", "status": 200, "latency_ms": 14.907}
candidate-1   | {"timestamp": "2026-10-01T19:02:02Z", "event": "http_request", "request_id": "7628b79c5e554042a1628072b3cb7d85", "method": "POST", "route": "/predict", "status": 200, "latency_ms": 13.42}
candidate-1   | /opt/project-venv/lib/python3.12/site-packages/sklearn/utils/validation.py:2749: UserWarning: X does not have valid feature names, but LGBMRegressor was fitted with feature names
candidate-1   |   warnings.warn(
candidate-1   | /opt/project-venv/lib/python3.12/site-packages/sklearn/utils/validation.py:2749: UserWarning: X does not have valid feature names, but LGBMRegressor was fitted with feature names
candidate-1   |   warnings.warn(
candidate-1   | {"timestamp": "2026-10-01T19:02:02Z", "event": "http_request", "request_id": "15e3b36f16ad422bb6dd95d97434197e", "method": "POST", "route": "/predict", "status": 200, "latency_ms": 13.206}
candidate-1   | /opt/project-venv/lib/python3.12/site-packages/sklearn/utils/validation.py:2749: UserWarning: X does not have valid feature names, but LGBMRegressor was fitted with feature names
candidate-1   |   warnings.warn(
candidate-1   | /opt/project-venv/lib/python3.12/site-packages/sklearn/utils/validation.py:2749: UserWarning: X does not have valid feature names, but LGBMRegressor was fitted with feature names
candidate-1   |   warnings.warn(
candidate-1   | {"timestamp": "2026-10-01T19:02:02Z", "event": "http_request", "request_id": "d2091fa3957b4025bac4920d3c610c7e", "method": "POST", "route": "/predict", "status": 200, "latency_ms": 17.369}
candidate-1   | {"timestamp": "2026-10-01T19:02:02Z", "event": "http_request", "request_id": "766f68229718428b94bb71a2f6773d93", "method": "POST", "route": "/predict", "status": 200, "latency_ms": 18.784}
candidate-1   | /opt/project-venv/lib/python3.12/site-packages/sklearn/utils/validation.py:2749: UserWarning: X does not have valid feature names, but LGBMRegressor was fitted with feature names
candidate-1   |   warnings.warn(
candidate-1   | /opt/project-venv/lib/python3.12/site-packages/sklearn/utils/validation.py:2749: UserWarning: X does not have valid feature names, but LGBMRegressor was fitted with feature names
candidate-1   |   warnings.warn(
candidate-1   | {"timestamp": "2026-10-01T19:02:02Z", "event": "http_request", "request_id": "81d239ff502d431e8785b9157c5c01f0", "method": "POST", "route": "/predict", "status": 200, "latency_ms": 24.376}
candidate-1   | /opt/project-venv/lib/python3.12/site-packages/sklearn/utils/validation.py:2749: UserWarning: X does not have valid feature names, but LGBMRegressor was fitted with feature names
candidate-1   |   warnings.warn(
candidate-1   | {"timestamp": "2026-10-01T19:02:02Z", "event": "http_request", "request_id": "89bf43c79f3c43959186233b4a71f945", "method": "POST", "route": "/predict", "status": 200, "latency_ms": 25.705}
candidate-1   | /opt/project-venv/lib/python3.12/site-packages/sklearn/utils/validation.py:2749: UserWarning: X does not have valid feature names, but LGBMRegressor was fitted with feature names
candidate-1   |   warnings.warn(
candidate-1   | {"timestamp": "2026-10-01T19:02:02Z", "event": "http_request", "request_id": "8cddbc1cf27d4888b1dde55fb64e5ebe", "method": "POST", "route": "/predict", "status": 200, "latency_ms": 26.672}
candidate-1   | /opt/project-venv/lib/python3.12/site-packages/sklearn/utils/validation.py:2749: UserWarning: X does not have valid feature names, but LGBMRegressor was fitted with feature names
candidate-1   |   warnings.warn(
candidate-1   | {"timestamp": "2026-10-01T19:02:02Z", "event": "http_request", "request_id": "8cc424625f78449baf3706bf3b53e7bf", "method": "POST", "route": "/predict", "status": 200, "latency_ms": 29.016}
candidate-1   | {"timestamp": "2026-10-01T19:02:02Z", "event": "http_request", "request_id": "0c3ee032c82a4b5e8cebe6d6216ad709", "method": "POST", "route": "/predict", "status": 200, "latency_ms": 25.09}
candidate-1   | /opt/project-venv/lib/python3.12/site-packages/sklearn/utils/validation.py:2749: UserWarning: X does not have valid feature names, but LGBMRegressor was fitted with feature names
candidate-1   |   warnings.warn(
candidate-1   | {"timestamp": "2026-10-01T19:02:02Z", "event": "http_request", "request_id": "1ca5235f24ae4d87b6a9a090acc2b2c4", "method": "POST", "route": "/predict", "status": 200, "latency_ms": 26.545}
candidate-1   | /opt/project-venv/lib/python3.12/site-packages/sklearn/utils/validation.py:2749: UserWarning: X does not have valid feature names, but LGBMRegressor was fitted with feature names
candidate-1   |   warnings.warn(
candidate-1   | /opt/project-venv/lib/python3.12/site-packages/sklearn/utils/validation.py:2749: UserWarning: X does not have valid feature names, but LGBMRegressor was fitted with feature names
candidate-1   |   warnings.warn(
candidate-1   | /opt/project-venv/lib/python3.12/site-packages/sklearn/utils/validation.py:2749: UserWarning: X does not have valid feature names, but LGBMRegressor was fitted with feature names
candidate-1   |   warnings.warn(
candidate-1   | {"timestamp": "2026-10-01T19:02:02Z", "event": "http_request", "request_id": "2f0e0003f280450e8b24a7608b92b6f6", "method": "POST", "route": "/predict", "status": 200, "latency_ms": 34.307}
candidate-1   | {"timestamp": "2026-10-01T19:02:02Z", "event": "http_request", "request_id": "46aaa0c1825a4d159db69e73fd697823", "method": "POST", "route": "/predict", "status": 200, "latency_ms": 28.127}
candidate-1   | {"timestamp": "2026-10-01T19:02:02Z", "event": "http_request", "request_id": "0a93c4501a2f4c85a9573b8e0fb9543c", "method": "POST", "route": "/predict", "status": 200, "latency_ms": 25.268}
candidate-1   | /opt/project-venv/lib/python3.12/site-packages/sklearn/utils/validation.py:2749: UserWarning: X does not have valid feature names, but LGBMRegressor was fitted with feature names
candidate-1   |   warnings.warn(
candidate-1   | /opt/project-venv/lib/python3.12/site-packages/sklearn/utils/validation.py:2749: UserWarning: X does not have valid feature names, but LGBMRegressor was fitted with feature names
candidate-1   |   warnings.warn(
candidate-1   | {"timestamp": "2026-10-01T19:02:02Z", "event": "http_request", "request_id": "d408900bf8444005be37f999e8254671", "method": "POST", "route": "/predict", "status": 200, "latency_ms": 29.709}
candidate-1   | /opt/project-venv/lib/python3.12/site-packages/sklearn/utils/validation.py:2749: UserWarning: X does not have valid feature names, but LGBMRegressor was fitted with feature names
candidate-1   |   warnings.warn(
candidate-1   | {"timestamp": "2026-10-01T19:02:02Z", "event": "http_request", "request_id": "a831a1f65fe744f38d0a09197d256202", "method": "POST", "route": "/predict", "status": 200, "latency_ms": 28.259}
candidate-1   | /opt/project-venv/lib/python3.12/site-packages/sklearn/utils/validation.py:2749: UserWarning: X does not have valid feature names, but LGBMRegressor was fitted with feature names
candidate-1   |   warnings.warn(
candidate-1   | /opt/project-venv/lib/python3.12/site-packages/sklearn/utils/validation.py:2749: UserWarning: X does not have valid feature names, but LGBMRegressor was fitted with feature names
candidate-1   |   warnings.warn(
candidate-1   | {"timestamp": "2026-10-01T19:02:02Z", "event": "http_request", "request_id": "c79bc42954614ac799e6331dab5fdb80", "method": "POST", "route": "/predict", "status": 200, "latency_ms": 28.567}
candidate-1   | /opt/project-venv/lib/python3.12/site-packages/sklearn/utils/validation.py:2749: UserWarning: X does not have valid feature names, but LGBMRegressor was fitted with feature names
candidate-1   |   warnings.warn(
candidate-1   | {"timestamp": "2026-10-01T19:02:02Z", "event": "http_request", "request_id": "bde888538d744ff3b8f7eaa456dfb705", "method": "POST", "route": "/predict", "status": 200, "latency_ms": 27.754}
candidate-1   | /opt/project-venv/lib/python3.12/site-packages/sklearn/utils/validation.py:2749: UserWarning: X does not have valid feature names, but LGBMRegressor was fitted with feature names
candidate-1   |   warnings.warn(
candidate-1   | {"timestamp": "2026-10-01T19:02:02Z", "event": "http_request", "request_id": "3ce544f434424836b289f05dd746cdd6", "method": "POST", "route": "/predict", "status": 200, "latency_ms": 27.474}
candidate-1   | /opt/project-venv/lib/python3.12/site-packages/sklearn/utils/validation.py:2749: UserWarning: X does not have valid feature names, but LGBMRegressor was fitted with feature names
candidate-1   |   warnings.warn(
candidate-1   | {"timestamp": "2026-10-01T19:02:02Z", "event": "http_request", "request_id": "8f38699aae074b329d859abb4fb22834", "method": "POST", "route": "/predict", "status": 200, "latency_ms": 27.074}
candidate-1   | {"timestamp": "2026-10-01T19:02:02Z", "event": "http_request", "request_id": "1f29da0e3a57464d804fd5d21373bb25", "method": "POST", "route": "/predict", "status": 200, "latency_ms": 26.681}
candidate-1   | /opt/project-venv/lib/python3.12/site-packages/sklearn/utils/validation.py:2749: UserWarning: X does not have valid feature names, but LGBMRegressor was fitted with feature names
candidate-1   |   warnings.warn(
candidate-1   | /opt/project-venv/lib/python3.12/site-packages/sklearn/utils/validation.py:2749: UserWarning: X does not have valid feature names, but LGBMRegressor was fitted with feature names
candidate-1   |   warnings.warn(
candidate-1   | {"timestamp": "2026-10-01T19:02:02Z", "event": "http_request", "request_id": "4445437f70434a7087932668a2106177", "method": "POST", "route": "/predict", "status": 200, "latency_ms": 23.748}
candidate-1   | /opt/project-venv/lib/python3.12/site-packages/sklearn/utils/validation.py:2749: UserWarning: X does not have valid feature names, but LGBMRegressor was fitted with feature names
candidate-1   |   warnings.warn(
candidate-1   | {"timestamp": "2026-10-01T19:02:02Z", "event": "http_request", "request_id": "09706f3abcdd495ca12790000937ad66", "method": "POST", "route": "/predict", "status": 200, "latency_ms": 27.277}
candidate-1   | {"timestamp": "2026-10-01T19:02:02Z", "event": "http_request", "request_id": "1eff4ab0c1af4aa59433c4ff081083c6", "method": "POST", "route": "/predict", "status": 200, "latency_ms": 23.408}
candidate-1   | /opt/project-venv/lib/python3.12/site-packages/sklearn/utils/validation.py:2749: UserWarning: X does not have valid feature names, but LGBMRegressor was fitted with feature names
candidate-1   |   warnings.warn(
candidate-1   | {"timestamp": "2026-10-01T19:02:02Z", "event": "http_request", "request_id": "cdaaa2f58b3d49ae96675ee28dde0e46", "method": "POST", "route": "/predict", "status": 200, "latency_ms": 29.089}
candidate-1   | /opt/project-venv/lib/python3.12/site-packages/sklearn/utils/validation.py:2749: UserWarning: X does not have valid feature names, but LGBMRegressor was fitted with feature names
candidate-1   |   warnings.warn(
candidate-1   | {"timestamp": "2026-10-01T19:02:02Z", "event": "http_request", "request_id": "db9c1cad6a8d4406830f804797a2f382", "method": "POST", "route": "/predict", "status": 200, "latency_ms": 23.723}
candidate-1   | {"timestamp": "2026-10-01T19:02:02Z", "event": "http_request", "request_id": "206b60e3908d49bd8a751eb21a580cac", "method": "POST", "route": "/predict", "status": 200, "latency_ms": 21.132}
candidate-1   | /opt/project-venv/lib/python3.12/site-packages/sklearn/utils/validation.py:2749: UserWarning: X does not have valid feature names, but LGBMRegressor was fitted with feature names
candidate-1   |   warnings.warn(
candidate-1   | {"timestamp": "2026-10-01T19:02:02Z", "event": "http_request", "request_id": "23c26b21cc6a4a87bbc60220e8506ed8", "method": "POST", "route": "/predict", "status": 200, "latency_ms": 21.591}
candidate-1   | /opt/project-venv/lib/python3.12/site-packages/sklearn/utils/validation.py:2749: UserWarning: X does not have valid feature names, but LGBMRegressor was fitted with feature names
candidate-1   |   warnings.warn(
candidate-1   | {"timestamp": "2026-10-01T19:02:02Z", "event": "http_request", "request_id": "19a30328bbcd442e80586de4427d4a04", "method": "POST", "route": "/predict", "status": 200, "latency_ms": 19.725}
candidate-1   | {"timestamp": "2026-10-01T19:02:02Z", "event": "http_request", "request_id": "76d8a95a20604ad5b873c2ae61a366b4", "method": "POST", "route": "/predict", "status": 200, "latency_ms": 21.075}
candidate-1   | /opt/project-venv/lib/python3.12/site-packages/sklearn/utils/validation.py:2749: UserWarning: X does not have valid feature names, but LGBMRegressor was fitted with feature names
candidate-1   |   warnings.warn(
candidate-1   | /opt/project-venv/lib/python3.12/site-packages/sklearn/utils/validation.py:2749: UserWarning: X does not have valid feature names, but LGBMRegressor was fitted with feature names
candidate-1   |   warnings.warn(
candidate-1   | {"timestamp": "2026-10-01T19:02:02Z", "event": "http_request", "request_id": "a076bad37f0d47f0be3ba0699ea115b1", "method": "POST", "route": "/predict", "status": 200, "latency_ms": 23.909}
candidate-1   | /opt/project-venv/lib/python3.12/site-packages/sklearn/utils/validation.py:2749: UserWarning: X does not have valid feature names, but LGBMRegressor was fitted with feature names
candidate-1   |   warnings.warn(
candidate-1   | {"timestamp": "2026-10-01T19:02:02Z", "event": "http_request", "request_id": "237610f58caf4e4d8c1a26d497e74538", "method": "POST", "route": "/predict", "status": 200, "latency_ms": 23.704}
candidate-1   | /opt/project-venv/lib/python3.12/site-packages/sklearn/utils/validation.py:2749: UserWarning: X does not have valid feature names, but LGBMRegressor was fitted with feature names
candidate-1   |   warnings.warn(
candidate-1   | {"timestamp": "2026-10-01T19:02:02Z", "event": "http_request", "request_id": "9bebf7842c7f4dacb28875ad115af485", "method": "POST", "route": "/predict", "status": 200, "latency_ms": 22.328}
candidate-1   | /opt/project-venv/lib/python3.12/site-packages/sklearn/utils/validation.py:2749: UserWarning: X does not have valid feature names, but LGBMRegressor was fitted with feature names
candidate-1   |   warnings.warn(
candidate-1   | {"timestamp": "2026-10-01T19:02:02Z", "event": "http_request", "request_id": "a7fd4e31ceeb410dacc72280c6afbf54", "method": "POST", "route": "/predict", "status": 200, "latency_ms": 23.676}
candidate-1   | /opt/project-venv/lib/python3.12/site-packages/sklearn/utils/validation.py:2749: UserWarning: X does not have valid feature names, but LGBMRegressor was fitted with feature names
candidate-1   |   warnings.warn(
candidate-1   | {"timestamp": "2026-10-01T19:02:02Z", "event": "http_request", "request_id": "ee666b18b1f947bba5d2b41c30a59b47", "method": "POST", "route": "/predict", "status": 200, "latency_ms": 27.342}
candidate-1   | /opt/project-venv/lib/python3.12/site-packages/sklearn/utils/validation.py:2749: UserWarning: X does not have valid feature names, but LGBMRegressor was fitted with feature names
candidate-1   |   warnings.warn(
candidate-1   | /opt/project-venv/lib/python3.12/site-packages/sklearn/utils/validation.py:2749: UserWarning: X does not have valid feature names, but LGBMRegressor was fitted with feature names
candidate-1   |   warnings.warn(
candidate-1   | /opt/project-venv/lib/python3.12/site-packages/sklearn/utils/validation.py:2749: UserWarning: X does not have valid feature names, but LGBMRegressor was fitted with feature names
candidate-1   |   warnings.warn(
candidate-1   | {"timestamp": "2026-10-01T19:02:02Z", "event": "http_request", "request_id": "b2f3fa787e6d402782d841dcda10271b", "method": "POST", "route": "/predict", "status": 200, "latency_ms": 26.901}
candidate-1   | /opt/project-venv/lib/python3.12/site-packages/sklearn/utils/validation.py:2749: UserWarning: X does not have valid feature names, but LGBMRegressor was fitted with feature names
candidate-1   |   warnings.warn(
candidate-1   | {"timestamp": "2026-10-01T19:02:02Z", "event": "http_request", "request_id": "2c373c790cd4453fad7fe5328a191ccd", "method": "POST", "route": "/predict", "status": 200, "latency_ms": 27.569}
candidate-1   | {"timestamp": "2026-10-01T19:02:02Z", "event": "http_request", "request_id": "17a9b323546545d68c94b38af9e33f6e", "method": "POST", "route": "/predict", "status": 200, "latency_ms": 33.051}
candidate-1   | /opt/project-venv/lib/python3.12/site-packages/sklearn/utils/validation.py:2749: UserWarning: X does not have valid feature names, but LGBMRegressor was fitted with feature names
candidate-1   |   warnings.warn(
candidate-1   | {"timestamp": "2026-10-01T19:02:02Z", "event": "http_request", "request_id": "51709f22d7f94876827f1b98d97ceafa", "method": "POST", "route": "/predict", "status": 200, "latency_ms": 25.819}
candidate-1   | /opt/project-venv/lib/python3.12/site-packages/sklearn/utils/validation.py:2749: UserWarning: X does not have valid feature names, but LGBMRegressor was fitted with feature names
candidate-1   |   warnings.warn(
candidate-1   | /opt/project-venv/lib/python3.12/site-packages/sklearn/utils/validation.py:2749: UserWarning: X does not have valid feature names, but LGBMRegressor was fitted with feature names
candidate-1   |   warnings.warn(
candidate-1   | {"timestamp": "2026-10-01T19:02:02Z", "event": "http_request", "request_id": "7c153b03eff84a8e96eb6b947fdc277a", "method": "POST", "route": "/predict", "status": 200, "latency_ms": 32.777}
candidate-1   | /opt/project-venv/lib/python3.12/site-packages/sklearn/utils/validation.py:2749: UserWarning: X does not have valid feature names, but LGBMRegressor was fitted with feature names
candidate-1   |   warnings.warn(
candidate-1   | {"timestamp": "2026-10-01T19:02:02Z", "event": "http_request", "request_id": "9d483bead1ae4dc29b113be195e2052e", "method": "POST", "route": "/predict", "status": 200, "latency_ms": 29.409}
candidate-1   | /opt/project-venv/lib/python3.12/site-packages/sklearn/utils/validation.py:2749: UserWarning: X does not have valid feature names, but LGBMRegressor was fitted with feature names
candidate-1   |   warnings.warn(
candidate-1   | {"timestamp": "2026-10-01T19:02:02Z", "event": "http_request", "request_id": "3646130058f24a1eb8f3d8123514c063", "method": "POST", "route": "/predict", "status": 200, "latency_ms": 30.94}
candidate-1   | /opt/project-venv/lib/python3.12/site-packages/sklearn/utils/validation.py:2749: UserWarning: X does not have valid feature names, but LGBMRegressor was fitted with feature names
candidate-1   |   warnings.warn(
candidate-1   | {"timestamp": "2026-10-01T19:02:02Z", "event": "http_request", "request_id": "2339f50565a0410f93d4675a15dd607c", "method": "POST", "route": "/predict", "status": 200, "latency_ms": 29.878}
candidate-1   | /opt/project-venv/lib/python3.12/site-packages/sklearn/utils/validation.py:2749: UserWarning: X does not have valid feature names, but LGBMRegressor was fitted with feature names
candidate-1   |   warnings.warn(
candidate-1   | {"timestamp": "2026-10-01T19:02:02Z", "event": "http_request", "request_id": "861061a9af074b4a8105c6b4c049b7ac", "method": "POST", "route": "/predict", "status": 200, "latency_ms": 29.425}
candidate-1   | {"timestamp": "2026-10-01T19:02:02Z", "event": "http_request", "request_id": "cc1ddab5ec42499fad429f5b6c50de36", "method": "POST", "route": "/predict", "status": 200, "latency_ms": 24.375}
candidate-1   | /opt/project-venv/lib/python3.12/site-packages/sklearn/utils/validation.py:2749: UserWarning: X does not have valid feature names, but LGBMRegressor was fitted with feature names
candidate-1   |   warnings.warn(
candidate-1   | {"timestamp": "2026-10-01T19:02:02Z", "event": "http_request", "request_id": "e8f5cb3403bb468c81e51f2c66366a8c", "method": "POST", "route": "/predict", "status": 200, "latency_ms": 25.673}
candidate-1   | /opt/project-venv/lib/python3.12/site-packages/sklearn/utils/validation.py:2749: UserWarning: X does not have valid feature names, but LGBMRegressor was fitted with feature names
candidate-1   |   warnings.warn(
candidate-1   | {"timestamp": "2026-10-01T19:02:02Z", "event": "http_request", "request_id": "30c46070e261447bac6f65a045418ba4", "method": "POST", "route": "/predict", "status": 200, "latency_ms": 23.661}
candidate-1   | /opt/project-venv/lib/python3.12/site-packages/sklearn/utils/validation.py:2749: UserWarning: X does not have valid feature names, but LGBMRegressor was fitted with feature names
candidate-1   |   warnings.warn(
candidate-1   | {"timestamp": "2026-10-01T19:02:02Z", "event": "http_request", "request_id": "081a041aa6bd458f88b015b8036e5a67", "method": "POST", "route": "/predict", "status": 200, "latency_ms": 22.439}
candidate-1   | /opt/project-venv/lib/python3.12/site-packages/sklearn/utils/validation.py:2749: UserWarning: X does not have valid feature names, but LGBMRegressor was fitted with feature names
candidate-1   |   warnings.warn(
candidate-1   | {"timestamp": "2026-10-01T19:02:02Z", "event": "http_request", "request_id": "6cb5ebd436334a25ad429b2e0b29914d", "method": "POST", "route": "/predict", "status": 200, "latency_ms": 25.539}
candidate-1   | /opt/project-venv/lib/python3.12/site-packages/sklearn/utils/validation.py:2749: UserWarning: X does not have valid feature names, but LGBMRegressor was fitted with feature names
candidate-1   |   warnings.warn(
candidate-1   | /opt/project-venv/lib/python3.12/site-packages/sklearn/utils/validation.py:2749: UserWarning: X does not have valid feature names, but LGBMRegressor was fitted with feature names
candidate-1   |   warnings.warn(
candidate-1   | {"timestamp": "2026-10-01T19:02:02Z", "event": "http_request", "request_id": "3ebae6fe622e4360b059f06dc0d55322", "method": "POST", "route": "/predict", "status": 200, "latency_ms": 24.958}
candidate-1   | {"timestamp": "2026-10-01T19:02:02Z", "event": "http_request", "request_id": "cfde2d316c03425ebfc8845962cf36b3", "method": "POST", "route": "/predict", "status": 200, "latency_ms": 24.118}
candidate-1   | {"timestamp": "2026-10-01T19:02:02Z", "event": "http_request", "request_id": "f59b77ebf84345a8bebcf17561a25c23", "method": "POST", "route": "/predict", "status": 200, "latency_ms": 25.303}
candidate-1   | /opt/project-venv/lib/python3.12/site-packages/sklearn/utils/validation.py:2749: UserWarning: X does not have valid feature names, but LGBMRegressor was fitted with feature names
candidate-1   |   warnings.warn(
candidate-1   | {"timestamp": "2026-10-01T19:02:02Z", "event": "http_request", "request_id": "6c13b97da5924d6ea147e2fbf66d0f2d", "method": "POST", "route": "/predict", "status": 200, "latency_ms": 20.367}
candidate-1   | /opt/project-venv/lib/python3.12/site-packages/sklearn/utils/validation.py:2749: UserWarning: X does not have valid feature names, but LGBMRegressor was fitted with feature names
candidate-1   |   warnings.warn(
candidate-1   | {"timestamp": "2026-10-01T19:02:02Z", "event": "http_request", "request_id": "c7a4fca843484150a7245fcebe4f0409", "method": "POST", "route": "/predict", "status": 200, "latency_ms": 25.701}
candidate-1   | /opt/project-venv/lib/python3.12/site-packages/sklearn/utils/validation.py:2749: UserWarning: X does not have valid feature names, but LGBMRegressor was fitted with feature names
candidate-1   |   warnings.warn(
candidate-1   | /opt/project-venv/lib/python3.12/site-packages/sklearn/utils/validation.py:2749: UserWarning: X does not have valid feature names, but LGBMRegressor was fitted with feature names
candidate-1   |   warnings.warn(
candidate-1   | /opt/project-venv/lib/python3.12/site-packages/sklearn/utils/validation.py:2749: UserWarning: X does not have valid feature names, but LGBMRegressor was fitted with feature names
candidate-1   |   warnings.warn(
candidate-1   | {"timestamp": "2026-10-01T19:02:02Z", "event": "http_request", "request_id": "1bef1dd767a44592b000605da4896842", "method": "POST", "route": "/predict", "status": 200, "latency_ms": 28.647}
candidate-1   | /opt/project-venv/lib/python3.12/site-packages/sklearn/utils/validation.py:2749: UserWarning: X does not have valid feature names, but LGBMRegressor was fitted with feature names
candidate-1   |   warnings.warn(
candidate-1   | {"timestamp": "2026-10-01T19:02:02Z", "event": "http_request", "request_id": "12c70d11f5fe4a2d93c8a1c9b887f832", "method": "POST", "route": "/predict", "status": 200, "latency_ms": 28.313}
candidate-1   | {"timestamp": "2026-10-01T19:02:02Z", "event": "http_request", "request_id": "eb3f2a8d97f741349555d0633cc52f77", "method": "POST", "route": "/predict", "status": 200, "latency_ms": 26.881}
candidate-1   | /opt/project-venv/lib/python3.12/site-packages/sklearn/utils/validation.py:2749: UserWarning: X does not have valid feature names, but LGBMRegressor was fitted with feature names
candidate-1   |   warnings.warn(
candidate-1   | /opt/project-venv/lib/python3.12/site-packages/sklearn/utils/validation.py:2749: UserWarning: X does not have valid feature names, but LGBMRegressor was fitted with feature names
candidate-1   |   warnings.warn(
candidate-1   | {"timestamp": "2026-10-01T19:02:02Z", "event": "http_request", "request_id": "0acc8c81f8334ec693daa1b9c01eb856", "method": "POST", "route": "/predict", "status": 200, "latency_ms": 27.674}
candidate-1   | /opt/project-venv/lib/python3.12/site-packages/sklearn/utils/validation.py:2749: UserWarning: X does not have valid feature names, but LGBMRegressor was fitted with feature names
candidate-1   |   warnings.warn(
candidate-1   | {"timestamp": "2026-10-01T19:02:02Z", "event": "http_request", "request_id": "25170b36ddcd4cc8b1a1c627914ec164", "method": "POST", "route": "/predict", "status": 200, "latency_ms": 26.398}
candidate-1   | {"timestamp": "2026-10-01T19:02:02Z", "event": "http_request", "request_id": "5c9540dc4f6040908b58a2a02e2e9139", "method": "POST", "route": "/predict", "status": 200, "latency_ms": 25.234}
candidate-1   | {"timestamp": "2026-10-01T19:02:02Z", "event": "http_request", "request_id": "114eae1e0fdd4e418bc19aa9c59356c1", "method": "POST", "route": "/predict", "status": 200, "latency_ms": 15.132}
candidate-1   | /opt/project-venv/lib/python3.12/site-packages/sklearn/utils/validation.py:2749: UserWarning: X does not have valid feature names, but LGBMRegressor was fitted with feature names
candidate-1   |   warnings.warn(
candidate-1   | /opt/project-venv/lib/python3.12/site-packages/sklearn/utils/validation.py:2749: UserWarning: X does not have valid feature names, but LGBMRegressor was fitted with feature names
candidate-1   |   warnings.warn(
candidate-1   | {"timestamp": "2026-10-01T19:02:02Z", "event": "http_request", "request_id": "fba6e52a0adc459bb448f8cfadf63a7e", "method": "POST", "route": "/predict", "status": 200, "latency_ms": 20.8}
candidate-1   | /opt/project-venv/lib/python3.12/site-packages/sklearn/utils/validation.py:2749: UserWarning: X does not have valid feature names, but LGBMRegressor was fitted with feature names
candidate-1   |   warnings.warn(
candidate-1   | {"timestamp": "2026-10-01T19:02:02Z", "event": "http_request", "request_id": "207618e09bea44ed9c1f2fb64239aaef", "method": "POST", "route": "/predict", "status": 200, "latency_ms": 30.597}
candidate-1   | /opt/project-venv/lib/python3.12/site-packages/sklearn/utils/validation.py:2749: UserWarning: X does not have valid feature names, but LGBMRegressor was fitted with feature names
candidate-1   |   warnings.warn(
candidate-1   | {"timestamp": "2026-10-01T19:02:02Z", "event": "http_request", "request_id": "97fc98a68c4442ff8305c8c7cc4d2508", "method": "POST", "route": "/predict", "status": 200, "latency_ms": 28.019}
candidate-1   | /opt/project-venv/lib/python3.12/site-packages/sklearn/utils/validation.py:2749: UserWarning: X does not have valid feature names, but LGBMRegressor was fitted with feature names
candidate-1   |   warnings.warn(
candidate-1   | /opt/project-venv/lib/python3.12/site-packages/sklearn/utils/validation.py:2749: UserWarning: X does not have valid feature names, but LGBMRegressor was fitted with feature names
candidate-1   |   warnings.warn(
candidate-1   | /opt/project-venv/lib/python3.12/site-packages/sklearn/utils/validation.py:2749: UserWarning: X does not have valid feature names, but LGBMRegressor was fitted with feature names
candidate-1   |   warnings.warn(
candidate-1   | {"timestamp": "2026-10-01T19:02:02Z", "event": "http_request", "request_id": "28cb9826a3b24cbb80ac05d8a10371bf", "method": "POST", "route": "/predict", "status": 200, "latency_ms": 21.535}
candidate-1   | {"timestamp": "2026-10-01T19:02:02Z", "event": "http_request", "request_id": "e87c9dfad30b403bb8f147d44b7fbece", "method": "POST", "route": "/predict", "status": 200, "latency_ms": 28.044}
candidate-1   | /opt/project-venv/lib/python3.12/site-packages/sklearn/utils/validation.py:2749: UserWarning: X does not have valid feature names, but LGBMRegressor was fitted with feature names
candidate-1   |   warnings.warn(
candidate-1   | {"timestamp": "2026-10-01T19:02:02Z", "event": "http_request", "request_id": "15d5da4015d441c28703c0758f6319af", "method": "POST", "route": "/predict", "status": 200, "latency_ms": 27.444}
candidate-1   | /opt/project-venv/lib/python3.12/site-packages/sklearn/utils/validation.py:2749: UserWarning: X does not have valid feature names, but LGBMRegressor was fitted with feature names
candidate-1   |   warnings.warn(
candidate-1   | /opt/project-venv/lib/python3.12/site-packages/sklearn/utils/validation.py:2749: UserWarning: X does not have valid feature names, but LGBMRegressor was fitted with feature names
candidate-1   |   warnings.warn(
candidate-1   | {"timestamp": "2026-10-01T19:02:02Z", "event": "http_request", "request_id": "b00faa3f4d2040f0b7c707e9cf968638", "method": "POST", "route": "/predict", "status": 200, "latency_ms": 23.068}
candidate-1   | {"timestamp": "2026-10-01T19:02:02Z", "event": "http_request", "request_id": "511074ead0ed42848fa0382cebc19816", "method": "POST", "route": "/predict", "status": 200, "latency_ms": 27.491}
candidate-1   | /opt/project-venv/lib/python3.12/site-packages/sklearn/utils/validation.py:2749: UserWarning: X does not have valid feature names, but LGBMRegressor was fitted with feature names
candidate-1   |   warnings.warn(
candidate-1   | /opt/project-venv/lib/python3.12/site-packages/sklearn/utils/validation.py:2749: UserWarning: X does not have valid feature names, but LGBMRegressor was fitted with feature names
candidate-1   |   warnings.warn(
candidate-1   | {"timestamp": "2026-10-01T19:02:02Z", "event": "http_request", "request_id": "5e269edc46b64778a4fd14bc4c46059a", "method": "POST", "route": "/predict", "status": 200, "latency_ms": 29.275}
candidate-1   | /opt/project-venv/lib/python3.12/site-packages/sklearn/utils/validation.py:2749: UserWarning: X does not have valid feature names, but LGBMRegressor was fitted with feature names
candidate-1   |   warnings.warn(
candidate-1   | {"timestamp": "2026-10-01T19:02:02Z", "event": "http_request", "request_id": "46060bcdb93f4123ae69735c49f1664b", "method": "POST", "route": "/predict", "status": 200, "latency_ms": 31.295}
candidate-1   | /opt/project-venv/lib/python3.12/site-packages/sklearn/utils/validation.py:2749: UserWarning: X does not have valid feature names, but LGBMRegressor was fitted with feature names
candidate-1   |   warnings.warn(
candidate-1   | {"timestamp": "2026-10-01T19:02:02Z", "event": "http_request", "request_id": "23389e70e30a495a9710377d5b1ebfc8", "method": "POST", "route": "/predict", "status": 200, "latency_ms": 26.39}
candidate-1   | {"timestamp": "2026-10-01T19:02:02Z", "event": "http_request", "request_id": "d78fd69a935f4a3485ffa24fddbed98f", "method": "POST", "route": "/predict", "status": 200, "latency_ms": 30.445}
candidate-1   | /opt/project-venv/lib/python3.12/site-packages/sklearn/utils/validation.py:2749: UserWarning: X does not have valid feature names, but LGBMRegressor was fitted with feature names
candidate-1   |   warnings.warn(
candidate-1   | {"timestamp": "2026-10-01T19:02:02Z", "event": "http_request", "request_id": "94103ac7ce234852a7f40df4d4f68822", "method": "POST", "route": "/predict", "status": 200, "latency_ms": 25.004}
candidate-1   | /opt/project-venv/lib/python3.12/site-packages/sklearn/utils/validation.py:2749: UserWarning: X does not have valid feature names, but LGBMRegressor was fitted with feature names
candidate-1   |   warnings.warn(
candidate-1   | /opt/project-venv/lib/python3.12/site-packages/sklearn/utils/validation.py:2749: UserWarning: X does not have valid feature names, but LGBMRegressor was fitted with feature names
candidate-1   |   warnings.warn(
candidate-1   | {"timestamp": "2026-10-01T19:02:02Z", "event": "http_request", "request_id": "16a677d97e354a358093ce28ac87ede2", "method": "POST", "route": "/predict", "status": 200, "latency_ms": 23.07}
candidate-1   | {"timestamp": "2026-10-01T19:02:02Z", "event": "http_request", "request_id": "e7b1fc365dcb4bd9895b0bf0b5df6a9c", "method": "POST", "route": "/predict", "status": 200, "latency_ms": 27.058}
candidate-1   | {"timestamp": "2026-10-01T19:02:02Z", "event": "http_request", "request_id": "1b8ef484cc1641798fa53464d1b3662a", "method": "POST", "route": "/predict", "status": 200, "latency_ms": 28.289}
candidate-1   | /opt/project-venv/lib/python3.12/site-packages/sklearn/utils/validation.py:2749: UserWarning: X does not have valid feature names, but LGBMRegressor was fitted with feature names
candidate-1   |   warnings.warn(
candidate-1   | {"timestamp": "2026-10-01T19:02:02Z", "event": "http_request", "request_id": "5559de32e2b149909316eeb0207cf62f", "method": "POST", "route": "/predict", "status": 200, "latency_ms": 20.212}
candidate-1   | /opt/project-venv/lib/python3.12/site-packages/sklearn/utils/validation.py:2749: UserWarning: X does not have valid feature names, but LGBMRegressor was fitted with feature names
candidate-1   |   warnings.warn(
candidate-1   | /opt/project-venv/lib/python3.12/site-packages/sklearn/utils/validation.py:2749: UserWarning: X does not have valid feature names, but LGBMRegressor was fitted with feature names
candidate-1   |   warnings.warn(
candidate-1   | /opt/project-venv/lib/python3.12/site-packages/sklearn/utils/validation.py:2749: UserWarning: X does not have valid feature names, but LGBMRegressor was fitted with feature names
candidate-1   |   warnings.warn(
candidate-1   | {"timestamp": "2026-10-01T19:02:02Z", "event": "http_request", "request_id": "fbcce3b043f1440aabb96f86dace39cb", "method": "POST", "route": "/predict", "status": 200, "latency_ms": 15.125}
candidate-1   | /opt/project-venv/lib/python3.12/site-packages/sklearn/utils/validation.py:2749: UserWarning: X does not have valid feature names, but LGBMRegressor was fitted with feature names
candidate-1   |   warnings.warn(
candidate-1   | /opt/project-venv/lib/python3.12/site-packages/sklearn/utils/validation.py:2749: UserWarning: X does not have valid feature names, but LGBMRegressor was fitted with feature names
candidate-1   |   warnings.warn(
candidate-1   | {"timestamp": "2026-10-01T19:02:02Z", "event": "http_request", "request_id": "fee15db2d8c5496994ec6636af3e7937", "method": "POST", "route": "/predict", "status": 200, "latency_ms": 30.832}
candidate-1   | /opt/project-venv/lib/python3.12/site-packages/sklearn/utils/validation.py:2749: UserWarning: X does not have valid feature names, but LGBMRegressor was fitted with feature names
candidate-1   |   warnings.warn(
candidate-1   | {"timestamp": "2026-10-01T19:02:02Z", "event": "http_request", "request_id": "d688fdddbb9a43c9ac498e15cd1ac519", "method": "POST", "route": "/predict", "status": 200, "latency_ms": 27.057}
candidate-1   | /opt/project-venv/lib/python3.12/site-packages/sklearn/utils/validation.py:2749: UserWarning: X does not have valid feature names, but LGBMRegressor was fitted with feature names
candidate-1   |   warnings.warn(
candidate-1   | {"timestamp": "2026-10-01T19:02:02Z", "event": "http_request", "request_id": "250e33ddddbb484caa7052e91f46e671", "method": "POST", "route": "/predict", "status": 200, "latency_ms": 23.336}
candidate-1   | {"timestamp": "2026-10-01T19:02:02Z", "event": "http_request", "request_id": "e979a1132f7f4b2ca81bd4c3db9d529b", "method": "POST", "route": "/predict", "status": 200, "latency_ms": 30.855}
candidate-1   | {"timestamp": "2026-10-01T19:02:02Z", "event": "http_request", "request_id": "bdd5d9ec748e454a93560fa3679bd4a5", "method": "POST", "route": "/predict", "status": 200, "latency_ms": 24.969}
candidate-1   | /opt/project-venv/lib/python3.12/site-packages/sklearn/utils/validation.py:2749: UserWarning: X does not have valid feature names, but LGBMRegressor was fitted with feature names
candidate-1   |   warnings.warn(
candidate-1   | {"timestamp": "2026-10-01T19:02:02Z", "event": "http_request", "request_id": "052871190add44c5b407fe9f1eb2727e", "method": "POST", "route": "/predict", "status": 200, "latency_ms": 16.731}
candidate-1   | /opt/project-venv/lib/python3.12/site-packages/sklearn/utils/validation.py:2749: UserWarning: X does not have valid feature names, but LGBMRegressor was fitted with feature names
candidate-1   |   warnings.warn(
candidate-1   | {"timestamp": "2026-10-01T19:02:02Z", "event": "http_request", "request_id": "501698758b0c412f8ce0e57ee7fbd22e", "method": "POST", "route": "/predict", "status": 200, "latency_ms": 18.064}
candidate-1   | {"timestamp": "2026-10-01T19:02:02Z", "event": "http_request", "request_id": "8fd860d305a849769b6bca61cb343010", "method": "POST", "route": "/predict", "status": 200, "latency_ms": 23.173}
candidate-1   | /opt/project-venv/lib/python3.12/site-packages/sklearn/utils/validation.py:2749: UserWarning: X does not have valid feature names, but LGBMRegressor was fitted with feature names
candidate-1   |   warnings.warn(
candidate-1   | /opt/project-venv/lib/python3.12/site-packages/sklearn/utils/validation.py:2749: UserWarning: X does not have valid feature names, but LGBMRegressor was fitted with feature names
candidate-1   |   warnings.warn(
candidate-1   | /opt/project-venv/lib/python3.12/site-packages/sklearn/utils/validation.py:2749: UserWarning: X does not have valid feature names, but LGBMRegressor was fitted with feature names
candidate-1   |   warnings.warn(
candidate-1   | {"timestamp": "2026-10-01T19:02:02Z", "event": "http_request", "request_id": "f820e1042a474d9b90e12ad389b10554", "method": "POST", "route": "/predict", "status": 200, "latency_ms": 30.041}
candidate-1   | {"timestamp": "2026-10-01T19:02:02Z", "event": "http_request", "request_id": "2cc311982273446d9b50e8469693383c", "method": "POST", "route": "/predict", "status": 200, "latency_ms": 24.11}
candidate-1   | /opt/project-venv/lib/python3.12/site-packages/sklearn/utils/validation.py:2749: UserWarning: X does not have valid feature names, but LGBMRegressor was fitted with feature names
candidate-1   |   warnings.warn(
candidate-1   | {"timestamp": "2026-10-01T19:02:02Z", "event": "http_request", "request_id": "429d66c83bfa45879fc76557cd34cbdb", "method": "POST", "route": "/predict", "status": 200, "latency_ms": 20.996}
candidate-1   | /opt/project-venv/lib/python3.12/site-packages/sklearn/utils/validation.py:2749: UserWarning: X does not have valid feature names, but LGBMRegressor was fitted with feature names
candidate-1   |   warnings.warn(
candidate-1   | {"timestamp": "2026-10-01T19:02:02Z", "event": "http_request", "request_id": "9dd4bce5b67f4913ac8ef4e7df5ca3ae", "method": "POST", "route": "/predict", "status": 200, "latency_ms": 19.672}
candidate-1   | /opt/project-venv/lib/python3.12/site-packages/sklearn/utils/validation.py:2749: UserWarning: X does not have valid feature names, but LGBMRegressor was fitted with feature names
candidate-1   |   warnings.warn(
candidate-1   | {"timestamp": "2026-10-01T19:02:02Z", "event": "http_request", "request_id": "f27c9c6513f14bcc85dad0e8a5264d15", "method": "POST", "route": "/predict", "status": 200, "latency_ms": 19.44}
candidate-1   | /opt/project-venv/lib/python3.12/site-packages/sklearn/utils/validation.py:2749: UserWarning: X does not have valid feature names, but LGBMRegressor was fitted with feature names
candidate-1   |   warnings.warn(
candidate-1   | {"timestamp": "2026-10-01T19:02:02Z", "event": "http_request", "request_id": "7cc976b85d3b4ac58b845a87e19982c4", "method": "POST", "route": "/predict", "status": 200, "latency_ms": 15.944}
candidate-1   | /opt/project-venv/lib/python3.12/site-packages/sklearn/utils/validation.py:2749: UserWarning: X does not have valid feature names, but LGBMRegressor was fitted with feature names
candidate-1   |   warnings.warn(
candidate-1   | {"timestamp": "2026-10-01T19:02:02Z", "event": "http_request", "request_id": "f1868578a90c4df7842f0df2f6ad01dd", "method": "POST", "route": "/predict", "status": 200, "latency_ms": 19.749}
candidate-1   | {"timestamp": "2026-10-01T19:02:02Z", "event": "http_request", "request_id": "2787c0182df14585bed3159750481f2f", "method": "POST", "route": "/predict", "status": 200, "latency_ms": 18.626}
candidate-1   | {"timestamp": "2026-10-01T19:02:02Z", "event": "http_request", "request_id": "e41730e0c65f4e868a7160a0b7528e45", "method": "POST", "route": "/predict", "status": 200, "latency_ms": 13.888}
candidate-1   | {"timestamp": "2026-10-01T19:02:02Z", "event": "http_request", "request_id": "e10175be298a493aaa2b2124ee08f88f", "method": "POST", "route": "/predict", "status": 200, "latency_ms": 15.111}
