production-1  | INFO:     Started server process [1]
production-1  | INFO:     Waiting for application startup.
production-1  | {"timestamp": "2026-10-01T18:24:28Z", "event": "model_load_failed", "error_type": "FileNotFoundError", "reason": "[Errno 2] No such file or directory: '/project/artifacts/orchestration/production.json'"}
production-1  | INFO:     Application startup complete.
production-1  | INFO:     Uvicorn running on http://0.0.0.0:8000 (Press CTRL+C to quit)
production-1  | {"timestamp": "2026-10-01T18:30:57Z", "event": "http_request", "request_id": "0e0eeba2bb0a4f388d61055e48804ff2", "method": "GET", "route": "/health", "status": 200, "latency_ms": 73.479}
production-1  | {"timestamp": "2026-10-01T18:30:57Z", "event": "http_request", "request_id": "d58ce2ecfa3c4eea95d5ef6c7ec280a3", "method": "GET", "route": "/schema", "status": 200, "latency_ms": 1.152}
production-1  | /opt/project-venv/lib/python3.12/site-packages/sklearn/utils/validation.py:2749: UserWarning: X does not have valid feature names, but LGBMRegressor was fitted with feature names
production-1  |   warnings.warn(
production-1  | {"timestamp": "2026-10-01T18:30:57Z", "event": "http_request", "request_id": "771f176aaac54060bc2e270b682f70cc", "method": "POST", "route": "/predict", "status": 200, "latency_ms": 8.207}
production-1  | {"timestamp": "2026-10-01T18:30:57Z", "event": "http_request", "request_id": "8ad04172b5a949d9b7f50506b97fb9f4", "method": "GET", "route": "/health", "status": 200, "latency_ms": 5.835}
production-1  | {"timestamp": "2026-10-01T18:30:57Z", "event": "http_request", "request_id": "2502fc9c6f6a48f5bdb12dbe2d680372", "method": "GET", "route": "/schema", "status": 200, "latency_ms": 0.836}
production-1  | /opt/project-venv/lib/python3.12/site-packages/sklearn/utils/validation.py:2749: UserWarning: X does not have valid feature names, but LGBMRegressor was fitted with feature names
production-1  |   warnings.warn(
production-1  | {"timestamp": "2026-10-01T18:30:57Z", "event": "http_request", "request_id": "0ad6b41c302345ada48316492e7ef0c9", "method": "POST", "route": "/predict", "status": 200, "latency_ms": 4.087}
production-1  | {"timestamp": "2026-10-01T18:31:01Z", "event": "http_request", "request_id": "4b5cd37ff61940358d51603e37676e1d", "method": "GET", "route": "/health", "status": 200, "latency_ms": 4.023}
production-1  | {"timestamp": "2026-10-01T18:31:01Z", "event": "http_request", "request_id": "85c74278c7b64e18b43075d3e099f7f2", "method": "GET", "route": "/schema", "status": 200, "latency_ms": 0.755}
production-1  | /opt/project-venv/lib/python3.12/site-packages/sklearn/utils/validation.py:2749: UserWarning: X does not have valid feature names, but LGBMRegressor was fitted with feature names
production-1  |   warnings.warn(
production-1  | {"timestamp": "2026-10-01T18:31:01Z", "event": "http_request", "request_id": "b873318127aa441c930fc71c2b978cb6", "method": "POST", "route": "/predict", "status": 200, "latency_ms": 3.056}
production-1  | {"timestamp": "2026-10-01T18:31:01Z", "event": "http_request", "request_id": "c68e01127aa34ba99a46d45863ff31e2", "method": "GET", "route": "/health", "status": 200, "latency_ms": 8.419}
production-1  | {"timestamp": "2026-10-01T18:31:01Z", "event": "http_request", "request_id": "588f0ee1d1494560b088fdad0f196a13", "method": "GET", "route": "/schema", "status": 200, "latency_ms": 0.803}
production-1  | /opt/project-venv/lib/python3.12/site-packages/sklearn/utils/validation.py:2749: UserWarning: X does not have valid feature names, but LGBMRegressor was fitted with feature names
production-1  |   warnings.warn(
production-1  | {"timestamp": "2026-10-01T18:31:01Z", "event": "http_request", "request_id": "1babacb1f2284b9c9801c6544c88c5b0", "method": "POST", "route": "/predict", "status": 200, "latency_ms": 7.658}
production-1  | {"timestamp": "2026-10-01T18:31:03Z", "event": "http_request", "request_id": "0ca428aed41444bcbac5e45bb3eb7bc2", "method": "GET", "route": "/health", "status": 200, "latency_ms": 0.6}
production-1  | {"timestamp": "2026-10-01T18:31:03Z", "event": "http_request", "request_id": "9f1c5b21e0154249a660fddab5570ae0", "method": "GET", "route": "/schema", "status": 200, "latency_ms": 0.603}
production-1  | /opt/project-venv/lib/python3.12/site-packages/sklearn/utils/validation.py:2749: UserWarning: X does not have valid feature names, but LGBMRegressor was fitted with feature names
production-1  |   warnings.warn(
production-1  | {"timestamp": "2026-10-01T18:31:03Z", "event": "http_request", "request_id": "9248a9e91fde4703838e4e9d18ec512d", "method": "POST", "route": "/predict", "status": 200, "latency_ms": 2.768}
production-1  | {"timestamp": "2026-10-01T18:31:04Z", "event": "http_request", "request_id": "2d511da3759840188d6bd4eef67728c7", "method": "GET", "route": "/health", "status": 200, "latency_ms": 0.656}
candidate-1   | INFO:     Started server process [1]
candidate-1   | INFO:     Waiting for application startup.
candidate-1   | {"timestamp": "2026-10-01T18:24:28Z", "event": "model_load_failed", "error_type": "FileNotFoundError", "reason": "[Errno 2] No such file or directory: '/project/artifacts/orchestration/candidate.json'"}
candidate-1   | INFO:     Application startup complete.
candidate-1   | INFO:     Uvicorn running on http://0.0.0.0:8000 (Press CTRL+C to quit)
candidate-1   | {"timestamp": "2026-10-01T18:30:50Z", "event": "http_request", "request_id": "776b585bd00b49b0893cae8d6e354d9d", "method": "GET", "route": "/health", "status": 200, "latency_ms": 73.645}
candidate-1   | {"timestamp": "2026-10-01T18:30:50Z", "event": "http_request", "request_id": "ade0a55610074d3d924c24a1482aefcf", "method": "GET", "route": "/schema", "status": 200, "latency_ms": 1.16}
candidate-1   | /opt/project-venv/lib/python3.12/site-packages/sklearn/utils/validation.py:2749: UserWarning: X does not have valid feature names, but LGBMRegressor was fitted with feature names
candidate-1   |   warnings.warn(
candidate-1   | {"timestamp": "2026-10-01T18:30:50Z", "event": "http_request", "request_id": "32fd09c765c840a1825e3621b1d7fd17", "method": "POST", "route": "/predict", "status": 200, "latency_ms": 8.409}
candidate-1   | /opt/project-venv/lib/python3.12/site-packages/sklearn/utils/validation.py:2749: UserWarning: X does not have valid feature names, but LGBMRegressor was fitted with feature names
candidate-1   |   warnings.warn(
candidate-1   | {"timestamp": "2026-10-01T18:30:51Z", "event": "http_request", "request_id": "a70cd796d0184814b144c6c8d0a3abd8", "method": "POST", "route": "/predict", "status": 200, "latency_ms": 7.638}
candidate-1   | /opt/project-venv/lib/python3.12/site-packages/sklearn/utils/validation.py:2749: UserWarning: X does not have valid feature names, but LGBMRegressor was fitted with feature names
candidate-1   |   warnings.warn(
candidate-1   | {"timestamp": "2026-10-01T18:30:51Z", "event": "http_request", "request_id": "3fd892e998154cadbda324947cde5bfd", "method": "POST", "route": "/predict", "status": 200, "latency_ms": 4.361}
candidate-1   | /opt/project-venv/lib/python3.12/site-packages/sklearn/utils/validation.py:2749: UserWarning: X does not have valid feature names, but LGBMRegressor was fitted with feature names
candidate-1   |   warnings.warn(
candidate-1   | {"timestamp": "2026-10-01T18:30:51Z", "event": "http_request", "request_id": "b7bd11b4e35b4005a4ad422e3664e633", "method": "POST", "route": "/predict", "status": 200, "latency_ms": 3.768}
candidate-1   | /opt/project-venv/lib/python3.12/site-packages/sklearn/utils/validation.py:2749: UserWarning: X does not have valid feature names, but LGBMRegressor was fitted with feature names
candidate-1   |   warnings.warn(
candidate-1   | {"timestamp": "2026-10-01T18:30:51Z", "event": "http_request", "request_id": "f9de0f96d2c84cf68e025d52b6f4ca1c", "method": "POST", "route": "/predict", "status": 200, "latency_ms": 3.947}
candidate-1   | /opt/project-venv/lib/python3.12/site-packages/sklearn/utils/validation.py:2749: UserWarning: X does not have valid feature names, but LGBMRegressor was fitted with feature names
candidate-1   |   warnings.warn(
candidate-1   | {"timestamp": "2026-10-01T18:30:51Z", "event": "http_request", "request_id": "2027d1a598934451b024293c4ee50eb7", "method": "POST", "route": "/predict", "status": 200, "latency_ms": 4.49}
candidate-1   | /opt/project-venv/lib/python3.12/site-packages/sklearn/utils/validation.py:2749: UserWarning: X does not have valid feature names, but LGBMRegressor was fitted with feature names
candidate-1   |   warnings.warn(
candidate-1   | /opt/project-venv/lib/python3.12/site-packages/sklearn/utils/validation.py:2749: UserWarning: X does not have valid feature names, but LGBMRegressor was fitted with feature names
candidate-1   |   warnings.warn(
candidate-1   | {"timestamp": "2026-10-01T18:30:51Z", "event": "http_request", "request_id": "b364a09ee0e64ed182728edb31f4649d", "method": "POST", "route": "/predict", "status": 200, "latency_ms": 12.137}
candidate-1   | /opt/project-venv/lib/python3.12/site-packages/sklearn/utils/validation.py:2749: UserWarning: X does not have valid feature names, but LGBMRegressor was fitted with feature names
candidate-1   |   warnings.warn(
candidate-1   | {"timestamp": "2026-10-01T18:30:51Z", "event": "http_request", "request_id": "3b266a535caa49ebb653f2304231fda5", "method": "POST", "route": "/predict", "status": 200, "latency_ms": 14.406}
candidate-1   | /opt/project-venv/lib/python3.12/site-packages/sklearn/utils/validation.py:2749: UserWarning: X does not have valid feature names, but LGBMRegressor was fitted with feature names
candidate-1   |   warnings.warn(
candidate-1   | /opt/project-venv/lib/python3.12/site-packages/sklearn/utils/validation.py:2749: UserWarning: X does not have valid feature names, but LGBMRegressor was fitted with feature names
candidate-1   |   warnings.warn(
candidate-1   | /opt/project-venv/lib/python3.12/site-packages/sklearn/utils/validation.py:2749: UserWarning: X does not have valid feature names, but LGBMRegressor was fitted with feature names
candidate-1   |   warnings.warn(
candidate-1   | {"timestamp": "2026-10-01T18:30:51Z", "event": "http_request", "request_id": "c8ffdca3fc524f0693522c7be4f1a374", "method": "POST", "route": "/predict", "status": 200, "latency_ms": 23.92}
candidate-1   | {"timestamp": "2026-10-01T18:30:51Z", "event": "http_request", "request_id": "c073377cb0f5440dbdbdbef14ca47029", "method": "POST", "route": "/predict", "status": 200, "latency_ms": 7.999}
candidate-1   | {"timestamp": "2026-10-01T18:30:51Z", "event": "http_request", "request_id": "8549ff0878a542c9a008004f17f89d55", "method": "POST", "route": "/predict", "status": 200, "latency_ms": 12.958}
candidate-1   | /opt/project-venv/lib/python3.12/site-packages/sklearn/utils/validation.py:2749: UserWarning: X does not have valid feature names, but LGBMRegressor was fitted with feature names
candidate-1   |   warnings.warn(
candidate-1   | {"timestamp": "2026-10-01T18:30:51Z", "event": "http_request", "request_id": "52dd327dbe2a454b9aaae0aee2f901fe", "method": "POST", "route": "/predict", "status": 200, "latency_ms": 24.17}
candidate-1   | {"timestamp": "2026-10-01T18:30:51Z", "event": "http_request", "request_id": "dc0d4cf853284598b96292fdcae19f73", "method": "POST", "route": "/predict", "status": 200, "latency_ms": 6.707}
candidate-1   | /opt/project-venv/lib/python3.12/site-packages/sklearn/utils/validation.py:2749: UserWarning: X does not have valid feature names, but LGBMRegressor was fitted with feature names
candidate-1   |   warnings.warn(
candidate-1   | /opt/project-venv/lib/python3.12/site-packages/sklearn/utils/validation.py:2749: UserWarning: X does not have valid feature names, but LGBMRegressor was fitted with feature names
candidate-1   |   warnings.warn(
candidate-1   | /opt/project-venv/lib/python3.12/site-packages/sklearn/utils/validation.py:2749: UserWarning: X does not have valid feature names, but LGBMRegressor was fitted with feature names
candidate-1   |   warnings.warn(
candidate-1   | {"timestamp": "2026-10-01T18:30:51Z", "event": "http_request", "request_id": "d38a05d9f99b41eda2cf0541643cb826", "method": "POST", "route": "/predict", "status": 200, "latency_ms": 10.801}
candidate-1   | /opt/project-venv/lib/python3.12/site-packages/sklearn/utils/validation.py:2749: UserWarning: X does not have valid feature names, but LGBMRegressor was fitted with feature names
candidate-1   |   warnings.warn(
candidate-1   | {"timestamp": "2026-10-01T18:30:51Z", "event": "http_request", "request_id": "f263f445dd384472a2fa0771332bdfbb", "method": "POST", "route": "/predict", "status": 200, "latency_ms": 14.027}
candidate-1   | {"timestamp": "2026-10-01T18:30:51Z", "event": "http_request", "request_id": "250a0c204e8b430f99e0d6487c53ee66", "method": "POST", "route": "/predict", "status": 200, "latency_ms": 15.357}
candidate-1   | /opt/project-venv/lib/python3.12/site-packages/sklearn/utils/validation.py:2749: UserWarning: X does not have valid feature names, but LGBMRegressor was fitted with feature names
candidate-1   |   warnings.warn(
candidate-1   | {"timestamp": "2026-10-01T18:30:51Z", "event": "http_request", "request_id": "261a37e39dfc45ffa95441f918cc999c", "method": "POST", "route": "/predict", "status": 200, "latency_ms": 12.613}
candidate-1   | {"timestamp": "2026-10-01T18:30:51Z", "event": "http_request", "request_id": "e37b50ba314d41d5956a8a0504a8e7b1", "method": "POST", "route": "/predict", "status": 200, "latency_ms": 7.397}
candidate-1   | /opt/project-venv/lib/python3.12/site-packages/sklearn/utils/validation.py:2749: UserWarning: X does not have valid feature names, but LGBMRegressor was fitted with feature names
candidate-1   |   warnings.warn(
candidate-1   | {"timestamp": "2026-10-01T18:30:51Z", "event": "http_request", "request_id": "2f291209d1b54c94a19517bddbf4a23d", "method": "POST", "route": "/predict", "status": 200, "latency_ms": 8.989}
candidate-1   | /opt/project-venv/lib/python3.12/site-packages/sklearn/utils/validation.py:2749: UserWarning: X does not have valid feature names, but LGBMRegressor was fitted with feature names
candidate-1   |   warnings.warn(
candidate-1   | /opt/project-venv/lib/python3.12/site-packages/sklearn/utils/validation.py:2749: UserWarning: X does not have valid feature names, but LGBMRegressor was fitted with feature names
candidate-1   |   warnings.warn(
candidate-1   | /opt/project-venv/lib/python3.12/site-packages/sklearn/utils/validation.py:2749: UserWarning: X does not have valid feature names, but LGBMRegressor was fitted with feature names
candidate-1   |   warnings.warn(
candidate-1   | {"timestamp": "2026-10-01T18:30:51Z", "event": "http_request", "request_id": "c5673d8974924304a8881dbcf6f2ee41", "method": "POST", "route": "/predict", "status": 200, "latency_ms": 14.71}
candidate-1   | /opt/project-venv/lib/python3.12/site-packages/sklearn/utils/validation.py:2749: UserWarning: X does not have valid feature names, but LGBMRegressor was fitted with feature names
candidate-1   |   warnings.warn(
candidate-1   | {"timestamp": "2026-10-01T18:30:51Z", "event": "http_request", "request_id": "6a3296502c4a4e6ba77600bd3eb7110d", "method": "POST", "route": "/predict", "status": 200, "latency_ms": 16.879}
candidate-1   | {"timestamp": "2026-10-01T18:30:51Z", "event": "http_request", "request_id": "ef5409c23630423d8a265b17979da7cc", "method": "POST", "route": "/predict", "status": 200, "latency_ms": 14.162}
candidate-1   | {"timestamp": "2026-10-01T18:30:51Z", "event": "http_request", "request_id": "f6b3058153ae40a08b302068ae8e6644", "method": "POST", "route": "/predict", "status": 200, "latency_ms": 11.054}
candidate-1   | /opt/project-venv/lib/python3.12/site-packages/sklearn/utils/validation.py:2749: UserWarning: X does not have valid feature names, but LGBMRegressor was fitted with feature names
candidate-1   |   warnings.warn(
candidate-1   | {"timestamp": "2026-10-01T18:30:51Z", "event": "http_request", "request_id": "7a0c453f65354ab7b8daa481523429d6", "method": "POST", "route": "/predict", "status": 200, "latency_ms": 8.055}
candidate-1   | /opt/project-venv/lib/python3.12/site-packages/sklearn/utils/validation.py:2749: UserWarning: X does not have valid feature names, but LGBMRegressor was fitted with feature names
candidate-1   |   warnings.warn(
candidate-1   | /opt/project-venv/lib/python3.12/site-packages/sklearn/utils/validation.py:2749: UserWarning: X does not have valid feature names, but LGBMRegressor was fitted with feature names
candidate-1   |   warnings.warn(
candidate-1   | {"timestamp": "2026-10-01T18:30:51Z", "event": "http_request", "request_id": "813a594fb06a4bf19fbd1ba778557703", "method": "POST", "route": "/predict", "status": 200, "latency_ms": 13.991}
candidate-1   | {"timestamp": "2026-10-01T18:30:51Z", "event": "http_request", "request_id": "9ea4e3c8eed64a1aa17a189c06a972ae", "method": "POST", "route": "/predict", "status": 200, "latency_ms": 10.609}
candidate-1   | /opt/project-venv/lib/python3.12/site-packages/sklearn/utils/validation.py:2749: UserWarning: X does not have valid feature names, but LGBMRegressor was fitted with feature names
candidate-1   |   warnings.warn(
candidate-1   | /opt/project-venv/lib/python3.12/site-packages/sklearn/utils/validation.py:2749: UserWarning: X does not have valid feature names, but LGBMRegressor was fitted with feature names
candidate-1   |   warnings.warn(
candidate-1   | {"timestamp": "2026-10-01T18:30:51Z", "event": "http_request", "request_id": "85899031008841738e2c279208921460", "method": "POST", "route": "/predict", "status": 200, "latency_ms": 15.902}
candidate-1   | /opt/project-venv/lib/python3.12/site-packages/sklearn/utils/validation.py:2749: UserWarning: X does not have valid feature names, but LGBMRegressor was fitted with feature names
candidate-1   |   warnings.warn(
candidate-1   | /opt/project-venv/lib/python3.12/site-packages/sklearn/utils/validation.py:2749: UserWarning: X does not have valid feature names, but LGBMRegressor was fitted with feature names
candidate-1   |   warnings.warn(
candidate-1   | {"timestamp": "2026-10-01T18:30:51Z", "event": "http_request", "request_id": "4692955a8af8479a85a2cfc3a90f17cd", "method": "POST", "route": "/predict", "status": 200, "latency_ms": 7.231}
candidate-1   | /opt/project-venv/lib/python3.12/site-packages/sklearn/utils/validation.py:2749: UserWarning: X does not have valid feature names, but LGBMRegressor was fitted with feature names
candidate-1   |   warnings.warn(
candidate-1   | {"timestamp": "2026-10-01T18:30:51Z", "event": "http_request", "request_id": "a7c78e57e7124dd0b56228396c7c122c", "method": "POST", "route": "/predict", "status": 200, "latency_ms": 18.499}
candidate-1   | {"timestamp": "2026-10-01T18:30:51Z", "event": "http_request", "request_id": "cf645b36a6594c1f8a1361bbe67daec4", "method": "POST", "route": "/predict", "status": 200, "latency_ms": 13.4}
candidate-1   | /opt/project-venv/lib/python3.12/site-packages/sklearn/utils/validation.py:2749: UserWarning: X does not have valid feature names, but LGBMRegressor was fitted with feature names
candidate-1   |   warnings.warn(
candidate-1   | /opt/project-venv/lib/python3.12/site-packages/sklearn/utils/validation.py:2749: UserWarning: X does not have valid feature names, but LGBMRegressor was fitted with feature names
candidate-1   |   warnings.warn(
candidate-1   | {"timestamp": "2026-10-01T18:30:51Z", "event": "http_request", "request_id": "71a640f64ed84a9493282d0c12478ab5", "method": "POST", "route": "/predict", "status": 200, "latency_ms": 12.779}
candidate-1   | /opt/project-venv/lib/python3.12/site-packages/sklearn/utils/validation.py:2749: UserWarning: X does not have valid feature names, but LGBMRegressor was fitted with feature names
candidate-1   |   warnings.warn(
candidate-1   | {"timestamp": "2026-10-01T18:30:51Z", "event": "http_request", "request_id": "1eba0b779a36407e9fb366700b4bc482", "method": "POST", "route": "/predict", "status": 200, "latency_ms": 12.211}
candidate-1   | {"timestamp": "2026-10-01T18:30:51Z", "event": "http_request", "request_id": "603fce56488045f983d95c155aa4f722", "method": "POST", "route": "/predict", "status": 200, "latency_ms": 11.884}
candidate-1   | /opt/project-venv/lib/python3.12/site-packages/sklearn/utils/validation.py:2749: UserWarning: X does not have valid feature names, but LGBMRegressor was fitted with feature names
candidate-1   |   warnings.warn(
candidate-1   | {"timestamp": "2026-10-01T18:30:51Z", "event": "http_request", "request_id": "766a26f2236e46a4ba52e2b7d3ed78f4", "method": "POST", "route": "/predict", "status": 200, "latency_ms": 9.317}
candidate-1   | {"timestamp": "2026-10-01T18:30:51Z", "event": "http_request", "request_id": "ac9eddaecc214271b6c82a819fb03446", "method": "POST", "route": "/predict", "status": 200, "latency_ms": 6.565}
candidate-1   | /opt/project-venv/lib/python3.12/site-packages/sklearn/utils/validation.py:2749: UserWarning: X does not have valid feature names, but LGBMRegressor was fitted with feature names
candidate-1   |   warnings.warn(
candidate-1   | {"timestamp": "2026-10-01T18:30:51Z", "event": "http_request", "request_id": "ba2b603290c242629571892e83ceb7ca", "method": "POST", "route": "/predict", "status": 200, "latency_ms": 3.674}
candidate-1   | {"timestamp": "2026-10-01T18:30:51Z", "event": "http_request", "request_id": "fa9ee76cef7c42f5a60ebdab990a0f89", "method": "GET", "route": "/health", "status": 200, "latency_ms": 5.378}
candidate-1   | {"timestamp": "2026-10-01T18:30:51Z", "event": "http_request", "request_id": "83f8ba1ea8ae4e31bf64bc18ea5b6cce", "method": "GET", "route": "/schema", "status": 200, "latency_ms": 0.693}
candidate-1   | /opt/project-venv/lib/python3.12/site-packages/sklearn/utils/validation.py:2749: UserWarning: X does not have valid feature names, but LGBMRegressor was fitted with feature names
candidate-1   |   warnings.warn(
candidate-1   | {"timestamp": "2026-10-01T18:30:51Z", "event": "http_request", "request_id": "4ec6ddb7049442ca9863c61c24cd0277", "method": "POST", "route": "/predict", "status": 200, "latency_ms": 2.477}
candidate-1   | /opt/project-venv/lib/python3.12/site-packages/sklearn/utils/validation.py:2749: UserWarning: X does not have valid feature names, but LGBMRegressor was fitted with feature names
candidate-1   |   warnings.warn(
candidate-1   | {"timestamp": "2026-10-01T18:30:51Z", "event": "http_request", "request_id": "ef319409f3c04e28bb745fe1b6befa19", "method": "POST", "route": "/predict", "status": 200, "latency_ms": 4.915}
candidate-1   | /opt/project-venv/lib/python3.12/site-packages/sklearn/utils/validation.py:2749: UserWarning: X does not have valid feature names, but LGBMRegressor was fitted with feature names
candidate-1   |   warnings.warn(
candidate-1   | {"timestamp": "2026-10-01T18:30:51Z", "event": "http_request", "request_id": "f4150b28dd4c40ca90c5586bd24d885b", "method": "POST", "route": "/predict", "status": 200, "latency_ms": 3.285}
candidate-1   | /opt/project-venv/lib/python3.12/site-packages/sklearn/utils/validation.py:2749: UserWarning: X does not have valid feature names, but LGBMRegressor was fitted with feature names
candidate-1   |   warnings.warn(
candidate-1   | {"timestamp": "2026-10-01T18:30:51Z", "event": "http_request", "request_id": "7066a2ee4cb34865bd409958505de8a4", "method": "POST", "route": "/predict", "status": 200, "latency_ms": 3.056}
candidate-1   | /opt/project-venv/lib/python3.12/site-packages/sklearn/utils/validation.py:2749: UserWarning: X does not have valid feature names, but LGBMRegressor was fitted with feature names
candidate-1   |   warnings.warn(
candidate-1   | {"timestamp": "2026-10-01T18:30:51Z", "event": "http_request", "request_id": "49d0b0c965994caca1a1884033327d38", "method": "POST", "route": "/predict", "status": 200, "latency_ms": 3.179}
candidate-1   | /opt/project-venv/lib/python3.12/site-packages/sklearn/utils/validation.py:2749: UserWarning: X does not have valid feature names, but LGBMRegressor was fitted with feature names
candidate-1   |   warnings.warn(
candidate-1   | {"timestamp": "2026-10-01T18:30:51Z", "event": "http_request", "request_id": "4ddd24cdac374860b21bd9e02add8e61", "method": "POST", "route": "/predict", "status": 200, "latency_ms": 2.715}
candidate-1   | /opt/project-venv/lib/python3.12/site-packages/sklearn/utils/validation.py:2749: UserWarning: X does not have valid feature names, but LGBMRegressor was fitted with feature names
candidate-1   |   warnings.warn(
candidate-1   | /opt/project-venv/lib/python3.12/site-packages/sklearn/utils/validation.py:2749: UserWarning: X does not have valid feature names, but LGBMRegressor was fitted with feature names
candidate-1   |   warnings.warn(
candidate-1   | {"timestamp": "2026-10-01T18:30:51Z", "event": "http_request", "request_id": "36726fdf859f4f50910ad5164e60b0e0", "method": "POST", "route": "/predict", "status": 200, "latency_ms": 6.227}
candidate-1   | /opt/project-venv/lib/python3.12/site-packages/sklearn/utils/validation.py:2749: UserWarning: X does not have valid feature names, but LGBMRegressor was fitted with feature names
candidate-1   |   warnings.warn(
candidate-1   | /opt/project-venv/lib/python3.12/site-packages/sklearn/utils/validation.py:2749: UserWarning: X does not have valid feature names, but LGBMRegressor was fitted with feature names
candidate-1   |   warnings.warn(
candidate-1   | {"timestamp": "2026-10-01T18:30:51Z", "event": "http_request", "request_id": "600dcd889ff6458dac1995f6374ffb3c", "method": "POST", "route": "/predict", "status": 200, "latency_ms": 13.787}
candidate-1   | /opt/project-venv/lib/python3.12/site-packages/sklearn/utils/validation.py:2749: UserWarning: X does not have valid feature names, but LGBMRegressor was fitted with feature names
candidate-1   |   warnings.warn(
candidate-1   | {"timestamp": "2026-10-01T18:30:51Z", "event": "http_request", "request_id": "220b951d14a4495cb23b93cea86378c9", "method": "POST", "route": "/predict", "status": 200, "latency_ms": 15.839}
candidate-1   | {"timestamp": "2026-10-01T18:30:51Z", "event": "http_request", "request_id": "806fcbe1350c48f2a2c3b3989348a251", "method": "POST", "route": "/predict", "status": 200, "latency_ms": 17.455}
candidate-1   | {"timestamp": "2026-10-01T18:30:51Z", "event": "http_request", "request_id": "061bbb85e8d84432bd7d3f3ab75d543a", "method": "POST", "route": "/predict", "status": 200, "latency_ms": 8.705}
candidate-1   | /opt/project-venv/lib/python3.12/site-packages/sklearn/utils/validation.py:2749: UserWarning: X does not have valid feature names, but LGBMRegressor was fitted with feature names
candidate-1   |   warnings.warn(
candidate-1   | /opt/project-venv/lib/python3.12/site-packages/sklearn/utils/validation.py:2749: UserWarning: X does not have valid feature names, but LGBMRegressor was fitted with feature names
candidate-1   |   warnings.warn(
candidate-1   | {"timestamp": "2026-10-01T18:30:51Z", "event": "http_request", "request_id": "fb4f35af146a4362aaf1051f6d6c1e5d", "method": "POST", "route": "/predict", "status": 200, "latency_ms": 9.446}
candidate-1   | /opt/project-venv/lib/python3.12/site-packages/sklearn/utils/validation.py:2749: UserWarning: X does not have valid feature names, but LGBMRegressor was fitted with feature names
candidate-1   |   warnings.warn(
candidate-1   | /opt/project-venv/lib/python3.12/site-packages/sklearn/utils/validation.py:2749: UserWarning: X does not have valid feature names, but LGBMRegressor was fitted with feature names
candidate-1   |   warnings.warn(
candidate-1   | {"timestamp": "2026-10-01T18:30:51Z", "event": "http_request", "request_id": "3b370464522d44d5a26ad12a182b6dad", "method": "POST", "route": "/predict", "status": 200, "latency_ms": 12.304}
candidate-1   | {"timestamp": "2026-10-01T18:30:51Z", "event": "http_request", "request_id": "2d516aa4014e41d6bd9ebd527cf4cacb", "method": "POST", "route": "/predict", "status": 200, "latency_ms": 14.99}
candidate-1   | {"timestamp": "2026-10-01T18:30:51Z", "event": "http_request", "request_id": "32f03ca6282344b1a9577dea29e33277", "method": "POST", "route": "/predict", "status": 200, "latency_ms": 9.793}
candidate-1   | /opt/project-venv/lib/python3.12/site-packages/sklearn/utils/validation.py:2749: UserWarning: X does not have valid feature names, but LGBMRegressor was fitted with feature names
candidate-1   |   warnings.warn(
candidate-1   | {"timestamp": "2026-10-01T18:30:51Z", "event": "http_request", "request_id": "cfb02422db924d63bffdb7ff047380da", "method": "POST", "route": "/predict", "status": 200, "latency_ms": 7.618}
candidate-1   | /opt/project-venv/lib/python3.12/site-packages/sklearn/utils/validation.py:2749: UserWarning: X does not have valid feature names, but LGBMRegressor was fitted with feature names
candidate-1   |   warnings.warn(
candidate-1   | /opt/project-venv/lib/python3.12/site-packages/sklearn/utils/validation.py:2749: UserWarning: X does not have valid feature names, but LGBMRegressor was fitted with feature names
candidate-1   |   warnings.warn(
candidate-1   | /opt/project-venv/lib/python3.12/site-packages/sklearn/utils/validation.py:2749: UserWarning: X does not have valid feature names, but LGBMRegressor was fitted with feature names
candidate-1   |   warnings.warn(
candidate-1   | {"timestamp": "2026-10-01T18:30:51Z", "event": "http_request", "request_id": "dc8776236b514a4d92c6fff8e45ae88c", "method": "POST", "route": "/predict", "status": 200, "latency_ms": 9.977}
candidate-1   | /opt/project-venv/lib/python3.12/site-packages/sklearn/utils/validation.py:2749: UserWarning: X does not have valid feature names, but LGBMRegressor was fitted with feature names
candidate-1   |   warnings.warn(
candidate-1   | {"timestamp": "2026-10-01T18:30:51Z", "event": "http_request", "request_id": "5372fc8b069041d9875c30563f19a63b", "method": "POST", "route": "/predict", "status": 200, "latency_ms": 18.444}
candidate-1   | /opt/project-venv/lib/python3.12/site-packages/sklearn/utils/validation.py:2749: UserWarning: X does not have valid feature names, but LGBMRegressor was fitted with feature names
candidate-1   |   warnings.warn(
candidate-1   | {"timestamp": "2026-10-01T18:30:51Z", "event": "http_request", "request_id": "781c2ea87e6e4c8480c83422bca12f3e", "method": "POST", "route": "/predict", "status": 200, "latency_ms": 16.628}
candidate-1   | {"timestamp": "2026-10-01T18:30:51Z", "event": "http_request", "request_id": "83a7bb5c02ab42c4ba719b4c257ea6e6", "method": "POST", "route": "/predict", "status": 200, "latency_ms": 11.054}
candidate-1   | {"timestamp": "2026-10-01T18:30:51Z", "event": "http_request", "request_id": "ea05c4e19d314378b59b6d5ab0cfca14", "method": "POST", "route": "/predict", "status": 200, "latency_ms": 7.337}
candidate-1   | /opt/project-venv/lib/python3.12/site-packages/sklearn/utils/validation.py:2749: UserWarning: X does not have valid feature names, but LGBMRegressor was fitted with feature names
candidate-1   |   warnings.warn(
candidate-1   | /opt/project-venv/lib/python3.12/site-packages/sklearn/utils/validation.py:2749: UserWarning: X does not have valid feature names, but LGBMRegressor was fitted with feature names
candidate-1   |   warnings.warn(
candidate-1   | /opt/project-venv/lib/python3.12/site-packages/sklearn/utils/validation.py:2749: UserWarning: X does not have valid feature names, but LGBMRegressor was fitted with feature names
candidate-1   |   warnings.warn(
candidate-1   | {"timestamp": "2026-10-01T18:30:51Z", "event": "http_request", "request_id": "359dd923be75401e8a9d86eaf877c0d0", "method": "POST", "route": "/predict", "status": 200, "latency_ms": 11.166}
candidate-1   | /opt/project-venv/lib/python3.12/site-packages/sklearn/utils/validation.py:2749: UserWarning: X does not have valid feature names, but LGBMRegressor was fitted with feature names
candidate-1   |   warnings.warn(
candidate-1   | {"timestamp": "2026-10-01T18:30:51Z", "event": "http_request", "request_id": "f8c47f092e954d92b2d007fa23f9d389", "method": "POST", "route": "/predict", "status": 200, "latency_ms": 13.646}
candidate-1   | {"timestamp": "2026-10-01T18:30:51Z", "event": "http_request", "request_id": "0c611d43bebf4a4c93468ea3ad9b64bd", "method": "POST", "route": "/predict", "status": 200, "latency_ms": 11.931}
candidate-1   | /opt/project-venv/lib/python3.12/site-packages/sklearn/utils/validation.py:2749: UserWarning: X does not have valid feature names, but LGBMRegressor was fitted with feature names
candidate-1   |   warnings.warn(
candidate-1   | {"timestamp": "2026-10-01T18:30:51Z", "event": "http_request", "request_id": "2c40398e2890448bb2f8b0e571f3dcc3", "method": "POST", "route": "/predict", "status": 200, "latency_ms": 13.814}
candidate-1   | {"timestamp": "2026-10-01T18:30:51Z", "event": "http_request", "request_id": "a92485db4a624d889301da077ddad709", "method": "POST", "route": "/predict", "status": 200, "latency_ms": 7.951}
candidate-1   | /opt/project-venv/lib/python3.12/site-packages/sklearn/utils/validation.py:2749: UserWarning: X does not have valid feature names, but LGBMRegressor was fitted with feature names
candidate-1   |   warnings.warn(
candidate-1   | /opt/project-venv/lib/python3.12/site-packages/sklearn/utils/validation.py:2749: UserWarning: X does not have valid feature names, but LGBMRegressor was fitted with feature names
candidate-1   |   warnings.warn(
candidate-1   | {"timestamp": "2026-10-01T18:30:51Z", "event": "http_request", "request_id": "6b3c229489dd4c2f814ba6ed305563cb", "method": "POST", "route": "/predict", "status": 200, "latency_ms": 10.531}
candidate-1   | /opt/project-venv/lib/python3.12/site-packages/sklearn/utils/validation.py:2749: UserWarning: X does not have valid feature names, but LGBMRegressor was fitted with feature names
candidate-1   |   warnings.warn(
candidate-1   | /opt/project-venv/lib/python3.12/site-packages/sklearn/utils/validation.py:2749: UserWarning: X does not have valid feature names, but LGBMRegressor was fitted with feature names
candidate-1   |   warnings.warn(
candidate-1   | {"timestamp": "2026-10-01T18:30:51Z", "event": "http_request", "request_id": "194fb8b3214444128002e9ac0fa3a538", "method": "POST", "route": "/predict", "status": 200, "latency_ms": 13.633}
candidate-1   | {"timestamp": "2026-10-01T18:30:51Z", "event": "http_request", "request_id": "838d68da22e547199238a16df825031c", "method": "POST", "route": "/predict", "status": 200, "latency_ms": 13.133}
candidate-1   | {"timestamp": "2026-10-01T18:30:51Z", "event": "http_request", "request_id": "5d086c87a5234190ad42e3ac379000b2", "method": "POST", "route": "/predict", "status": 200, "latency_ms": 11.959}
candidate-1   | /opt/project-venv/lib/python3.12/site-packages/sklearn/utils/validation.py:2749: UserWarning: X does not have valid feature names, but LGBMRegressor was fitted with feature names
candidate-1   |   warnings.warn(
candidate-1   | /opt/project-venv/lib/python3.12/site-packages/sklearn/utils/validation.py:2749: UserWarning: X does not have valid feature names, but LGBMRegressor was fitted with feature names
candidate-1   |   warnings.warn(
candidate-1   | /opt/project-venv/lib/python3.12/site-packages/sklearn/utils/validation.py:2749: UserWarning: X does not have valid feature names, but LGBMRegressor was fitted with feature names
candidate-1   |   warnings.warn(
candidate-1   | {"timestamp": "2026-10-01T18:30:51Z", "event": "http_request", "request_id": "4a8db2e3d5d34964a4d7852491ca775c", "method": "POST", "route": "/predict", "status": 200, "latency_ms": 11.129}
candidate-1   | /opt/project-venv/lib/python3.12/site-packages/sklearn/utils/validation.py:2749: UserWarning: X does not have valid feature names, but LGBMRegressor was fitted with feature names
candidate-1   |   warnings.warn(
candidate-1   | {"timestamp": "2026-10-01T18:30:51Z", "event": "http_request", "request_id": "cb1682d212564c408c00db9ccc3ba36b", "method": "POST", "route": "/predict", "status": 200, "latency_ms": 9.659}
candidate-1   | {"timestamp": "2026-10-01T18:30:51Z", "event": "http_request", "request_id": "833d03d6d86748e5a61df0578b47b0a4", "method": "POST", "route": "/predict", "status": 200, "latency_ms": 14.025}
candidate-1   | /opt/project-venv/lib/python3.12/site-packages/sklearn/utils/validation.py:2749: UserWarning: X does not have valid feature names, but LGBMRegressor was fitted with feature names
candidate-1   |   warnings.warn(
candidate-1   | {"timestamp": "2026-10-01T18:30:51Z", "event": "http_request", "request_id": "87b224a7ce66436583c302c582822a73", "method": "POST", "route": "/predict", "status": 200, "latency_ms": 17.056}
candidate-1   | {"timestamp": "2026-10-01T18:30:51Z", "event": "http_request", "request_id": "a5e3a5f10ecd416599f981c5d33cd354", "method": "POST", "route": "/predict", "status": 200, "latency_ms": 6.603}
candidate-1   | /opt/project-venv/lib/python3.12/site-packages/sklearn/utils/validation.py:2749: UserWarning: X does not have valid feature names, but LGBMRegressor was fitted with feature names
candidate-1   |   warnings.warn(
candidate-1   | {"timestamp": "2026-10-01T18:30:51Z", "event": "http_request", "request_id": "f20d36d4ddb841f3a7a44a40860e3cf1", "method": "POST", "route": "/predict", "status": 200, "latency_ms": 3.992}
candidate-1   | {"timestamp": "2026-10-01T18:30:52Z", "event": "http_request", "request_id": "30cda79290724b77a9300af0e773b832", "method": "GET", "route": "/health", "status": 200, "latency_ms": 0.628}
candidate-1   | {"timestamp": "2026-10-01T18:30:52Z", "event": "http_request", "request_id": "212082ff3b9646738fc80a69bc8d0b29", "method": "GET", "route": "/schema", "status": 200, "latency_ms": 0.631}
candidate-1   | {"timestamp": "2026-10-01T18:30:52Z", "event": "http_request", "request_id": "d1c732e202d64dc38cdae9c9af9d595d", "method": "GET", "route": "unmatched", "status": 200, "latency_ms": 6.575}
candidate-1   | /opt/project-venv/lib/python3.12/site-packages/sklearn/utils/validation.py:2749: UserWarning: X does not have valid feature names, but LGBMRegressor was fitted with feature names
candidate-1   |   warnings.warn(
candidate-1   | {"timestamp": "2026-10-01T18:30:52Z", "event": "http_request", "request_id": "108ad5e7cd0a459fac33b7996e4bafe2", "method": "POST", "route": "/predict", "status": 200, "latency_ms": 2.568}
candidate-1   | {"timestamp": "2026-10-01T18:30:52Z", "event": "http_request", "request_id": "d9f6bc3d687b4ac39a552f044a8450ca", "method": "POST", "route": "/predict", "status": 422, "latency_ms": 0.71}
candidate-1   | {"timestamp": "2026-10-01T18:30:52Z", "event": "http_request", "request_id": "be5843cfc23e4426a61b308fc4cfb92c", "method": "POST", "route": "/predict", "status": 422, "latency_ms": 0.684}
candidate-1   | {"timestamp": "2026-10-01T18:30:52Z", "event": "http_request", "request_id": "c273a5242afc4c5888e4e1c3841b442e", "method": "GET", "route": "/health", "status": 200, "latency_ms": 0.542}
candidate-1   | /opt/project-venv/lib/python3.12/site-packages/sklearn/utils/validation.py:2749: UserWarning: X does not have valid feature names, but LGBMRegressor was fitted with feature names
candidate-1   |   warnings.warn(
candidate-1   | {"timestamp": "2026-10-01T18:30:52Z", "event": "http_request", "request_id": "47b68a490bf9417b8d7ab8a8da0f035f", "method": "POST", "route": "/predict", "status": 200, "latency_ms": 2.604}
candidate-1   | /opt/project-venv/lib/python3.12/site-packages/sklearn/utils/validation.py:2749: UserWarning: X does not have valid feature names, but LGBMRegressor was fitted with feature names
candidate-1   |   warnings.warn(
candidate-1   | {"timestamp": "2026-10-01T18:30:52Z", "event": "http_request", "request_id": "f5d57f748c6644038015894ddb7797af", "method": "POST", "route": "/predict", "status": 200, "latency_ms": 2.182}
candidate-1   | /opt/project-venv/lib/python3.12/site-packages/sklearn/utils/validation.py:2749: UserWarning: X does not have valid feature names, but LGBMRegressor was fitted with feature names
candidate-1   |   warnings.warn(
candidate-1   | {"timestamp": "2026-10-01T18:30:52Z", "event": "http_request", "request_id": "3df6515bb31b483782b02399def652ee", "method": "POST", "route": "/predict", "status": 200, "latency_ms": 2.027}
candidate-1   | /opt/project-venv/lib/python3.12/site-packages/sklearn/utils/validation.py:2749: UserWarning: X does not have valid feature names, but LGBMRegressor was fitted with feature names
candidate-1   |   warnings.warn(
candidate-1   | {"timestamp": "2026-10-01T18:30:52Z", "event": "http_request", "request_id": "3509a01c424d4e3e844d59bbf6f546cd", "method": "POST", "route": "/predict", "status": 200, "latency_ms": 2.283}
candidate-1   | /opt/project-venv/lib/python3.12/site-packages/sklearn/utils/validation.py:2749: UserWarning: X does not have valid feature names, but LGBMRegressor was fitted with feature names
candidate-1   |   warnings.warn(
candidate-1   | {"timestamp": "2026-10-01T18:30:52Z", "event": "http_request", "request_id": "8bbe0808e6844c9f9a870746660a8f3f", "method": "POST", "route": "/predict", "status": 200, "latency_ms": 2.032}
candidate-1   | /opt/project-venv/lib/python3.12/site-packages/sklearn/utils/validation.py:2749: UserWarning: X does not have valid feature names, but LGBMRegressor was fitted with feature names
candidate-1   |   warnings.warn(
candidate-1   | {"timestamp": "2026-10-01T18:30:52Z", "event": "http_request", "request_id": "e4b83dcc11ff45d9804e531e4a8bb86d", "method": "POST", "route": "/predict", "status": 200, "latency_ms": 2.001}
candidate-1   | /opt/project-venv/lib/python3.12/site-packages/sklearn/utils/validation.py:2749: UserWarning: X does not have valid feature names, but LGBMRegressor was fitted with feature names
candidate-1   |   warnings.warn(
candidate-1   | {"timestamp": "2026-10-01T18:30:52Z", "event": "http_request", "request_id": "a144f720be2a487bb7c02a9f75638587", "method": "POST", "route": "/predict", "status": 200, "latency_ms": 2.032}
candidate-1   | /opt/project-venv/lib/python3.12/site-packages/sklearn/utils/validation.py:2749: UserWarning: X does not have valid feature names, but LGBMRegressor was fitted with feature names
candidate-1   |   warnings.warn(
candidate-1   | {"timestamp": "2026-10-01T18:30:52Z", "event": "http_request", "request_id": "ab2f1498c7624bb8acebefec1c212dad", "method": "POST", "route": "/predict", "status": 200, "latency_ms": 2.044}
candidate-1   | /opt/project-venv/lib/python3.12/site-packages/sklearn/utils/validation.py:2749: UserWarning: X does not have valid feature names, but LGBMRegressor was fitted with feature names
candidate-1   |   warnings.warn(
candidate-1   | {"timestamp": "2026-10-01T18:30:52Z", "event": "http_request", "request_id": "580ba259e5f64b15a82515757e383b15", "method": "POST", "route": "/predict", "status": 200, "latency_ms": 2.006}
candidate-1   | /opt/project-venv/lib/python3.12/site-packages/sklearn/utils/validation.py:2749: UserWarning: X does not have valid feature names, but LGBMRegressor was fitted with feature names
candidate-1   |   warnings.warn(
candidate-1   | {"timestamp": "2026-10-01T18:30:52Z", "event": "http_request", "request_id": "7c46e8959e5f44768c9abe7c0f372b3e", "method": "POST", "route": "/predict", "status": 200, "latency_ms": 2.033}
candidate-1   | /opt/project-venv/lib/python3.12/site-packages/sklearn/utils/validation.py:2749: UserWarning: X does not have valid feature names, but LGBMRegressor was fitted with feature names
candidate-1   |   warnings.warn(
candidate-1   | {"timestamp": "2026-10-01T18:30:52Z", "event": "http_request", "request_id": "966ba1e974384dbb9a3a945d45ea07a0", "method": "POST", "route": "/predict", "status": 200, "latency_ms": 2.051}
candidate-1   | /opt/project-venv/lib/python3.12/site-packages/sklearn/utils/validation.py:2749: UserWarning: X does not have valid feature names, but LGBMRegressor was fitted with feature names
candidate-1   |   warnings.warn(
candidate-1   | {"timestamp": "2026-10-01T18:30:52Z", "event": "http_request", "request_id": "8d4aa78459fd40fe917635e85e37f976", "method": "POST", "route": "/predict", "status": 200, "latency_ms": 2.238}
candidate-1   | /opt/project-venv/lib/python3.12/site-packages/sklearn/utils/validation.py:2749: UserWarning: X does not have valid feature names, but LGBMRegressor was fitted with feature names
candidate-1   |   warnings.warn(
candidate-1   | {"timestamp": "2026-10-01T18:30:52Z", "event": "http_request", "request_id": "c6423978b0d6475d9ba5e031d9c95fd5", "method": "POST", "route": "/predict", "status": 200, "latency_ms": 1.96}
candidate-1   | /opt/project-venv/lib/python3.12/site-packages/sklearn/utils/validation.py:2749: UserWarning: X does not have valid feature names, but LGBMRegressor was fitted with feature names
candidate-1   |   warnings.warn(
candidate-1   | {"timestamp": "2026-10-01T18:30:52Z", "event": "http_request", "request_id": "bdbd683b9315414db8902f1e13bdc17f", "method": "POST", "route": "/predict", "status": 200, "latency_ms": 2.015}
candidate-1   | /opt/project-venv/lib/python3.12/site-packages/sklearn/utils/validation.py:2749: UserWarning: X does not have valid feature names, but LGBMRegressor was fitted with feature names
candidate-1   |   warnings.warn(
candidate-1   | {"timestamp": "2026-10-01T18:30:52Z", "event": "http_request", "request_id": "f9f0dde6c92f4b87933442c6e21d674d", "method": "POST", "route": "/predict", "status": 200, "latency_ms": 2.024}
candidate-1   | /opt/project-venv/lib/python3.12/site-packages/sklearn/utils/validation.py:2749: UserWarning: X does not have valid feature names, but LGBMRegressor was fitted with feature names
candidate-1   |   warnings.warn(
candidate-1   | {"timestamp": "2026-10-01T18:30:52Z", "event": "http_request", "request_id": "1f6a2fcb20754172a9c76e1ce0e71ac6", "method": "POST", "route": "/predict", "status": 200, "latency_ms": 1.993}
candidate-1   | /opt/project-venv/lib/python3.12/site-packages/sklearn/utils/validation.py:2749: UserWarning: X does not have valid feature names, but LGBMRegressor was fitted with feature names
candidate-1   |   warnings.warn(
candidate-1   | {"timestamp": "2026-10-01T18:30:52Z", "event": "http_request", "request_id": "ad61aedee39042c9ac34ff5ea78c96cf", "method": "POST", "route": "/predict", "status": 200, "latency_ms": 2.011}
candidate-1   | /opt/project-venv/lib/python3.12/site-packages/sklearn/utils/validation.py:2749: UserWarning: X does not have valid feature names, but LGBMRegressor was fitted with feature names
candidate-1   |   warnings.warn(
candidate-1   | {"timestamp": "2026-10-01T18:30:52Z", "event": "http_request", "request_id": "f1244fc3683e4dc38b60c64c9bde1504", "method": "POST", "route": "/predict", "status": 200, "latency_ms": 1.99}
candidate-1   | /opt/project-venv/lib/python3.12/site-packages/sklearn/utils/validation.py:2749: UserWarning: X does not have valid feature names, but LGBMRegressor was fitted with feature names
candidate-1   |   warnings.warn(
candidate-1   | {"timestamp": "2026-10-01T18:30:52Z", "event": "http_request", "request_id": "827620a5d52d45c5a825959be0620c34", "method": "POST", "route": "/predict", "status": 200, "latency_ms": 2.028}
candidate-1   | /opt/project-venv/lib/python3.12/site-packages/sklearn/utils/validation.py:2749: UserWarning: X does not have valid feature names, but LGBMRegressor was fitted with feature names
candidate-1   |   warnings.warn(
candidate-1   | {"timestamp": "2026-10-01T18:30:52Z", "event": "http_request", "request_id": "07b77ac1a28649f3ab03b8de6550a6e3", "method": "POST", "route": "/predict", "status": 200, "latency_ms": 2.165}
candidate-1   | /opt/project-venv/lib/python3.12/site-packages/sklearn/utils/validation.py:2749: UserWarning: X does not have valid feature names, but LGBMRegressor was fitted with feature names
candidate-1   |   warnings.warn(
candidate-1   | {"timestamp": "2026-10-01T18:30:52Z", "event": "http_request", "request_id": "70bd0e6c26ca44ec8cda8cafb3f4d6e3", "method": "POST", "route": "/predict", "status": 200, "latency_ms": 2.976}
candidate-1   | /opt/project-venv/lib/python3.12/site-packages/sklearn/utils/validation.py:2749: UserWarning: X does not have valid feature names, but LGBMRegressor was fitted with feature names
candidate-1   |   warnings.warn(
candidate-1   | /opt/project-venv/lib/python3.12/site-packages/sklearn/utils/validation.py:2749: UserWarning: X does not have valid feature names, but LGBMRegressor was fitted with feature names
candidate-1   |   warnings.warn(
candidate-1   | /opt/project-venv/lib/python3.12/site-packages/sklearn/utils/validation.py:2749: UserWarning: X does not have valid feature names, but LGBMRegressor was fitted with feature names
candidate-1   |   warnings.warn(
candidate-1   | /opt/project-venv/lib/python3.12/site-packages/sklearn/utils/validation.py:2749: UserWarning: X does not have valid feature names, but LGBMRegressor was fitted with feature names
candidate-1   |   warnings.warn(
candidate-1   | {"timestamp": "2026-10-01T18:30:52Z", "event": "http_request", "request_id": "ff32362097244f8aa511d4c42ffaa561", "method": "POST", "route": "/predict", "status": 200, "latency_ms": 15.669}
candidate-1   | /opt/project-venv/lib/python3.12/site-packages/sklearn/utils/validation.py:2749: UserWarning: X does not have valid feature names, but LGBMRegressor was fitted with feature names
candidate-1   |   warnings.warn(
candidate-1   | /opt/project-venv/lib/python3.12/site-packages/sklearn/utils/validation.py:2749: UserWarning: X does not have valid feature names, but LGBMRegressor was fitted with feature names
candidate-1   |   warnings.warn(
candidate-1   | /opt/project-venv/lib/python3.12/site-packages/sklearn/utils/validation.py:2749: UserWarning: X does not have valid feature names, but LGBMRegressor was fitted with feature names
candidate-1   |   warnings.warn(
candidate-1   | {"timestamp": "2026-10-01T18:30:52Z", "event": "http_request", "request_id": "8af4ceb8e0a841d4aae6d7cb378c26e7", "method": "POST", "route": "/predict", "status": 200, "latency_ms": 20.673}
candidate-1   | /opt/project-venv/lib/python3.12/site-packages/sklearn/utils/validation.py:2749: UserWarning: X does not have valid feature names, but LGBMRegressor was fitted with feature names
candidate-1   |   warnings.warn(
candidate-1   | {"timestamp": "2026-10-01T18:30:52Z", "event": "http_request", "request_id": "ce77bafed98d41fc8b93c1ab70f6f7c3", "method": "POST", "route": "/predict", "status": 200, "latency_ms": 23.245}
candidate-1   | {"timestamp": "2026-10-01T18:30:52Z", "event": "http_request", "request_id": "1372c55c4996403b8ea63d027b09de2a", "method": "POST", "route": "/predict", "status": 200, "latency_ms": 22.902}
candidate-1   | /opt/project-venv/lib/python3.12/site-packages/sklearn/utils/validation.py:2749: UserWarning: X does not have valid feature names, but LGBMRegressor was fitted with feature names
candidate-1   |   warnings.warn(
candidate-1   | {"timestamp": "2026-10-01T18:30:52Z", "event": "http_request", "request_id": "cfcdef4279de4bb4bfb47e864d3cdce5", "method": "POST", "route": "/predict", "status": 200, "latency_ms": 24.023}
candidate-1   | {"timestamp": "2026-10-01T18:30:52Z", "event": "http_request", "request_id": "3c55837638254bab86894b478e21525f", "method": "POST", "route": "/predict", "status": 200, "latency_ms": 24.994}
candidate-1   | /opt/project-venv/lib/python3.12/site-packages/sklearn/utils/validation.py:2749: UserWarning: X does not have valid feature names, but LGBMRegressor was fitted with feature names
candidate-1   |   warnings.warn(
candidate-1   | /opt/project-venv/lib/python3.12/site-packages/sklearn/utils/validation.py:2749: UserWarning: X does not have valid feature names, but LGBMRegressor was fitted with feature names
candidate-1   |   warnings.warn(
candidate-1   | /opt/project-venv/lib/python3.12/site-packages/sklearn/utils/validation.py:2749: UserWarning: X does not have valid feature names, but LGBMRegressor was fitted with feature names
candidate-1   |   warnings.warn(
candidate-1   | {"timestamp": "2026-10-01T18:30:52Z", "event": "http_request", "request_id": "641f53f3c6f4429a9532b9341da315b0", "method": "POST", "route": "/predict", "status": 200, "latency_ms": 24.979}
candidate-1   | {"timestamp": "2026-10-01T18:30:52Z", "event": "http_request", "request_id": "401e938bc70f4a40abeb14e1718a9acb", "method": "POST", "route": "/predict", "status": 200, "latency_ms": 27.167}
candidate-1   | /opt/project-venv/lib/python3.12/site-packages/sklearn/utils/validation.py:2749: UserWarning: X does not have valid feature names, but LGBMRegressor was fitted with feature names
candidate-1   |   warnings.warn(
candidate-1   | {"timestamp": "2026-10-01T18:30:52Z", "event": "http_request", "request_id": "4484d0f547a14873a9cd0cd62c465b91", "method": "POST", "route": "/predict", "status": 200, "latency_ms": 28.693}
candidate-1   | {"timestamp": "2026-10-01T18:30:52Z", "event": "http_request", "request_id": "466a380aae3a431eaa8017f40968c648", "method": "POST", "route": "/predict", "status": 200, "latency_ms": 31.814}
candidate-1   | /opt/project-venv/lib/python3.12/site-packages/sklearn/utils/validation.py:2749: UserWarning: X does not have valid feature names, but LGBMRegressor was fitted with feature names
candidate-1   |   warnings.warn(
candidate-1   | /opt/project-venv/lib/python3.12/site-packages/sklearn/utils/validation.py:2749: UserWarning: X does not have valid feature names, but LGBMRegressor was fitted with feature names
candidate-1   |   warnings.warn(
candidate-1   | /opt/project-venv/lib/python3.12/site-packages/sklearn/utils/validation.py:2749: UserWarning: X does not have valid feature names, but LGBMRegressor was fitted with feature names
candidate-1   |   warnings.warn(
candidate-1   | {"timestamp": "2026-10-01T18:30:52Z", "event": "http_request", "request_id": "1c65ee938a1b4f03948298426229538d", "method": "POST", "route": "/predict", "status": 200, "latency_ms": 25.987}
candidate-1   | {"timestamp": "2026-10-01T18:30:52Z", "event": "http_request", "request_id": "ff9da1298b6440ff9e48e086f0c6403a", "method": "POST", "route": "/predict", "status": 200, "latency_ms": 24.145}
candidate-1   | {"timestamp": "2026-10-01T18:30:52Z", "event": "http_request", "request_id": "063f879d078a48e4a3d541c3136cb333", "method": "POST", "route": "/predict", "status": 200, "latency_ms": 17.64}
candidate-1   | /opt/project-venv/lib/python3.12/site-packages/sklearn/utils/validation.py:2749: UserWarning: X does not have valid feature names, but LGBMRegressor was fitted with feature names
candidate-1   |   warnings.warn(
candidate-1   | /opt/project-venv/lib/python3.12/site-packages/sklearn/utils/validation.py:2749: UserWarning: X does not have valid feature names, but LGBMRegressor was fitted with feature names
candidate-1   |   warnings.warn(
candidate-1   | {"timestamp": "2026-10-01T18:30:52Z", "event": "http_request", "request_id": "32bfb3acc0dd4dc8ab2f22624b8b1648", "method": "POST", "route": "/predict", "status": 200, "latency_ms": 26.459}
candidate-1   | {"timestamp": "2026-10-01T18:30:52Z", "event": "http_request", "request_id": "9ce97466170b4633aa35a64a567520ae", "method": "POST", "route": "/predict", "status": 200, "latency_ms": 21.795}
candidate-1   | {"timestamp": "2026-10-01T18:30:52Z", "event": "http_request", "request_id": "8c6decc8ece646ee8a9d5a3e897c862e", "method": "POST", "route": "/predict", "status": 200, "latency_ms": 23.474}
candidate-1   | /opt/project-venv/lib/python3.12/site-packages/sklearn/utils/validation.py:2749: UserWarning: X does not have valid feature names, but LGBMRegressor was fitted with feature names
candidate-1   |   warnings.warn(
candidate-1   | /opt/project-venv/lib/python3.12/site-packages/sklearn/utils/validation.py:2749: UserWarning: X does not have valid feature names, but LGBMRegressor was fitted with feature names
candidate-1   |   warnings.warn(
candidate-1   | {"timestamp": "2026-10-01T18:30:52Z", "event": "http_request", "request_id": "6d0fbd98120047e180cdda69a4fdd9b2", "method": "POST", "route": "/predict", "status": 200, "latency_ms": 19.519}
candidate-1   | {"timestamp": "2026-10-01T18:30:52Z", "event": "http_request", "request_id": "2a0bb1660cbd47f2908d446686deedbf", "method": "POST", "route": "/predict", "status": 200, "latency_ms": 15.338}
candidate-1   | /opt/project-venv/lib/python3.12/site-packages/sklearn/utils/validation.py:2749: UserWarning: X does not have valid feature names, but LGBMRegressor was fitted with feature names
candidate-1   |   warnings.warn(
candidate-1   | /opt/project-venv/lib/python3.12/site-packages/sklearn/utils/validation.py:2749: UserWarning: X does not have valid feature names, but LGBMRegressor was fitted with feature names
candidate-1   |   warnings.warn(
candidate-1   | /opt/project-venv/lib/python3.12/site-packages/sklearn/utils/validation.py:2749: UserWarning: X does not have valid feature names, but LGBMRegressor was fitted with feature names
candidate-1   |   warnings.warn(
candidate-1   | {"timestamp": "2026-10-01T18:30:52Z", "event": "http_request", "request_id": "409fa474ddf544d98a29605325e0ec41", "method": "POST", "route": "/predict", "status": 200, "latency_ms": 12.283}
candidate-1   | /opt/project-venv/lib/python3.12/site-packages/sklearn/utils/validation.py:2749: UserWarning: X does not have valid feature names, but LGBMRegressor was fitted with feature names
candidate-1   |   warnings.warn(
candidate-1   | {"timestamp": "2026-10-01T18:30:52Z", "event": "http_request", "request_id": "9398d90b274c40c392412ecfe6c8b3d2", "method": "POST", "route": "/predict", "status": 200, "latency_ms": 27.537}
candidate-1   | {"timestamp": "2026-10-01T18:30:52Z", "event": "http_request", "request_id": "6f017e50774f461e865bcd9acb4f3a7a", "method": "POST", "route": "/predict", "status": 200, "latency_ms": 28.945}
candidate-1   | /opt/project-venv/lib/python3.12/site-packages/sklearn/utils/validation.py:2749: UserWarning: X does not have valid feature names, but LGBMRegressor was fitted with feature names
candidate-1   |   warnings.warn(
candidate-1   | {"timestamp": "2026-10-01T18:30:52Z", "event": "http_request", "request_id": "841335919b2a4c878592d59e9fedf91d", "method": "POST", "route": "/predict", "status": 200, "latency_ms": 24.981}
candidate-1   | /opt/project-venv/lib/python3.12/site-packages/sklearn/utils/validation.py:2749: UserWarning: X does not have valid feature names, but LGBMRegressor was fitted with feature names
candidate-1   |   warnings.warn(
candidate-1   | {"timestamp": "2026-10-01T18:30:52Z", "event": "http_request", "request_id": "4c4c326d2059493f86e504d3b7b2487d", "method": "POST", "route": "/predict", "status": 200, "latency_ms": 22.057}
candidate-1   | {"timestamp": "2026-10-01T18:30:52Z", "event": "http_request", "request_id": "fc8945ae93ca4447a3401ae9858fcb3a", "method": "POST", "route": "/predict", "status": 200, "latency_ms": 17.905}
candidate-1   | /opt/project-venv/lib/python3.12/site-packages/sklearn/utils/validation.py:2749: UserWarning: X does not have valid feature names, but LGBMRegressor was fitted with feature names
candidate-1   |   warnings.warn(
candidate-1   | /opt/project-venv/lib/python3.12/site-packages/sklearn/utils/validation.py:2749: UserWarning: X does not have valid feature names, but LGBMRegressor was fitted with feature names
candidate-1   |   warnings.warn(
candidate-1   | {"timestamp": "2026-10-01T18:30:52Z", "event": "http_request", "request_id": "98346f585f6041caa561283cce9c41ef", "method": "POST", "route": "/predict", "status": 200, "latency_ms": 15.896}
candidate-1   | {"timestamp": "2026-10-01T18:30:52Z", "event": "http_request", "request_id": "6ad14d78d60144b38b9572d296818631", "method": "POST", "route": "/predict", "status": 200, "latency_ms": 18.202}
candidate-1   | {"timestamp": "2026-10-01T18:30:52Z", "event": "http_request", "request_id": "8eb6659d3e974bd7bd6c1f2bdd332cdd", "method": "POST", "route": "/predict", "status": 200, "latency_ms": 25.657}
candidate-1   | /opt/project-venv/lib/python3.12/site-packages/sklearn/utils/validation.py:2749: UserWarning: X does not have valid feature names, but LGBMRegressor was fitted with feature names
candidate-1   |   warnings.warn(
candidate-1   | {"timestamp": "2026-10-01T18:30:52Z", "event": "http_request", "request_id": "b708cb8882764f18b9a6b024579ca271", "method": "POST", "route": "/predict", "status": 200, "latency_ms": 22.183}
candidate-1   | /opt/project-venv/lib/python3.12/site-packages/sklearn/utils/validation.py:2749: UserWarning: X does not have valid feature names, but LGBMRegressor was fitted with feature names
candidate-1   |   warnings.warn(
candidate-1   | /opt/project-venv/lib/python3.12/site-packages/sklearn/utils/validation.py:2749: UserWarning: X does not have valid feature names, but LGBMRegressor was fitted with feature names
candidate-1   |   warnings.warn(
candidate-1   | {"timestamp": "2026-10-01T18:30:52Z", "event": "http_request", "request_id": "f0987b2eeec04827aab0fd723fdfd860", "method": "POST", "route": "/predict", "status": 200, "latency_ms": 15.784}
candidate-1   | /opt/project-venv/lib/python3.12/site-packages/sklearn/utils/validation.py:2749: UserWarning: X does not have valid feature names, but LGBMRegressor was fitted with feature names
candidate-1   |   warnings.warn(
candidate-1   | /opt/project-venv/lib/python3.12/site-packages/sklearn/utils/validation.py:2749: UserWarning: X does not have valid feature names, but LGBMRegressor was fitted with feature names
candidate-1   |   warnings.warn(
candidate-1   | {"timestamp": "2026-10-01T18:30:52Z", "event": "http_request", "request_id": "0933f343501040c086d5b377c865efc2", "method": "POST", "route": "/predict", "status": 200, "latency_ms": 20.259}
candidate-1   | /opt/project-venv/lib/python3.12/site-packages/sklearn/utils/validation.py:2749: UserWarning: X does not have valid feature names, but LGBMRegressor was fitted with feature names
candidate-1   |   warnings.warn(
candidate-1   | {"timestamp": "2026-10-01T18:30:52Z", "event": "http_request", "request_id": "e8370b3f11e54823bc61034741438a79", "method": "POST", "route": "/predict", "status": 200, "latency_ms": 20.757}
candidate-1   | {"timestamp": "2026-10-01T18:30:52Z", "event": "http_request", "request_id": "45a82d94983e427eb804a3f6b8827209", "method": "POST", "route": "/predict", "status": 200, "latency_ms": 19.698}
candidate-1   | /opt/project-venv/lib/python3.12/site-packages/sklearn/utils/validation.py:2749: UserWarning: X does not have valid feature names, but LGBMRegressor was fitted with feature names
candidate-1   |   warnings.warn(
candidate-1   | {"timestamp": "2026-10-01T18:30:52Z", "event": "http_request", "request_id": "371aac3a7bf8430e9fbdbf93de074dd6", "method": "POST", "route": "/predict", "status": 200, "latency_ms": 17.761}
candidate-1   | {"timestamp": "2026-10-01T18:30:52Z", "event": "http_request", "request_id": "ca6709c800cb46a7b727f0bc535b9428", "method": "POST", "route": "/predict", "status": 200, "latency_ms": 16.791}
candidate-1   | /opt/project-venv/lib/python3.12/site-packages/sklearn/utils/validation.py:2749: UserWarning: X does not have valid feature names, but LGBMRegressor was fitted with feature names
candidate-1   |   warnings.warn(
candidate-1   | /opt/project-venv/lib/python3.12/site-packages/sklearn/utils/validation.py:2749: UserWarning: X does not have valid feature names, but LGBMRegressor was fitted with feature names
candidate-1   |   warnings.warn(
candidate-1   | {"timestamp": "2026-10-01T18:30:52Z", "event": "http_request", "request_id": "b6f3c9c67dfc432fb48b93c250f00475", "method": "POST", "route": "/predict", "status": 200, "latency_ms": 24.324}
candidate-1   | {"timestamp": "2026-10-01T18:30:52Z", "event": "http_request", "request_id": "1b8edbdb9c4547c0b75a449ec85b69f1", "method": "POST", "route": "/predict", "status": 200, "latency_ms": 21.418}
candidate-1   | /opt/project-venv/lib/python3.12/site-packages/sklearn/utils/validation.py:2749: UserWarning: X does not have valid feature names, but LGBMRegressor was fitted with feature names
candidate-1   |   warnings.warn(
candidate-1   | /opt/project-venv/lib/python3.12/site-packages/sklearn/utils/validation.py:2749: UserWarning: X does not have valid feature names, but LGBMRegressor was fitted with feature names
candidate-1   |   warnings.warn(
candidate-1   | {"timestamp": "2026-10-01T18:30:52Z", "event": "http_request", "request_id": "3f206396e7374ad9a380ef7ce400aa73", "method": "POST", "route": "/predict", "status": 200, "latency_ms": 24.901}
candidate-1   | /opt/project-venv/lib/python3.12/site-packages/sklearn/utils/validation.py:2749: UserWarning: X does not have valid feature names, but LGBMRegressor was fitted with feature names
candidate-1   |   warnings.warn(
candidate-1   | {"timestamp": "2026-10-01T18:30:52Z", "event": "http_request", "request_id": "be64841ca9f64715b1794543cba95e77", "method": "POST", "route": "/predict", "status": 200, "latency_ms": 29.142}
candidate-1   | {"timestamp": "2026-10-01T18:30:52Z", "event": "http_request", "request_id": "9b96a0751a03440c80a54c7c1c3dda39", "method": "POST", "route": "/predict", "status": 200, "latency_ms": 24.276}
candidate-1   | /opt/project-venv/lib/python3.12/site-packages/sklearn/utils/validation.py:2749: UserWarning: X does not have valid feature names, but LGBMRegressor was fitted with feature names
candidate-1   |   warnings.warn(
candidate-1   | /opt/project-venv/lib/python3.12/site-packages/sklearn/utils/validation.py:2749: UserWarning: X does not have valid feature names, but LGBMRegressor was fitted with feature names
candidate-1   |   warnings.warn(
candidate-1   | {"timestamp": "2026-10-01T18:30:52Z", "event": "http_request", "request_id": "c245ebcdb66c4003bb87b6dc081b850a", "method": "POST", "route": "/predict", "status": 200, "latency_ms": 23.802}
candidate-1   | /opt/project-venv/lib/python3.12/site-packages/sklearn/utils/validation.py:2749: UserWarning: X does not have valid feature names, but LGBMRegressor was fitted with feature names
candidate-1   |   warnings.warn(
candidate-1   | {"timestamp": "2026-10-01T18:30:52Z", "event": "http_request", "request_id": "ca12d7c4658c4bc38f37ce2ddbbec675", "method": "POST", "route": "/predict", "status": 200, "latency_ms": 18.498}
candidate-1   | {"timestamp": "2026-10-01T18:30:52Z", "event": "http_request", "request_id": "fd45b3703e654933bb50c2a7b6085293", "method": "POST", "route": "/predict", "status": 200, "latency_ms": 26.534}
candidate-1   | /opt/project-venv/lib/python3.12/site-packages/sklearn/utils/validation.py:2749: UserWarning: X does not have valid feature names, but LGBMRegressor was fitted with feature names
candidate-1   |   warnings.warn(
candidate-1   | {"timestamp": "2026-10-01T18:30:52Z", "event": "http_request", "request_id": "48edf913d965473992d8feffabaef620", "method": "POST", "route": "/predict", "status": 200, "latency_ms": 23.268}
candidate-1   | /opt/project-venv/lib/python3.12/site-packages/sklearn/utils/validation.py:2749: UserWarning: X does not have valid feature names, but LGBMRegressor was fitted with feature names
candidate-1   |   warnings.warn(
candidate-1   | {"timestamp": "2026-10-01T18:30:52Z", "event": "http_request", "request_id": "9a4e6ed85e4f4c5c956b559cedcfec98", "method": "POST", "route": "/predict", "status": 200, "latency_ms": 26.681}
candidate-1   | /opt/project-venv/lib/python3.12/site-packages/sklearn/utils/validation.py:2749: UserWarning: X does not have valid feature names, but LGBMRegressor was fitted with feature names
candidate-1   |   warnings.warn(
candidate-1   | /opt/project-venv/lib/python3.12/site-packages/sklearn/utils/validation.py:2749: UserWarning: X does not have valid feature names, but LGBMRegressor was fitted with feature names
candidate-1   |   warnings.warn(
candidate-1   | {"timestamp": "2026-10-01T18:30:52Z", "event": "http_request", "request_id": "3f9564adc23448d19faf2e4415791ed6", "method": "POST", "route": "/predict", "status": 200, "latency_ms": 26.184}
candidate-1   | {"timestamp": "2026-10-01T18:30:52Z", "event": "http_request", "request_id": "cd55761c376143e38347f733db07caec", "method": "POST", "route": "/predict", "status": 200, "latency_ms": 24.884}
candidate-1   | /opt/project-venv/lib/python3.12/site-packages/sklearn/utils/validation.py:2749: UserWarning: X does not have valid feature names, but LGBMRegressor was fitted with feature names
candidate-1   |   warnings.warn(
candidate-1   | {"timestamp": "2026-10-01T18:30:52Z", "event": "http_request", "request_id": "25b631813e9c49b9ae5a14883268791e", "method": "POST", "route": "/predict", "status": 200, "latency_ms": 26.979}
candidate-1   | /opt/project-venv/lib/python3.12/site-packages/sklearn/utils/validation.py:2749: UserWarning: X does not have valid feature names, but LGBMRegressor was fitted with feature names
candidate-1   |   warnings.warn(
candidate-1   | {"timestamp": "2026-10-01T18:30:52Z", "event": "http_request", "request_id": "2bc857c9f7da491d8510b44ec97a0fc8", "method": "POST", "route": "/predict", "status": 200, "latency_ms": 23.768}
candidate-1   | /opt/project-venv/lib/python3.12/site-packages/sklearn/utils/validation.py:2749: UserWarning: X does not have valid feature names, but LGBMRegressor was fitted with feature names
candidate-1   |   warnings.warn(
candidate-1   | /opt/project-venv/lib/python3.12/site-packages/sklearn/utils/validation.py:2749: UserWarning: X does not have valid feature names, but LGBMRegressor was fitted with feature names
candidate-1   |   warnings.warn(
candidate-1   | {"timestamp": "2026-10-01T18:30:52Z", "event": "http_request", "request_id": "66401847a9a8468a8ea2edfcb3601c4e", "method": "POST", "route": "/predict", "status": 200, "latency_ms": 31.181}
candidate-1   | /opt/project-venv/lib/python3.12/site-packages/sklearn/utils/validation.py:2749: UserWarning: X does not have valid feature names, but LGBMRegressor was fitted with feature names
candidate-1   |   warnings.warn(
candidate-1   | /opt/project-venv/lib/python3.12/site-packages/sklearn/utils/validation.py:2749: UserWarning: X does not have valid feature names, but LGBMRegressor was fitted with feature names
candidate-1   |   warnings.warn(
candidate-1   | {"timestamp": "2026-10-01T18:30:52Z", "event": "http_request", "request_id": "34f33a6005944af99f58ae061e77ce63", "method": "POST", "route": "/predict", "status": 200, "latency_ms": 24.83}
candidate-1   | /opt/project-venv/lib/python3.12/site-packages/sklearn/utils/validation.py:2749: UserWarning: X does not have valid feature names, but LGBMRegressor was fitted with feature names
candidate-1   |   warnings.warn(
candidate-1   | /opt/project-venv/lib/python3.12/site-packages/sklearn/utils/validation.py:2749: UserWarning: X does not have valid feature names, but LGBMRegressor was fitted with feature names
candidate-1   |   warnings.warn(
candidate-1   | {"timestamp": "2026-10-01T18:30:52Z", "event": "http_request", "request_id": "8dd8517c44e9444a8c35e62cc212df24", "method": "POST", "route": "/predict", "status": 200, "latency_ms": 30.566}
candidate-1   | /opt/project-venv/lib/python3.12/site-packages/sklearn/utils/validation.py:2749: UserWarning: X does not have valid feature names, but LGBMRegressor was fitted with feature names
candidate-1   |   warnings.warn(
candidate-1   | /opt/project-venv/lib/python3.12/site-packages/sklearn/utils/validation.py:2749: UserWarning: X does not have valid feature names, but LGBMRegressor was fitted with feature names
candidate-1   |   warnings.warn(
candidate-1   | {"timestamp": "2026-10-01T18:30:52Z", "event": "http_request", "request_id": "3a016abc81d44f53929781151690035a", "method": "POST", "route": "/predict", "status": 200, "latency_ms": 27.974}
candidate-1   | /opt/project-venv/lib/python3.12/site-packages/sklearn/utils/validation.py:2749: UserWarning: X does not have valid feature names, but LGBMRegressor was fitted with feature names
candidate-1   |   warnings.warn(
candidate-1   | {"timestamp": "2026-10-01T18:30:52Z", "event": "http_request", "request_id": "3fa65215077642719997c3f960c7c8df", "method": "POST", "route": "/predict", "status": 200, "latency_ms": 34.407}
candidate-1   | /opt/project-venv/lib/python3.12/site-packages/sklearn/utils/validation.py:2749: UserWarning: X does not have valid feature names, but LGBMRegressor was fitted with feature names
candidate-1   |   warnings.warn(
candidate-1   | {"timestamp": "2026-10-01T18:30:52Z", "event": "http_request", "request_id": "dacfc1084fa4468293f406f99508f22a", "method": "POST", "route": "/predict", "status": 200, "latency_ms": 36.882}
candidate-1   | {"timestamp": "2026-10-01T18:30:52Z", "event": "http_request", "request_id": "74d4de67f2674d9db857b00553c37ffd", "method": "POST", "route": "/predict", "status": 200, "latency_ms": 28.097}
candidate-1   | {"timestamp": "2026-10-01T18:30:52Z", "event": "http_request", "request_id": "fb3382ac7daf437994939f6988abb29c", "method": "POST", "route": "/predict", "status": 200, "latency_ms": 27.857}
candidate-1   | {"timestamp": "2026-10-01T18:30:52Z", "event": "http_request", "request_id": "f2a2435cdc0b43a7a728bd4237f593e9", "method": "POST", "route": "/predict", "status": 200, "latency_ms": 23.212}
candidate-1   | /opt/project-venv/lib/python3.12/site-packages/sklearn/utils/validation.py:2749: UserWarning: X does not have valid feature names, but LGBMRegressor was fitted with feature names
candidate-1   |   warnings.warn(
candidate-1   | /opt/project-venv/lib/python3.12/site-packages/sklearn/utils/validation.py:2749: UserWarning: X does not have valid feature names, but LGBMRegressor was fitted with feature names
candidate-1   |   warnings.warn(
candidate-1   | {"timestamp": "2026-10-01T18:30:52Z", "event": "http_request", "request_id": "30fa2885942a458995d8ec7abbb7df73", "method": "POST", "route": "/predict", "status": 200, "latency_ms": 26.376}
candidate-1   | /opt/project-venv/lib/python3.12/site-packages/sklearn/utils/validation.py:2749: UserWarning: X does not have valid feature names, but LGBMRegressor was fitted with feature names
candidate-1   |   warnings.warn(
candidate-1   | {"timestamp": "2026-10-01T18:30:52Z", "event": "http_request", "request_id": "b17b772a6bf2467996ec80b613bb2c24", "method": "POST", "route": "/predict", "status": 200, "latency_ms": 24.139}
candidate-1   | /opt/project-venv/lib/python3.12/site-packages/sklearn/utils/validation.py:2749: UserWarning: X does not have valid feature names, but LGBMRegressor was fitted with feature names
candidate-1   |   warnings.warn(
candidate-1   | {"timestamp": "2026-10-01T18:30:52Z", "event": "http_request", "request_id": "9471e60cd19e4a50859ea99292ac3a13", "method": "POST", "route": "/predict", "status": 200, "latency_ms": 20.496}
candidate-1   | {"timestamp": "2026-10-01T18:30:52Z", "event": "http_request", "request_id": "e5ba52a6ea0a490e9e3b90ec01f57d08", "method": "POST", "route": "/predict", "status": 200, "latency_ms": 16.465}
candidate-1   | /opt/project-venv/lib/python3.12/site-packages/sklearn/utils/validation.py:2749: UserWarning: X does not have valid feature names, but LGBMRegressor was fitted with feature names
candidate-1   |   warnings.warn(
candidate-1   | {"timestamp": "2026-10-01T18:30:52Z", "event": "http_request", "request_id": "2ad0613a2b284c0c8c82af45e0d2f02e", "method": "POST", "route": "/predict", "status": 200, "latency_ms": 23.292}
candidate-1   | /opt/project-venv/lib/python3.12/site-packages/sklearn/utils/validation.py:2749: UserWarning: X does not have valid feature names, but LGBMRegressor was fitted with feature names
candidate-1   |   warnings.warn(
candidate-1   | /opt/project-venv/lib/python3.12/site-packages/sklearn/utils/validation.py:2749: UserWarning: X does not have valid feature names, but LGBMRegressor was fitted with feature names
candidate-1   |   warnings.warn(
candidate-1   | {"timestamp": "2026-10-01T18:30:52Z", "event": "http_request", "request_id": "38460518f5e14341a0a45cfd7c83d8f3", "method": "POST", "route": "/predict", "status": 200, "latency_ms": 21.89}
candidate-1   | /opt/project-venv/lib/python3.12/site-packages/sklearn/utils/validation.py:2749: UserWarning: X does not have valid feature names, but LGBMRegressor was fitted with feature names
candidate-1   |   warnings.warn(
candidate-1   | {"timestamp": "2026-10-01T18:30:52Z", "event": "http_request", "request_id": "3471ffaa9d554de386bdc80926668958", "method": "POST", "route": "/predict", "status": 200, "latency_ms": 16.619}
candidate-1   | {"timestamp": "2026-10-01T18:30:52Z", "event": "http_request", "request_id": "3c2951b49ada4d09a6af757bcf7ccff6", "method": "POST", "route": "/predict", "status": 200, "latency_ms": 21.558}
candidate-1   | /opt/project-venv/lib/python3.12/site-packages/sklearn/utils/validation.py:2749: UserWarning: X does not have valid feature names, but LGBMRegressor was fitted with feature names
candidate-1   |   warnings.warn(
candidate-1   | {"timestamp": "2026-10-01T18:30:52Z", "event": "http_request", "request_id": "a2f90733fc1c4249a1d78f0dc90f2606", "method": "POST", "route": "/predict", "status": 200, "latency_ms": 19.886}
candidate-1   | /opt/project-venv/lib/python3.12/site-packages/sklearn/utils/validation.py:2749: UserWarning: X does not have valid feature names, but LGBMRegressor was fitted with feature names
candidate-1   |   warnings.warn(
candidate-1   | /opt/project-venv/lib/python3.12/site-packages/sklearn/utils/validation.py:2749: UserWarning: X does not have valid feature names, but LGBMRegressor was fitted with feature names
candidate-1   |   warnings.warn(
candidate-1   | {"timestamp": "2026-10-01T18:30:52Z", "event": "http_request", "request_id": "df877e2acd204f97b1d83cb343215458", "method": "POST", "route": "/predict", "status": 200, "latency_ms": 26.655}
candidate-1   | /opt/project-venv/lib/python3.12/site-packages/sklearn/utils/validation.py:2749: UserWarning: X does not have valid feature names, but LGBMRegressor was fitted with feature names
candidate-1   |   warnings.warn(
candidate-1   | {"timestamp": "2026-10-01T18:30:52Z", "event": "http_request", "request_id": "3126b4f92dab482ab3609447bd342731", "method": "POST", "route": "/predict", "status": 200, "latency_ms": 30.07}
candidate-1   | /opt/project-venv/lib/python3.12/site-packages/sklearn/utils/validation.py:2749: UserWarning: X does not have valid feature names, but LGBMRegressor was fitted with feature names
candidate-1   |   warnings.warn(
candidate-1   | /opt/project-venv/lib/python3.12/site-packages/sklearn/utils/validation.py:2749: UserWarning: X does not have valid feature names, but LGBMRegressor was fitted with feature names
candidate-1   |   warnings.warn(
candidate-1   | /opt/project-venv/lib/python3.12/site-packages/sklearn/utils/validation.py:2749: UserWarning: X does not have valid feature names, but LGBMRegressor was fitted with feature names
candidate-1   |   warnings.warn(
candidate-1   | {"timestamp": "2026-10-01T18:30:52Z", "event": "http_request", "request_id": "6d1b5def5e144aa19fa0709186b7466c", "method": "POST", "route": "/predict", "status": 200, "latency_ms": 34.074}
candidate-1   | {"timestamp": "2026-10-01T18:30:52Z", "event": "http_request", "request_id": "5a5d255e41db4f1981ea136258c9f24f", "method": "POST", "route": "/predict", "status": 200, "latency_ms": 26.363}
candidate-1   | {"timestamp": "2026-10-01T18:30:52Z", "event": "http_request", "request_id": "60363d4e7eb741ca88e0a94ba67e3f6b", "method": "POST", "route": "/predict", "status": 200, "latency_ms": 26.24}
candidate-1   | /opt/project-venv/lib/python3.12/site-packages/sklearn/utils/validation.py:2749: UserWarning: X does not have valid feature names, but LGBMRegressor was fitted with feature names
candidate-1   |   warnings.warn(
candidate-1   | {"timestamp": "2026-10-01T18:30:52Z", "event": "http_request", "request_id": "6227cdbd225e467abb01bd644aa1b2c4", "method": "POST", "route": "/predict", "status": 200, "latency_ms": 24.736}
candidate-1   | /opt/project-venv/lib/python3.12/site-packages/sklearn/utils/validation.py:2749: UserWarning: X does not have valid feature names, but LGBMRegressor was fitted with feature names
candidate-1   |   warnings.warn(
candidate-1   | {"timestamp": "2026-10-01T18:30:52Z", "event": "http_request", "request_id": "ad5c786628ab4721a629f718bf8c5739", "method": "POST", "route": "/predict", "status": 200, "latency_ms": 29.76}
candidate-1   | {"timestamp": "2026-10-01T18:30:52Z", "event": "http_request", "request_id": "f46878324dbd4266b935f65f8b2c506c", "method": "POST", "route": "/predict", "status": 200, "latency_ms": 18.191}
candidate-1   | /opt/project-venv/lib/python3.12/site-packages/sklearn/utils/validation.py:2749: UserWarning: X does not have valid feature names, but LGBMRegressor was fitted with feature names
candidate-1   |   warnings.warn(
candidate-1   | /opt/project-venv/lib/python3.12/site-packages/sklearn/utils/validation.py:2749: UserWarning: X does not have valid feature names, but LGBMRegressor was fitted with feature names
candidate-1   |   warnings.warn(
candidate-1   | {"timestamp": "2026-10-01T18:30:52Z", "event": "http_request", "request_id": "4361ca1b24b94eec8814b455903328f6", "method": "POST", "route": "/predict", "status": 200, "latency_ms": 29.369}
candidate-1   | {"timestamp": "2026-10-01T18:30:52Z", "event": "http_request", "request_id": "6625ba642c0b4c4e86a8e94dfabd3327", "method": "POST", "route": "/predict", "status": 200, "latency_ms": 25.392}
candidate-1   | {"timestamp": "2026-10-01T18:30:52Z", "event": "http_request", "request_id": "3202f247b0f943cf9bd4e540f9c03840", "method": "POST", "route": "/predict", "status": 200, "latency_ms": 23.105}
candidate-1   | {"timestamp": "2026-10-01T18:30:52Z", "event": "http_request", "request_id": "ec8af0e9ef7546e79ad9f7ced4d5b7b7", "method": "POST", "route": "/predict", "status": 200, "latency_ms": 17.153}
candidate-1   | /opt/project-venv/lib/python3.12/site-packages/sklearn/utils/validation.py:2749: UserWarning: X does not have valid feature names, but LGBMRegressor was fitted with feature names
candidate-1   |   warnings.warn(
candidate-1   | /opt/project-venv/lib/python3.12/site-packages/sklearn/utils/validation.py:2749: UserWarning: X does not have valid feature names, but LGBMRegressor was fitted with feature names
candidate-1   |   warnings.warn(
candidate-1   | /opt/project-venv/lib/python3.12/site-packages/sklearn/utils/validation.py:2749: UserWarning: X does not have valid feature names, but LGBMRegressor was fitted with feature names
candidate-1   |   warnings.warn(
candidate-1   | {"timestamp": "2026-10-01T18:30:52Z", "event": "http_request", "request_id": "fe81803fb16f47c7beed1f96e045399d", "method": "POST", "route": "/predict", "status": 200, "latency_ms": 17.637}
candidate-1   | /opt/project-venv/lib/python3.12/site-packages/sklearn/utils/validation.py:2749: UserWarning: X does not have valid feature names, but LGBMRegressor was fitted with feature names
candidate-1   |   warnings.warn(
candidate-1   | {"timestamp": "2026-10-01T18:30:52Z", "event": "http_request", "request_id": "9f4cc08d9be743948b39187dc093d286", "method": "POST", "route": "/predict", "status": 200, "latency_ms": 18.469}
candidate-1   | /opt/project-venv/lib/python3.12/site-packages/sklearn/utils/validation.py:2749: UserWarning: X does not have valid feature names, but LGBMRegressor was fitted with feature names
candidate-1   |   warnings.warn(
candidate-1   | /opt/project-venv/lib/python3.12/site-packages/sklearn/utils/validation.py:2749: UserWarning: X does not have valid feature names, but LGBMRegressor was fitted with feature names
candidate-1   |   warnings.warn(
candidate-1   | {"timestamp": "2026-10-01T18:30:52Z", "event": "http_request", "request_id": "e0818d7e43e641039e523d1392a52017", "method": "POST", "route": "/predict", "status": 200, "latency_ms": 22.283}
candidate-1   | /opt/project-venv/lib/python3.12/site-packages/sklearn/utils/validation.py:2749: UserWarning: X does not have valid feature names, but LGBMRegressor was fitted with feature names
candidate-1   |   warnings.warn(
candidate-1   | {"timestamp": "2026-10-01T18:30:52Z", "event": "http_request", "request_id": "2178d1d1a2214040a103099d9844844e", "method": "POST", "route": "/predict", "status": 200, "latency_ms": 22.784}
candidate-1   | {"timestamp": "2026-10-01T18:30:52Z", "event": "http_request", "request_id": "79bb6bb4b91b401f88692fdcc5202900", "method": "POST", "route": "/predict", "status": 200, "latency_ms": 24.602}
candidate-1   | /opt/project-venv/lib/python3.12/site-packages/sklearn/utils/validation.py:2749: UserWarning: X does not have valid feature names, but LGBMRegressor was fitted with feature names
candidate-1   |   warnings.warn(
candidate-1   | /opt/project-venv/lib/python3.12/site-packages/sklearn/utils/validation.py:2749: UserWarning: X does not have valid feature names, but LGBMRegressor was fitted with feature names
candidate-1   |   warnings.warn(
candidate-1   | {"timestamp": "2026-10-01T18:30:52Z", "event": "http_request", "request_id": "299b3368a25543d1b7bd2409b768f604", "method": "POST", "route": "/predict", "status": 200, "latency_ms": 27.32}
candidate-1   | /opt/project-venv/lib/python3.12/site-packages/sklearn/utils/validation.py:2749: UserWarning: X does not have valid feature names, but LGBMRegressor was fitted with feature names
candidate-1   |   warnings.warn(
candidate-1   | {"timestamp": "2026-10-01T18:30:52Z", "event": "http_request", "request_id": "d8d18ebac2054be79b7b94d393b97835", "method": "POST", "route": "/predict", "status": 200, "latency_ms": 22.068}
candidate-1   | /opt/project-venv/lib/python3.12/site-packages/sklearn/utils/validation.py:2749: UserWarning: X does not have valid feature names, but LGBMRegressor was fitted with feature names
candidate-1   |   warnings.warn(
candidate-1   | {"timestamp": "2026-10-01T18:30:52Z", "event": "http_request", "request_id": "f06e832590f547809c0c09ab781f4741", "method": "POST", "route": "/predict", "status": 200, "latency_ms": 28.076}
candidate-1   | {"timestamp": "2026-10-01T18:30:52Z", "event": "http_request", "request_id": "781c36bf827849a79fe393970fc66259", "method": "POST", "route": "/predict", "status": 200, "latency_ms": 26.951}
candidate-1   | {"timestamp": "2026-10-01T18:30:52Z", "event": "http_request", "request_id": "409efd719d7d44fab90c8170bbe50490", "method": "POST", "route": "/predict", "status": 200, "latency_ms": 29.272}
candidate-1   | /opt/project-venv/lib/python3.12/site-packages/sklearn/utils/validation.py:2749: UserWarning: X does not have valid feature names, but LGBMRegressor was fitted with feature names
candidate-1   |   warnings.warn(
candidate-1   | {"timestamp": "2026-10-01T18:30:52Z", "event": "http_request", "request_id": "7e2d6fe549194ac794a0d0187e3f838d", "method": "POST", "route": "/predict", "status": 200, "latency_ms": 26.827}
candidate-1   | /opt/project-venv/lib/python3.12/site-packages/sklearn/utils/validation.py:2749: UserWarning: X does not have valid feature names, but LGBMRegressor was fitted with feature names
candidate-1   |   warnings.warn(
candidate-1   | /opt/project-venv/lib/python3.12/site-packages/sklearn/utils/validation.py:2749: UserWarning: X does not have valid feature names, but LGBMRegressor was fitted with feature names
candidate-1   |   warnings.warn(
candidate-1   | /opt/project-venv/lib/python3.12/site-packages/sklearn/utils/validation.py:2749: UserWarning: X does not have valid feature names, but LGBMRegressor was fitted with feature names
candidate-1   |   warnings.warn(
candidate-1   | {"timestamp": "2026-10-01T18:30:52Z", "event": "http_request", "request_id": "aad4c6fb45634838989c0bcb6a63df99", "method": "POST", "route": "/predict", "status": 200, "latency_ms": 26.638}
candidate-1   | {"timestamp": "2026-10-01T18:30:52Z", "event": "http_request", "request_id": "28d8fd022089424c8ff3509d2a7bbbed", "method": "POST", "route": "/predict", "status": 200, "latency_ms": 23.945}
candidate-1   | /opt/project-venv/lib/python3.12/site-packages/sklearn/utils/validation.py:2749: UserWarning: X does not have valid feature names, but LGBMRegressor was fitted with feature names
candidate-1   |   warnings.warn(
candidate-1   | /opt/project-venv/lib/python3.12/site-packages/sklearn/utils/validation.py:2749: UserWarning: X does not have valid feature names, but LGBMRegressor was fitted with feature names
candidate-1   |   warnings.warn(
candidate-1   | {"timestamp": "2026-10-01T18:30:52Z", "event": "http_request", "request_id": "c147731464be4699abeb03e0eba6d3bd", "method": "POST", "route": "/predict", "status": 200, "latency_ms": 20.509}
candidate-1   | /opt/project-venv/lib/python3.12/site-packages/sklearn/utils/validation.py:2749: UserWarning: X does not have valid feature names, but LGBMRegressor was fitted with feature names
candidate-1   |   warnings.warn(
candidate-1   | {"timestamp": "2026-10-01T18:30:52Z", "event": "http_request", "request_id": "168c1bd7da5a416b8b8f4c4ddeb5de2f", "method": "POST", "route": "/predict", "status": 200, "latency_ms": 22.922}
candidate-1   | {"timestamp": "2026-10-01T18:30:52Z", "event": "http_request", "request_id": "3e0ebdf7b3064c939b92b83fe7273a4d", "method": "POST", "route": "/predict", "status": 200, "latency_ms": 27.951}
candidate-1   | /opt/project-venv/lib/python3.12/site-packages/sklearn/utils/validation.py:2749: UserWarning: X does not have valid feature names, but LGBMRegressor was fitted with feature names
candidate-1   |   warnings.warn(
candidate-1   | /opt/project-venv/lib/python3.12/site-packages/sklearn/utils/validation.py:2749: UserWarning: X does not have valid feature names, but LGBMRegressor was fitted with feature names
candidate-1   |   warnings.warn(
candidate-1   | /opt/project-venv/lib/python3.12/site-packages/sklearn/utils/validation.py:2749: UserWarning: X does not have valid feature names, but LGBMRegressor was fitted with feature names
candidate-1   |   warnings.warn(
candidate-1   | {"timestamp": "2026-10-01T18:30:52Z", "event": "http_request", "request_id": "52f9cfd684494e96a34d40db22a104aa", "method": "POST", "route": "/predict", "status": 200, "latency_ms": 32.562}
candidate-1   | /opt/project-venv/lib/python3.12/site-packages/sklearn/utils/validation.py:2749: UserWarning: X does not have valid feature names, but LGBMRegressor was fitted with feature names
candidate-1   |   warnings.warn(
candidate-1   | /opt/project-venv/lib/python3.12/site-packages/sklearn/utils/validation.py:2749: UserWarning: X does not have valid feature names, but LGBMRegressor was fitted with feature names
candidate-1   |   warnings.warn(
candidate-1   | {"timestamp": "2026-10-01T18:30:52Z", "event": "http_request", "request_id": "b7d09f2526844631a00106bd1a9e5aa4", "method": "POST", "route": "/predict", "status": 200, "latency_ms": 31.23}
candidate-1   | /opt/project-venv/lib/python3.12/site-packages/sklearn/utils/validation.py:2749: UserWarning: X does not have valid feature names, but LGBMRegressor was fitted with feature names
candidate-1   |   warnings.warn(
candidate-1   | {"timestamp": "2026-10-01T18:30:52Z", "event": "http_request", "request_id": "ba96f45a72f54d53a41e8abc05a055a6", "method": "POST", "route": "/predict", "status": 200, "latency_ms": 32.125}
candidate-1   | /opt/project-venv/lib/python3.12/site-packages/sklearn/utils/validation.py:2749: UserWarning: X does not have valid feature names, but LGBMRegressor was fitted with feature names
candidate-1   |   warnings.warn(
candidate-1   | {"timestamp": "2026-10-01T18:30:52Z", "event": "http_request", "request_id": "e22014968f504b3aa69266cb06e2e09c", "method": "POST", "route": "/predict", "status": 200, "latency_ms": 35.087}
candidate-1   | /opt/project-venv/lib/python3.12/site-packages/sklearn/utils/validation.py:2749: UserWarning: X does not have valid feature names, but LGBMRegressor was fitted with feature names
candidate-1   |   warnings.warn(
candidate-1   | {"timestamp": "2026-10-01T18:30:52Z", "event": "http_request", "request_id": "bdf8303dbf454e268240492c265b10d4", "method": "POST", "route": "/predict", "status": 200, "latency_ms": 30.444}
candidate-1   | /opt/project-venv/lib/python3.12/site-packages/sklearn/utils/validation.py:2749: UserWarning: X does not have valid feature names, but LGBMRegressor was fitted with feature names
candidate-1   |   warnings.warn(
candidate-1   | /opt/project-venv/lib/python3.12/site-packages/sklearn/utils/validation.py:2749: UserWarning: X does not have valid feature names, but LGBMRegressor was fitted with feature names
candidate-1   |   warnings.warn(
candidate-1   | {"timestamp": "2026-10-01T18:30:52Z", "event": "http_request", "request_id": "a01cbd85ea7d4dddaade33a8bc52c9e1", "method": "POST", "route": "/predict", "status": 200, "latency_ms": 30.56}
candidate-1   | /opt/project-venv/lib/python3.12/site-packages/sklearn/utils/validation.py:2749: UserWarning: X does not have valid feature names, but LGBMRegressor was fitted with feature names
candidate-1   |   warnings.warn(
candidate-1   | {"timestamp": "2026-10-01T18:30:52Z", "event": "http_request", "request_id": "c14c8dd682544b1e8386d2f5a95b6fd7", "method": "POST", "route": "/predict", "status": 200, "latency_ms": 31.193}
candidate-1   | {"timestamp": "2026-10-01T18:30:52Z", "event": "http_request", "request_id": "9f9769eb49d54487ad6fb9f4156d8fe0", "method": "POST", "route": "/predict", "status": 200, "latency_ms": 23.292}
candidate-1   | {"timestamp": "2026-10-01T18:30:52Z", "event": "http_request", "request_id": "a78394d186f04548aca6641a64717d2b", "method": "POST", "route": "/predict", "status": 200, "latency_ms": 23.641}
candidate-1   | {"timestamp": "2026-10-01T18:30:52Z", "event": "http_request", "request_id": "6284056fb358414ab013f4c96b326d5b", "method": "POST", "route": "/predict", "status": 200, "latency_ms": 25.311}
candidate-1   | {"timestamp": "2026-10-01T18:30:52Z", "event": "http_request", "request_id": "f57719907505464ba18700de0d265f60", "method": "POST", "route": "/predict", "status": 200, "latency_ms": 19.654}
candidate-1   | {"timestamp": "2026-10-01T18:30:52Z", "event": "http_request", "request_id": "4a768974dc804e32bc8a27d81a30ec75", "method": "POST", "route": "/predict", "status": 200, "latency_ms": 16.993}
candidate-1   | {"timestamp": "2026-10-01T18:30:52Z", "event": "http_request", "request_id": "deab9b13cd7049e9a74e72526f2a7000", "method": "POST", "route": "/predict", "status": 200, "latency_ms": 15.043}
candidate-1   | /opt/project-venv/lib/python3.12/site-packages/sklearn/utils/validation.py:2749: UserWarning: X does not have valid feature names, but LGBMRegressor was fitted with feature names
candidate-1   |   warnings.warn(
candidate-1   | /opt/project-venv/lib/python3.12/site-packages/sklearn/utils/validation.py:2749: UserWarning: X does not have valid feature names, but LGBMRegressor was fitted with feature names
candidate-1   |   warnings.warn(
candidate-1   | /opt/project-venv/lib/python3.12/site-packages/sklearn/utils/validation.py:2749: UserWarning: X does not have valid feature names, but LGBMRegressor was fitted with feature names
candidate-1   |   warnings.warn(
candidate-1   | {"timestamp": "2026-10-01T18:30:52Z", "event": "http_request", "request_id": "ee792fb1bf584ab2868a22d6a9e892e0", "method": "POST", "route": "/predict", "status": 200, "latency_ms": 14.799}
candidate-1   | /opt/project-venv/lib/python3.12/site-packages/sklearn/utils/validation.py:2749: UserWarning: X does not have valid feature names, but LGBMRegressor was fitted with feature names
candidate-1   |   warnings.warn(
candidate-1   | {"timestamp": "2026-10-01T18:30:52Z", "event": "http_request", "request_id": "ecd1ae02a5f148e4be8bf38b31088fba", "method": "POST", "route": "/predict", "status": 200, "latency_ms": 20.593}
candidate-1   | /opt/project-venv/lib/python3.12/site-packages/sklearn/utils/validation.py:2749: UserWarning: X does not have valid feature names, but LGBMRegressor was fitted with feature names
candidate-1   |   warnings.warn(
candidate-1   | {"timestamp": "2026-10-01T18:30:52Z", "event": "http_request", "request_id": "d19099276b7e4254a2d48efbc4657285", "method": "POST", "route": "/predict", "status": 200, "latency_ms": 18.399}
candidate-1   | /opt/project-venv/lib/python3.12/site-packages/sklearn/utils/validation.py:2749: UserWarning: X does not have valid feature names, but LGBMRegressor was fitted with feature names
candidate-1   |   warnings.warn(
candidate-1   | {"timestamp": "2026-10-01T18:30:52Z", "event": "http_request", "request_id": "bd6f8ead6e12463f803bc403dd4244a1", "method": "POST", "route": "/predict", "status": 200, "latency_ms": 17.024}
candidate-1   | /opt/project-venv/lib/python3.12/site-packages/sklearn/utils/validation.py:2749: UserWarning: X does not have valid feature names, but LGBMRegressor was fitted with feature names
candidate-1   |   warnings.warn(
candidate-1   | /opt/project-venv/lib/python3.12/site-packages/sklearn/utils/validation.py:2749: UserWarning: X does not have valid feature names, but LGBMRegressor was fitted with feature names
candidate-1   |   warnings.warn(
candidate-1   | {"timestamp": "2026-10-01T18:30:52Z", "event": "http_request", "request_id": "f99a5f8f140a4ab98cbb3a2675f16645", "method": "POST", "route": "/predict", "status": 200, "latency_ms": 19.214}
candidate-1   | {"timestamp": "2026-10-01T18:30:52Z", "event": "http_request", "request_id": "28aeb10d435e44eea9bb761ce308ccb1", "method": "POST", "route": "/predict", "status": 200, "latency_ms": 15.692}
candidate-1   | /opt/project-venv/lib/python3.12/site-packages/sklearn/utils/validation.py:2749: UserWarning: X does not have valid feature names, but LGBMRegressor was fitted with feature names
candidate-1   |   warnings.warn(
candidate-1   | {"timestamp": "2026-10-01T18:30:52Z", "event": "http_request", "request_id": "b1f5ddc2d87b4c1ba48bd27e0855d400", "method": "POST", "route": "/predict", "status": 200, "latency_ms": 22.048}
candidate-1   | /opt/project-venv/lib/python3.12/site-packages/sklearn/utils/validation.py:2749: UserWarning: X does not have valid feature names, but LGBMRegressor was fitted with feature names
candidate-1   |   warnings.warn(
candidate-1   | /opt/project-venv/lib/python3.12/site-packages/sklearn/utils/validation.py:2749: UserWarning: X does not have valid feature names, but LGBMRegressor was fitted with feature names
candidate-1   |   warnings.warn(
candidate-1   | /opt/project-venv/lib/python3.12/site-packages/sklearn/utils/validation.py:2749: UserWarning: X does not have valid feature names, but LGBMRegressor was fitted with feature names
candidate-1   |   warnings.warn(
candidate-1   | {"timestamp": "2026-10-01T18:30:52Z", "event": "http_request", "request_id": "7f6839afe6094e2f8a4aada88dbf0e66", "method": "POST", "route": "/predict", "status": 200, "latency_ms": 23.296}
candidate-1   | /opt/project-venv/lib/python3.12/site-packages/sklearn/utils/validation.py:2749: UserWarning: X does not have valid feature names, but LGBMRegressor was fitted with feature names
candidate-1   |   warnings.warn(
candidate-1   | {"timestamp": "2026-10-01T18:30:52Z", "event": "http_request", "request_id": "8b1a25726b1649fcbf25a5ebf396923b", "method": "POST", "route": "/predict", "status": 200, "latency_ms": 24.905}
candidate-1   | {"timestamp": "2026-10-01T18:30:52Z", "event": "http_request", "request_id": "fd5c6524f4ad4baa9fe352a1a858567e", "method": "POST", "route": "/predict", "status": 200, "latency_ms": 23.331}
candidate-1   | /opt/project-venv/lib/python3.12/site-packages/sklearn/utils/validation.py:2749: UserWarning: X does not have valid feature names, but LGBMRegressor was fitted with feature names
candidate-1   |   warnings.warn(
candidate-1   | {"timestamp": "2026-10-01T18:30:52Z", "event": "http_request", "request_id": "560f283246e946a99fc632e92e78cddb", "method": "POST", "route": "/predict", "status": 200, "latency_ms": 26.11}
candidate-1   | /opt/project-venv/lib/python3.12/site-packages/sklearn/utils/validation.py:2749: UserWarning: X does not have valid feature names, but LGBMRegressor was fitted with feature names
candidate-1   |   warnings.warn(
candidate-1   | {"timestamp": "2026-10-01T18:30:52Z", "event": "http_request", "request_id": "69a954b5dbeb40ad82c0dc189a58f47a", "method": "POST", "route": "/predict", "status": 200, "latency_ms": 28.586}
candidate-1   | /opt/project-venv/lib/python3.12/site-packages/sklearn/utils/validation.py:2749: UserWarning: X does not have valid feature names, but LGBMRegressor was fitted with feature names
candidate-1   |   warnings.warn(
candidate-1   | {"timestamp": "2026-10-01T18:30:52Z", "event": "http_request", "request_id": "224120290b7f465da550b4cfa59ede67", "method": "POST", "route": "/predict", "status": 200, "latency_ms": 26.923}
candidate-1   | {"timestamp": "2026-10-01T18:30:52Z", "event": "http_request", "request_id": "f14002a0637848229d6fedcad7eff959", "method": "POST", "route": "/predict", "status": 200, "latency_ms": 25.311}
candidate-1   | /opt/project-venv/lib/python3.12/site-packages/sklearn/utils/validation.py:2749: UserWarning: X does not have valid feature names, but LGBMRegressor was fitted with feature names
candidate-1   |   warnings.warn(
candidate-1   | {"timestamp": "2026-10-01T18:30:52Z", "event": "http_request", "request_id": "79a0d21e1cf1409b99921c64440a98bc", "method": "POST", "route": "/predict", "status": 200, "latency_ms": 19.022}
candidate-1   | {"timestamp": "2026-10-01T18:30:52Z", "event": "http_request", "request_id": "ce6de0012fd84c738a9b8a0f577733dd", "method": "POST", "route": "/predict", "status": 200, "latency_ms": 21.719}
candidate-1   | /opt/project-venv/lib/python3.12/site-packages/sklearn/utils/validation.py:2749: UserWarning: X does not have valid feature names, but LGBMRegressor was fitted with feature names
candidate-1   |   warnings.warn(
candidate-1   | {"timestamp": "2026-10-01T18:30:52Z", "event": "http_request", "request_id": "4806ffaecb374d55850c13fd5189eb1a", "method": "POST", "route": "/predict", "status": 200, "latency_ms": 23.413}
candidate-1   | /opt/project-venv/lib/python3.12/site-packages/sklearn/utils/validation.py:2749: UserWarning: X does not have valid feature names, but LGBMRegressor was fitted with feature names
candidate-1   |   warnings.warn(
candidate-1   | {"timestamp": "2026-10-01T18:30:52Z", "event": "http_request", "request_id": "ee7a28dc533f4e60ae90f03aa542dc93", "method": "POST", "route": "/predict", "status": 200, "latency_ms": 23.442}
candidate-1   | /opt/project-venv/lib/python3.12/site-packages/sklearn/utils/validation.py:2749: UserWarning: X does not have valid feature names, but LGBMRegressor was fitted with feature names
candidate-1   |   warnings.warn(
candidate-1   | {"timestamp": "2026-10-01T18:30:52Z", "event": "http_request", "request_id": "1576b7584a9f456eb31f9003116b711e", "method": "POST", "route": "/predict", "status": 200, "latency_ms": 21.411}
candidate-1   | /opt/project-venv/lib/python3.12/site-packages/sklearn/utils/validation.py:2749: UserWarning: X does not have valid feature names, but LGBMRegressor was fitted with feature names
candidate-1   |   warnings.warn(
candidate-1   | /opt/project-venv/lib/python3.12/site-packages/sklearn/utils/validation.py:2749: UserWarning: X does not have valid feature names, but LGBMRegressor was fitted with feature names
candidate-1   |   warnings.warn(
candidate-1   | /opt/project-venv/lib/python3.12/site-packages/sklearn/utils/validation.py:2749: UserWarning: X does not have valid feature names, but LGBMRegressor was fitted with feature names
candidate-1   |   warnings.warn(
candidate-1   | {"timestamp": "2026-10-01T18:30:52Z", "event": "http_request", "request_id": "bb80e760e37b4ffb8ff5d5d9cf339519", "method": "POST", "route": "/predict", "status": 200, "latency_ms": 25.989}
candidate-1   | /opt/project-venv/lib/python3.12/site-packages/sklearn/utils/validation.py:2749: UserWarning: X does not have valid feature names, but LGBMRegressor was fitted with feature names
candidate-1   |   warnings.warn(
candidate-1   | {"timestamp": "2026-10-01T18:30:52Z", "event": "http_request", "request_id": "30ae4335852e42f7bd32fbab0ed342d2", "method": "POST", "route": "/predict", "status": 200, "latency_ms": 31.892}
candidate-1   | /opt/project-venv/lib/python3.12/site-packages/sklearn/utils/validation.py:2749: UserWarning: X does not have valid feature names, but LGBMRegressor was fitted with feature names
candidate-1   |   warnings.warn(
candidate-1   | {"timestamp": "2026-10-01T18:30:52Z", "event": "http_request", "request_id": "0b77d957109f43c19513559860b72c95", "method": "POST", "route": "/predict", "status": 200, "latency_ms": 20.624}
candidate-1   | {"timestamp": "2026-10-01T18:30:52Z", "event": "http_request", "request_id": "d5ad240936564850a5a65e2b0864c3b1", "method": "POST", "route": "/predict", "status": 200, "latency_ms": 28.824}
candidate-1   | /opt/project-venv/lib/python3.12/site-packages/sklearn/utils/validation.py:2749: UserWarning: X does not have valid feature names, but LGBMRegressor was fitted with feature names
candidate-1   |   warnings.warn(
candidate-1   | {"timestamp": "2026-10-01T18:30:52Z", "event": "http_request", "request_id": "78d0068b8bbc47e1ac406efadea44ba9", "method": "POST", "route": "/predict", "status": 200, "latency_ms": 28.821}
candidate-1   | /opt/project-venv/lib/python3.12/site-packages/sklearn/utils/validation.py:2749: UserWarning: X does not have valid feature names, but LGBMRegressor was fitted with feature names
candidate-1   |   warnings.warn(
candidate-1   | {"timestamp": "2026-10-01T18:30:52Z", "event": "http_request", "request_id": "8050718f50284caeb57fe58411aafb1f", "method": "POST", "route": "/predict", "status": 200, "latency_ms": 24.875}
candidate-1   | /opt/project-venv/lib/python3.12/site-packages/sklearn/utils/validation.py:2749: UserWarning: X does not have valid feature names, but LGBMRegressor was fitted with feature names
candidate-1   |   warnings.warn(
candidate-1   | /opt/project-venv/lib/python3.12/site-packages/sklearn/utils/validation.py:2749: UserWarning: X does not have valid feature names, but LGBMRegressor was fitted with feature names
candidate-1   |   warnings.warn(
candidate-1   | {"timestamp": "2026-10-01T18:30:52Z", "event": "http_request", "request_id": "a68a7732526747248fd57daa1504ec21", "method": "POST", "route": "/predict", "status": 200, "latency_ms": 29.159}
candidate-1   | /opt/project-venv/lib/python3.12/site-packages/sklearn/utils/validation.py:2749: UserWarning: X does not have valid feature names, but LGBMRegressor was fitted with feature names
candidate-1   |   warnings.warn(
candidate-1   | {"timestamp": "2026-10-01T18:30:52Z", "event": "http_request", "request_id": "f5e90e0f0b9f49068624c43583373696", "method": "POST", "route": "/predict", "status": 200, "latency_ms": 37.137}
candidate-1   | {"timestamp": "2026-10-01T18:30:52Z", "event": "http_request", "request_id": "1b12cc73b74045619c32de0a7baf5848", "method": "POST", "route": "/predict", "status": 200, "latency_ms": 23.463}
candidate-1   | /opt/project-venv/lib/python3.12/site-packages/sklearn/utils/validation.py:2749: UserWarning: X does not have valid feature names, but LGBMRegressor was fitted with feature names
candidate-1   |   warnings.warn(
candidate-1   | /opt/project-venv/lib/python3.12/site-packages/sklearn/utils/validation.py:2749: UserWarning: X does not have valid feature names, but LGBMRegressor was fitted with feature names
candidate-1   |   warnings.warn(
candidate-1   | /opt/project-venv/lib/python3.12/site-packages/sklearn/utils/validation.py:2749: UserWarning: X does not have valid feature names, but LGBMRegressor was fitted with feature names
candidate-1   |   warnings.warn(
candidate-1   | /opt/project-venv/lib/python3.12/site-packages/sklearn/utils/validation.py:2749: UserWarning: X does not have valid feature names, but LGBMRegressor was fitted with feature names
candidate-1   |   warnings.warn(
candidate-1   | {"timestamp": "2026-10-01T18:30:52Z", "event": "http_request", "request_id": "afe4527b528549c1bd9b9f6d6e79ae74", "method": "POST", "route": "/predict", "status": 200, "latency_ms": 36.047}
candidate-1   | /opt/project-venv/lib/python3.12/site-packages/sklearn/utils/validation.py:2749: UserWarning: X does not have valid feature names, but LGBMRegressor was fitted with feature names
candidate-1   |   warnings.warn(
candidate-1   | {"timestamp": "2026-10-01T18:30:52Z", "event": "http_request", "request_id": "6536ef78467b48888c58e07c8f5cfa49", "method": "POST", "route": "/predict", "status": 200, "latency_ms": 31.087}
candidate-1   | {"timestamp": "2026-10-01T18:30:52Z", "event": "http_request", "request_id": "556255f502964d0d9a63d115a81f7df2", "method": "POST", "route": "/predict", "status": 200, "latency_ms": 27.891}
candidate-1   | /opt/project-venv/lib/python3.12/site-packages/sklearn/utils/validation.py:2749: UserWarning: X does not have valid feature names, but LGBMRegressor was fitted with feature names
candidate-1   |   warnings.warn(
candidate-1   | {"timestamp": "2026-10-01T18:30:52Z", "event": "http_request", "request_id": "4a0b8f65055542baa64c0c569e48930a", "method": "POST", "route": "/predict", "status": 200, "latency_ms": 27.155}
candidate-1   | {"timestamp": "2026-10-01T18:30:52Z", "event": "http_request", "request_id": "37c093d0c73a438bbb8397a0fd95eb29", "method": "POST", "route": "/predict", "status": 200, "latency_ms": 23.095}
candidate-1   | {"timestamp": "2026-10-01T18:30:52Z", "event": "http_request", "request_id": "d5f41db8a1ba4d319713f0f5c725b4cf", "method": "POST", "route": "/predict", "status": 200, "latency_ms": 22.441}
candidate-1   | /opt/project-venv/lib/python3.12/site-packages/sklearn/utils/validation.py:2749: UserWarning: X does not have valid feature names, but LGBMRegressor was fitted with feature names
candidate-1   |   warnings.warn(
candidate-1   | {"timestamp": "2026-10-01T18:30:52Z", "event": "http_request", "request_id": "f6da9eb4894447518b10b6466f272a15", "method": "POST", "route": "/predict", "status": 200, "latency_ms": 24.736}
candidate-1   | /opt/project-venv/lib/python3.12/site-packages/sklearn/utils/validation.py:2749: UserWarning: X does not have valid feature names, but LGBMRegressor was fitted with feature names
candidate-1   |   warnings.warn(
candidate-1   | /opt/project-venv/lib/python3.12/site-packages/sklearn/utils/validation.py:2749: UserWarning: X does not have valid feature names, but LGBMRegressor was fitted with feature names
candidate-1   |   warnings.warn(
candidate-1   | {"timestamp": "2026-10-01T18:30:52Z", "event": "http_request", "request_id": "0031afc249f547a18afba92083c13a87", "method": "POST", "route": "/predict", "status": 200, "latency_ms": 18.732}
candidate-1   | {"timestamp": "2026-10-01T18:30:52Z", "event": "http_request", "request_id": "17caf3bc46624869b90191fde858d876", "method": "POST", "route": "/predict", "status": 200, "latency_ms": 18.583}
candidate-1   | /opt/project-venv/lib/python3.12/site-packages/sklearn/utils/validation.py:2749: UserWarning: X does not have valid feature names, but LGBMRegressor was fitted with feature names
candidate-1   |   warnings.warn(
candidate-1   | /opt/project-venv/lib/python3.12/site-packages/sklearn/utils/validation.py:2749: UserWarning: X does not have valid feature names, but LGBMRegressor was fitted with feature names
candidate-1   |   warnings.warn(
candidate-1   | {"timestamp": "2026-10-01T18:30:52Z", "event": "http_request", "request_id": "2ae09da24fc24effb660ff7791987505", "method": "POST", "route": "/predict", "status": 200, "latency_ms": 26.713}
candidate-1   | /opt/project-venv/lib/python3.12/site-packages/sklearn/utils/validation.py:2749: UserWarning: X does not have valid feature names, but LGBMRegressor was fitted with feature names
candidate-1   |   warnings.warn(
candidate-1   | {"timestamp": "2026-10-01T18:30:52Z", "event": "http_request", "request_id": "54b2579e848a42fb8f80a286445e46e4", "method": "POST", "route": "/predict", "status": 200, "latency_ms": 24.057}
candidate-1   | /opt/project-venv/lib/python3.12/site-packages/sklearn/utils/validation.py:2749: UserWarning: X does not have valid feature names, but LGBMRegressor was fitted with feature names
candidate-1   |   warnings.warn(
candidate-1   | /opt/project-venv/lib/python3.12/site-packages/sklearn/utils/validation.py:2749: UserWarning: X does not have valid feature names, but LGBMRegressor was fitted with feature names
candidate-1   |   warnings.warn(
candidate-1   | {"timestamp": "2026-10-01T18:30:52Z", "event": "http_request", "request_id": "a135c4ec3d6d4da8abd91292beb12df6", "method": "POST", "route": "/predict", "status": 200, "latency_ms": 22.675}
candidate-1   | {"timestamp": "2026-10-01T18:30:52Z", "event": "http_request", "request_id": "63664e680f494b68b744c2132a20d24d", "method": "POST", "route": "/predict", "status": 200, "latency_ms": 24.185}
candidate-1   | /opt/project-venv/lib/python3.12/site-packages/sklearn/utils/validation.py:2749: UserWarning: X does not have valid feature names, but LGBMRegressor was fitted with feature names
candidate-1   |   warnings.warn(
candidate-1   | {"timestamp": "2026-10-01T18:30:52Z", "event": "http_request", "request_id": "62d9e02ed0c44a4183b593e0f6c22148", "method": "POST", "route": "/predict", "status": 200, "latency_ms": 22.31}
candidate-1   | /opt/project-venv/lib/python3.12/site-packages/sklearn/utils/validation.py:2749: UserWarning: X does not have valid feature names, but LGBMRegressor was fitted with feature names
candidate-1   |   warnings.warn(
candidate-1   | /opt/project-venv/lib/python3.12/site-packages/sklearn/utils/validation.py:2749: UserWarning: X does not have valid feature names, but LGBMRegressor was fitted with feature names
candidate-1   |   warnings.warn(
candidate-1   | {"timestamp": "2026-10-01T18:30:52Z", "event": "http_request", "request_id": "d67ea25adcf640a794d7a8e72b62f9cd", "method": "POST", "route": "/predict", "status": 200, "latency_ms": 26.882}
candidate-1   | {"timestamp": "2026-10-01T18:30:52Z", "event": "http_request", "request_id": "52dcd5d1f3084837ad0ff7e99db99d03", "method": "POST", "route": "/predict", "status": 200, "latency_ms": 25.012}
candidate-1   | /opt/project-venv/lib/python3.12/site-packages/sklearn/utils/validation.py:2749: UserWarning: X does not have valid feature names, but LGBMRegressor was fitted with feature names
candidate-1   |   warnings.warn(
candidate-1   | {"timestamp": "2026-10-01T18:30:52Z", "event": "http_request", "request_id": "bf936f85083948b4871b4d4094f8483d", "method": "POST", "route": "/predict", "status": 200, "latency_ms": 22.145}
candidate-1   | {"timestamp": "2026-10-01T18:30:52Z", "event": "http_request", "request_id": "b521ec5090e7482997ce93b39d3f6e68", "method": "POST", "route": "/predict", "status": 200, "latency_ms": 31.16}
candidate-1   | /opt/project-venv/lib/python3.12/site-packages/sklearn/utils/validation.py:2749: UserWarning: X does not have valid feature names, but LGBMRegressor was fitted with feature names
candidate-1   |   warnings.warn(
candidate-1   | {"timestamp": "2026-10-01T18:30:52Z", "event": "http_request", "request_id": "91766528f7ee406bb119b5a5a5ad13c3", "method": "POST", "route": "/predict", "status": 200, "latency_ms": 26.103}
candidate-1   | /opt/project-venv/lib/python3.12/site-packages/sklearn/utils/validation.py:2749: UserWarning: X does not have valid feature names, but LGBMRegressor was fitted with feature names
candidate-1   |   warnings.warn(
candidate-1   | /opt/project-venv/lib/python3.12/site-packages/sklearn/utils/validation.py:2749: UserWarning: X does not have valid feature names, but LGBMRegressor was fitted with feature names
candidate-1   |   warnings.warn(
candidate-1   | {"timestamp": "2026-10-01T18:30:52Z", "event": "http_request", "request_id": "f45b28b9d7d24aca85d2d0b95fb94877", "method": "POST", "route": "/predict", "status": 200, "latency_ms": 26.931}
candidate-1   | {"timestamp": "2026-10-01T18:30:52Z", "event": "http_request", "request_id": "cd490e129a2044c4a6e9ab20b3d5ff45", "method": "POST", "route": "/predict", "status": 200, "latency_ms": 24.365}
candidate-1   | {"timestamp": "2026-10-01T18:30:53Z", "event": "http_request", "request_id": "a870db84af1643ca963689dbaf62371c", "method": "POST", "route": "/predict", "status": 200, "latency_ms": 20.27}
candidate-1   | /opt/project-venv/lib/python3.12/site-packages/sklearn/utils/validation.py:2749: UserWarning: X does not have valid feature names, but LGBMRegressor was fitted with feature names
candidate-1   |   warnings.warn(
candidate-1   | {"timestamp": "2026-10-01T18:30:53Z", "event": "http_request", "request_id": "39f7212d69024d6a90a00e5c95a3a47f", "method": "POST", "route": "/predict", "status": 200, "latency_ms": 21.793}
candidate-1   | /opt/project-venv/lib/python3.12/site-packages/sklearn/utils/validation.py:2749: UserWarning: X does not have valid feature names, but LGBMRegressor was fitted with feature names
candidate-1   |   warnings.warn(
candidate-1   | {"timestamp": "2026-10-01T18:30:53Z", "event": "http_request", "request_id": "92f1383e228746b3ae7be4ff5ad6cd73", "method": "POST", "route": "/predict", "status": 200, "latency_ms": 23.984}
candidate-1   | /opt/project-venv/lib/python3.12/site-packages/sklearn/utils/validation.py:2749: UserWarning: X does not have valid feature names, but LGBMRegressor was fitted with feature names
candidate-1   |   warnings.warn(
candidate-1   | {"timestamp": "2026-10-01T18:30:53Z", "event": "http_request", "request_id": "746fd7993fa742dc9020351b2da15713", "method": "POST", "route": "/predict", "status": 200, "latency_ms": 22.582}
candidate-1   | /opt/project-venv/lib/python3.12/site-packages/sklearn/utils/validation.py:2749: UserWarning: X does not have valid feature names, but LGBMRegressor was fitted with feature names
candidate-1   |   warnings.warn(
candidate-1   | {"timestamp": "2026-10-01T18:30:53Z", "event": "http_request", "request_id": "c353b192436045479aa4b917305bd0de", "method": "POST", "route": "/predict", "status": 200, "latency_ms": 25.238}
candidate-1   | /opt/project-venv/lib/python3.12/site-packages/sklearn/utils/validation.py:2749: UserWarning: X does not have valid feature names, but LGBMRegressor was fitted with feature names
candidate-1   |   warnings.warn(
candidate-1   | {"timestamp": "2026-10-01T18:30:53Z", "event": "http_request", "request_id": "c8e9236f69044c239e7f3a38c7c7f2f4", "method": "POST", "route": "/predict", "status": 200, "latency_ms": 21.818}
candidate-1   | /opt/project-venv/lib/python3.12/site-packages/sklearn/utils/validation.py:2749: UserWarning: X does not have valid feature names, but LGBMRegressor was fitted with feature names
candidate-1   |   warnings.warn(
candidate-1   | {"timestamp": "2026-10-01T18:30:53Z", "event": "http_request", "request_id": "7b6c3e1761cc4caaa419ab95869b3746", "method": "POST", "route": "/predict", "status": 200, "latency_ms": 23.265}
candidate-1   | {"timestamp": "2026-10-01T18:30:53Z", "event": "http_request", "request_id": "c2b46af1cda74a3690b7e3017f1e880a", "method": "POST", "route": "/predict", "status": 200, "latency_ms": 27.69}
candidate-1   | /opt/project-venv/lib/python3.12/site-packages/sklearn/utils/validation.py:2749: UserWarning: X does not have valid feature names, but LGBMRegressor was fitted with feature names
candidate-1   |   warnings.warn(
candidate-1   | /opt/project-venv/lib/python3.12/site-packages/sklearn/utils/validation.py:2749: UserWarning: X does not have valid feature names, but LGBMRegressor was fitted with feature names
candidate-1   |   warnings.warn(
candidate-1   | /opt/project-venv/lib/python3.12/site-packages/sklearn/utils/validation.py:2749: UserWarning: X does not have valid feature names, but LGBMRegressor was fitted with feature names
candidate-1   |   warnings.warn(
candidate-1   | {"timestamp": "2026-10-01T18:30:53Z", "event": "http_request", "request_id": "1ac58fc255ad4c77bb4255a73cdae573", "method": "POST", "route": "/predict", "status": 200, "latency_ms": 26.962}
candidate-1   | {"timestamp": "2026-10-01T18:30:53Z", "event": "http_request", "request_id": "60a33ad49c644e43b04519efe8f402bf", "method": "POST", "route": "/predict", "status": 200, "latency_ms": 26.425}
candidate-1   | {"timestamp": "2026-10-01T18:30:53Z", "event": "http_request", "request_id": "603ba6fe1ce44c638add2c25f355c431", "method": "POST", "route": "/predict", "status": 200, "latency_ms": 25.152}
candidate-1   | /opt/project-venv/lib/python3.12/site-packages/sklearn/utils/validation.py:2749: UserWarning: X does not have valid feature names, but LGBMRegressor was fitted with feature names
candidate-1   |   warnings.warn(
candidate-1   | /opt/project-venv/lib/python3.12/site-packages/sklearn/utils/validation.py:2749: UserWarning: X does not have valid feature names, but LGBMRegressor was fitted with feature names
candidate-1   |   warnings.warn(
candidate-1   | {"timestamp": "2026-10-01T18:30:53Z", "event": "http_request", "request_id": "fe01ffaea18e46eba005dca358d99503", "method": "POST", "route": "/predict", "status": 200, "latency_ms": 25.739}
candidate-1   | /opt/project-venv/lib/python3.12/site-packages/sklearn/utils/validation.py:2749: UserWarning: X does not have valid feature names, but LGBMRegressor was fitted with feature names
candidate-1   |   warnings.warn(
candidate-1   | {"timestamp": "2026-10-01T18:30:53Z", "event": "http_request", "request_id": "48626f815d3149a4a7edc8957a7fbef7", "method": "POST", "route": "/predict", "status": 200, "latency_ms": 32.0}
candidate-1   | /opt/project-venv/lib/python3.12/site-packages/sklearn/utils/validation.py:2749: UserWarning: X does not have valid feature names, but LGBMRegressor was fitted with feature names
candidate-1   |   warnings.warn(
candidate-1   | /opt/project-venv/lib/python3.12/site-packages/sklearn/utils/validation.py:2749: UserWarning: X does not have valid feature names, but LGBMRegressor was fitted with feature names
candidate-1   |   warnings.warn(
candidate-1   | {"timestamp": "2026-10-01T18:30:53Z", "event": "http_request", "request_id": "d65398136075485ba2de8e05a60dbff6", "method": "POST", "route": "/predict", "status": 200, "latency_ms": 30.765}
candidate-1   | /opt/project-venv/lib/python3.12/site-packages/sklearn/utils/validation.py:2749: UserWarning: X does not have valid feature names, but LGBMRegressor was fitted with feature names
candidate-1   |   warnings.warn(
candidate-1   | {"timestamp": "2026-10-01T18:30:53Z", "event": "http_request", "request_id": "2287a9f7438f40b6b779fd888af2323a", "method": "POST", "route": "/predict", "status": 200, "latency_ms": 30.263}
candidate-1   | /opt/project-venv/lib/python3.12/site-packages/sklearn/utils/validation.py:2749: UserWarning: X does not have valid feature names, but LGBMRegressor was fitted with feature names
candidate-1   |   warnings.warn(
candidate-1   | /opt/project-venv/lib/python3.12/site-packages/sklearn/utils/validation.py:2749: UserWarning: X does not have valid feature names, but LGBMRegressor was fitted with feature names
candidate-1   |   warnings.warn(
candidate-1   | {"timestamp": "2026-10-01T18:30:53Z", "event": "http_request", "request_id": "a95bcbb7f8ee4f6089231e67ae9d02a5", "method": "POST", "route": "/predict", "status": 200, "latency_ms": 29.543}
candidate-1   | /opt/project-venv/lib/python3.12/site-packages/sklearn/utils/validation.py:2749: UserWarning: X does not have valid feature names, but LGBMRegressor was fitted with feature names
candidate-1   |   warnings.warn(
candidate-1   | {"timestamp": "2026-10-01T18:30:53Z", "event": "http_request", "request_id": "3c80f1d6937d44fa991a9a1c50501fa1", "method": "POST", "route": "/predict", "status": 200, "latency_ms": 28.251}
candidate-1   | /opt/project-venv/lib/python3.12/site-packages/sklearn/utils/validation.py:2749: UserWarning: X does not have valid feature names, but LGBMRegressor was fitted with feature names
candidate-1   |   warnings.warn(
candidate-1   | {"timestamp": "2026-10-01T18:30:53Z", "event": "http_request", "request_id": "5d726de3598e4edab918f93058c890f4", "method": "POST", "route": "/predict", "status": 200, "latency_ms": 33.413}
candidate-1   | /opt/project-venv/lib/python3.12/site-packages/sklearn/utils/validation.py:2749: UserWarning: X does not have valid feature names, but LGBMRegressor was fitted with feature names
candidate-1   |   warnings.warn(
candidate-1   | /opt/project-venv/lib/python3.12/site-packages/sklearn/utils/validation.py:2749: UserWarning: X does not have valid feature names, but LGBMRegressor was fitted with feature names
candidate-1   |   warnings.warn(
candidate-1   | {"timestamp": "2026-10-01T18:30:53Z", "event": "http_request", "request_id": "1309096f1bc1445b9d104958dc66f834", "method": "POST", "route": "/predict", "status": 200, "latency_ms": 30.794}
candidate-1   | {"timestamp": "2026-10-01T18:30:53Z", "event": "http_request", "request_id": "2f33787054df4f988574b1c17c742841", "method": "POST", "route": "/predict", "status": 200, "latency_ms": 30.595}
candidate-1   | {"timestamp": "2026-10-01T18:30:53Z", "event": "http_request", "request_id": "c660e13aa6bf4190bc18501a3ea63802", "method": "POST", "route": "/predict", "status": 200, "latency_ms": 32.429}
candidate-1   | /opt/project-venv/lib/python3.12/site-packages/sklearn/utils/validation.py:2749: UserWarning: X does not have valid feature names, but LGBMRegressor was fitted with feature names
candidate-1   |   warnings.warn(
candidate-1   | /opt/project-venv/lib/python3.12/site-packages/sklearn/utils/validation.py:2749: UserWarning: X does not have valid feature names, but LGBMRegressor was fitted with feature names
candidate-1   |   warnings.warn(
candidate-1   | {"timestamp": "2026-10-01T18:30:53Z", "event": "http_request", "request_id": "d5a1e1f646844712a3d3c845646b8e5c", "method": "POST", "route": "/predict", "status": 200, "latency_ms": 26.163}
candidate-1   | /opt/project-venv/lib/python3.12/site-packages/sklearn/utils/validation.py:2749: UserWarning: X does not have valid feature names, but LGBMRegressor was fitted with feature names
candidate-1   |   warnings.warn(
candidate-1   | /opt/project-venv/lib/python3.12/site-packages/sklearn/utils/validation.py:2749: UserWarning: X does not have valid feature names, but LGBMRegressor was fitted with feature names
candidate-1   |   warnings.warn(
candidate-1   | {"timestamp": "2026-10-01T18:30:53Z", "event": "http_request", "request_id": "a428d4d6e0ef49e8a106ed7161ca943a", "method": "POST", "route": "/predict", "status": 200, "latency_ms": 31.999}
candidate-1   | /opt/project-venv/lib/python3.12/site-packages/sklearn/utils/validation.py:2749: UserWarning: X does not have valid feature names, but LGBMRegressor was fitted with feature names
candidate-1   |   warnings.warn(
candidate-1   | {"timestamp": "2026-10-01T18:30:53Z", "event": "http_request", "request_id": "8e98a4169f274cbbbe1141c52621e464", "method": "POST", "route": "/predict", "status": 200, "latency_ms": 29.977}
candidate-1   | /opt/project-venv/lib/python3.12/site-packages/sklearn/utils/validation.py:2749: UserWarning: X does not have valid feature names, but LGBMRegressor was fitted with feature names
candidate-1   |   warnings.warn(
candidate-1   | /opt/project-venv/lib/python3.12/site-packages/sklearn/utils/validation.py:2749: UserWarning: X does not have valid feature names, but LGBMRegressor was fitted with feature names
candidate-1   |   warnings.warn(
candidate-1   | {"timestamp": "2026-10-01T18:30:53Z", "event": "http_request", "request_id": "2775c6aef551414babe3b4337feec0a5", "method": "POST", "route": "/predict", "status": 200, "latency_ms": 29.365}
candidate-1   | {"timestamp": "2026-10-01T18:30:53Z", "event": "http_request", "request_id": "219b320cb58540419bad1424aecc6052", "method": "POST", "route": "/predict", "status": 200, "latency_ms": 26.464}
candidate-1   | /opt/project-venv/lib/python3.12/site-packages/sklearn/utils/validation.py:2749: UserWarning: X does not have valid feature names, but LGBMRegressor was fitted with feature names
candidate-1   |   warnings.warn(
candidate-1   | {"timestamp": "2026-10-01T18:30:53Z", "event": "http_request", "request_id": "b5c8aae6271047c093127b4b88522062", "method": "POST", "route": "/predict", "status": 200, "latency_ms": 26.452}
candidate-1   | /opt/project-venv/lib/python3.12/site-packages/sklearn/utils/validation.py:2749: UserWarning: X does not have valid feature names, but LGBMRegressor was fitted with feature names
candidate-1   |   warnings.warn(
candidate-1   | {"timestamp": "2026-10-01T18:30:53Z", "event": "http_request", "request_id": "767e3f2f0fb44806801461e2ef64864f", "method": "POST", "route": "/predict", "status": 200, "latency_ms": 29.7}
candidate-1   | /opt/project-venv/lib/python3.12/site-packages/sklearn/utils/validation.py:2749: UserWarning: X does not have valid feature names, but LGBMRegressor was fitted with feature names
candidate-1   |   warnings.warn(
candidate-1   | {"timestamp": "2026-10-01T18:30:53Z", "event": "http_request", "request_id": "81946c44111d42e8b8c5482ae645edff", "method": "POST", "route": "/predict", "status": 200, "latency_ms": 23.277}
candidate-1   | {"timestamp": "2026-10-01T18:30:53Z", "event": "http_request", "request_id": "d448903de8f84d6fbf607933874aada6", "method": "POST", "route": "/predict", "status": 200, "latency_ms": 22.271}
candidate-1   | /opt/project-venv/lib/python3.12/site-packages/sklearn/utils/validation.py:2749: UserWarning: X does not have valid feature names, but LGBMRegressor was fitted with feature names
candidate-1   |   warnings.warn(
candidate-1   | {"timestamp": "2026-10-01T18:30:53Z", "event": "http_request", "request_id": "9d4c62fada094b3492618ff08d90fe1d", "method": "POST", "route": "/predict", "status": 200, "latency_ms": 26.757}
candidate-1   | /opt/project-venv/lib/python3.12/site-packages/sklearn/utils/validation.py:2749: UserWarning: X does not have valid feature names, but LGBMRegressor was fitted with feature names
candidate-1   |   warnings.warn(
candidate-1   | {"timestamp": "2026-10-01T18:30:53Z", "event": "http_request", "request_id": "76a4dd4fb6374aef9dc40a31f3bb7273", "method": "POST", "route": "/predict", "status": 200, "latency_ms": 23.421}
candidate-1   | /opt/project-venv/lib/python3.12/site-packages/sklearn/utils/validation.py:2749: UserWarning: X does not have valid feature names, but LGBMRegressor was fitted with feature names
candidate-1   |   warnings.warn(
candidate-1   | /opt/project-venv/lib/python3.12/site-packages/sklearn/utils/validation.py:2749: UserWarning: X does not have valid feature names, but LGBMRegressor was fitted with feature names
candidate-1   |   warnings.warn(
candidate-1   | {"timestamp": "2026-10-01T18:30:53Z", "event": "http_request", "request_id": "5c0360ef46ef45e0b3a328e6c1ed0311", "method": "POST", "route": "/predict", "status": 200, "latency_ms": 21.667}
candidate-1   | {"timestamp": "2026-10-01T18:30:53Z", "event": "http_request", "request_id": "ec9f4d2f1f224172ba723772f920a05e", "method": "POST", "route": "/predict", "status": 200, "latency_ms": 20.774}
candidate-1   | /opt/project-venv/lib/python3.12/site-packages/sklearn/utils/validation.py:2749: UserWarning: X does not have valid feature names, but LGBMRegressor was fitted with feature names
candidate-1   |   warnings.warn(
candidate-1   | {"timestamp": "2026-10-01T18:30:53Z", "event": "http_request", "request_id": "2b9393490b21401fbe29c914fb04bd25", "method": "POST", "route": "/predict", "status": 200, "latency_ms": 20.908}
candidate-1   | /opt/project-venv/lib/python3.12/site-packages/sklearn/utils/validation.py:2749: UserWarning: X does not have valid feature names, but LGBMRegressor was fitted with feature names
candidate-1   |   warnings.warn(
candidate-1   | {"timestamp": "2026-10-01T18:30:53Z", "event": "http_request", "request_id": "b60705c9c6c94afe9b9745f3b4192f4b", "method": "POST", "route": "/predict", "status": 200, "latency_ms": 20.809}
candidate-1   | /opt/project-venv/lib/python3.12/site-packages/sklearn/utils/validation.py:2749: UserWarning: X does not have valid feature names, but LGBMRegressor was fitted with feature names
candidate-1   |   warnings.warn(
candidate-1   | {"timestamp": "2026-10-01T18:30:53Z", "event": "http_request", "request_id": "fcbb7f8258884ffab1bcef19fc5de07b", "method": "POST", "route": "/predict", "status": 200, "latency_ms": 13.224}
candidate-1   | {"timestamp": "2026-10-01T18:30:53Z", "event": "http_request", "request_id": "d9c0f93865d04068a335adb46dfd77cd", "method": "POST", "route": "/predict", "status": 200, "latency_ms": 25.2}
candidate-1   | /opt/project-venv/lib/python3.12/site-packages/sklearn/utils/validation.py:2749: UserWarning: X does not have valid feature names, but LGBMRegressor was fitted with feature names
candidate-1   |   warnings.warn(
candidate-1   | /opt/project-venv/lib/python3.12/site-packages/sklearn/utils/validation.py:2749: UserWarning: X does not have valid feature names, but LGBMRegressor was fitted with feature names
candidate-1   |   warnings.warn(
candidate-1   | /opt/project-venv/lib/python3.12/site-packages/sklearn/utils/validation.py:2749: UserWarning: X does not have valid feature names, but LGBMRegressor was fitted with feature names
candidate-1   |   warnings.warn(
candidate-1   | {"timestamp": "2026-10-01T18:30:53Z", "event": "http_request", "request_id": "742d976fd677423fb18ff9942d560b13", "method": "POST", "route": "/predict", "status": 200, "latency_ms": 20.0}
candidate-1   | {"timestamp": "2026-10-01T18:30:53Z", "event": "http_request", "request_id": "4eda81035e9d4dd1a4e87cc5ee36bd89", "method": "POST", "route": "/predict", "status": 200, "latency_ms": 21.36}
candidate-1   | /opt/project-venv/lib/python3.12/site-packages/sklearn/utils/validation.py:2749: UserWarning: X does not have valid feature names, but LGBMRegressor was fitted with feature names
candidate-1   |   warnings.warn(
candidate-1   | {"timestamp": "2026-10-01T18:30:53Z", "event": "http_request", "request_id": "a60dd610297d43b6b5704c7f804c9a18", "method": "POST", "route": "/predict", "status": 200, "latency_ms": 22.09}
candidate-1   | /opt/project-venv/lib/python3.12/site-packages/sklearn/utils/validation.py:2749: UserWarning: X does not have valid feature names, but LGBMRegressor was fitted with feature names
candidate-1   |   warnings.warn(
candidate-1   | /opt/project-venv/lib/python3.12/site-packages/sklearn/utils/validation.py:2749: UserWarning: X does not have valid feature names, but LGBMRegressor was fitted with feature names
candidate-1   |   warnings.warn(
candidate-1   | {"timestamp": "2026-10-01T18:30:53Z", "event": "http_request", "request_id": "82a2b9ac08e74543a5614129f78d63e9", "method": "POST", "route": "/predict", "status": 200, "latency_ms": 30.331}
candidate-1   | {"timestamp": "2026-10-01T18:30:53Z", "event": "http_request", "request_id": "7c26594b62f744ce8cdaf282a7279e10", "method": "POST", "route": "/predict", "status": 200, "latency_ms": 11.876}
candidate-1   | /opt/project-venv/lib/python3.12/site-packages/sklearn/utils/validation.py:2749: UserWarning: X does not have valid feature names, but LGBMRegressor was fitted with feature names
candidate-1   |   warnings.warn(
candidate-1   | {"timestamp": "2026-10-01T18:30:53Z", "event": "http_request", "request_id": "a80eeebe970d453aba246ceb0f46ebea", "method": "POST", "route": "/predict", "status": 200, "latency_ms": 20.9}
candidate-1   | /opt/project-venv/lib/python3.12/site-packages/sklearn/utils/validation.py:2749: UserWarning: X does not have valid feature names, but LGBMRegressor was fitted with feature names
candidate-1   |   warnings.warn(
candidate-1   | /opt/project-venv/lib/python3.12/site-packages/sklearn/utils/validation.py:2749: UserWarning: X does not have valid feature names, but LGBMRegressor was fitted with feature names
candidate-1   |   warnings.warn(
candidate-1   | /opt/project-venv/lib/python3.12/site-packages/sklearn/utils/validation.py:2749: UserWarning: X does not have valid feature names, but LGBMRegressor was fitted with feature names
candidate-1   |   warnings.warn(
candidate-1   | {"timestamp": "2026-10-01T18:30:53Z", "event": "http_request", "request_id": "621c9c62188c4e74bc3ae9827619e732", "method": "POST", "route": "/predict", "status": 200, "latency_ms": 21.414}
candidate-1   | {"timestamp": "2026-10-01T18:30:53Z", "event": "http_request", "request_id": "376c013173934942a4b53af4d997d0cd", "method": "POST", "route": "/predict", "status": 200, "latency_ms": 26.838}
candidate-1   | {"timestamp": "2026-10-01T18:30:53Z", "event": "http_request", "request_id": "14679f2b804b44098234a8282a635de0", "method": "POST", "route": "/predict", "status": 200, "latency_ms": 24.305}
candidate-1   | /opt/project-venv/lib/python3.12/site-packages/sklearn/utils/validation.py:2749: UserWarning: X does not have valid feature names, but LGBMRegressor was fitted with feature names
candidate-1   |   warnings.warn(
candidate-1   | {"timestamp": "2026-10-01T18:30:53Z", "event": "http_request", "request_id": "4979c8faf8094940a11197495183f69f", "method": "POST", "route": "/predict", "status": 200, "latency_ms": 16.713}
candidate-1   | {"timestamp": "2026-10-01T18:30:53Z", "event": "http_request", "request_id": "0b8ab8e02c3a444398d37d351c4ac959", "method": "POST", "route": "/predict", "status": 200, "latency_ms": 14.013}
candidate-1   | {"timestamp": "2026-10-01T18:30:53Z", "event": "http_request", "request_id": "cf05c06042e9406e91847670e04c1110", "method": "POST", "route": "/predict", "status": 200, "latency_ms": 34.133}
candidate-1   | /opt/project-venv/lib/python3.12/site-packages/sklearn/utils/validation.py:2749: UserWarning: X does not have valid feature names, but LGBMRegressor was fitted with feature names
candidate-1   |   warnings.warn(
candidate-1   | /opt/project-venv/lib/python3.12/site-packages/sklearn/utils/validation.py:2749: UserWarning: X does not have valid feature names, but LGBMRegressor was fitted with feature names
candidate-1   |   warnings.warn(
candidate-1   | {"timestamp": "2026-10-01T18:30:53Z", "event": "http_request", "request_id": "336fd9a77c404e848b2ec599dc029929", "method": "POST", "route": "/predict", "status": 200, "latency_ms": 17.001}
candidate-1   | /opt/project-venv/lib/python3.12/site-packages/sklearn/utils/validation.py:2749: UserWarning: X does not have valid feature names, but LGBMRegressor was fitted with feature names
candidate-1   |   warnings.warn(
candidate-1   | /opt/project-venv/lib/python3.12/site-packages/sklearn/utils/validation.py:2749: UserWarning: X does not have valid feature names, but LGBMRegressor was fitted with feature names
candidate-1   |   warnings.warn(
candidate-1   | {"timestamp": "2026-10-01T18:30:53Z", "event": "http_request", "request_id": "4062b9693bd8431dac74fef772da275a", "method": "POST", "route": "/predict", "status": 200, "latency_ms": 23.202}
candidate-1   | /opt/project-venv/lib/python3.12/site-packages/sklearn/utils/validation.py:2749: UserWarning: X does not have valid feature names, but LGBMRegressor was fitted with feature names
candidate-1   |   warnings.warn(
candidate-1   | {"timestamp": "2026-10-01T18:30:53Z", "event": "http_request", "request_id": "58f7f8a8985d46108028521908466d54", "method": "POST", "route": "/predict", "status": 200, "latency_ms": 22.76}
candidate-1   | {"timestamp": "2026-10-01T18:30:53Z", "event": "http_request", "request_id": "5c86178a76dd48ba9cbe1433d25217be", "method": "POST", "route": "/predict", "status": 200, "latency_ms": 23.085}
candidate-1   | /opt/project-venv/lib/python3.12/site-packages/sklearn/utils/validation.py:2749: UserWarning: X does not have valid feature names, but LGBMRegressor was fitted with feature names
candidate-1   |   warnings.warn(
candidate-1   | /opt/project-venv/lib/python3.12/site-packages/sklearn/utils/validation.py:2749: UserWarning: X does not have valid feature names, but LGBMRegressor was fitted with feature names
candidate-1   |   warnings.warn(
candidate-1   | /opt/project-venv/lib/python3.12/site-packages/sklearn/utils/validation.py:2749: UserWarning: X does not have valid feature names, but LGBMRegressor was fitted with feature names
candidate-1   |   warnings.warn(
candidate-1   | /opt/project-venv/lib/python3.12/site-packages/sklearn/utils/validation.py:2749: UserWarning: X does not have valid feature names, but LGBMRegressor was fitted with feature names
candidate-1   |   warnings.warn(
candidate-1   | {"timestamp": "2026-10-01T18:30:53Z", "event": "http_request", "request_id": "e0a2b6f1171c4eec9c42347d7c95c858", "method": "POST", "route": "/predict", "status": 200, "latency_ms": 20.079}
candidate-1   | {"timestamp": "2026-10-01T18:30:53Z", "event": "http_request", "request_id": "42cca3fb1ab84b36bf756819d73af79c", "method": "POST", "route": "/predict", "status": 200, "latency_ms": 19.615}
candidate-1   | {"timestamp": "2026-10-01T18:30:53Z", "event": "http_request", "request_id": "720ee2d6473145d0884c08688df7572c", "method": "POST", "route": "/predict", "status": 200, "latency_ms": 21.391}
candidate-1   | /opt/project-venv/lib/python3.12/site-packages/sklearn/utils/validation.py:2749: UserWarning: X does not have valid feature names, but LGBMRegressor was fitted with feature names
candidate-1   |   warnings.warn(
candidate-1   | /opt/project-venv/lib/python3.12/site-packages/sklearn/utils/validation.py:2749: UserWarning: X does not have valid feature names, but LGBMRegressor was fitted with feature names
candidate-1   |   warnings.warn(
candidate-1   | {"timestamp": "2026-10-01T18:30:53Z", "event": "http_request", "request_id": "09aaa1b110f245439bccb010d5a4d4f3", "method": "POST", "route": "/predict", "status": 200, "latency_ms": 20.833}
candidate-1   | /opt/project-venv/lib/python3.12/site-packages/sklearn/utils/validation.py:2749: UserWarning: X does not have valid feature names, but LGBMRegressor was fitted with feature names
candidate-1   |   warnings.warn(
candidate-1   | {"timestamp": "2026-10-01T18:30:53Z", "event": "http_request", "request_id": "2d53af1c11104204b3dcbab0826e4b0f", "method": "POST", "route": "/predict", "status": 200, "latency_ms": 23.697}
candidate-1   | {"timestamp": "2026-10-01T18:30:53Z", "event": "http_request", "request_id": "97e4d4fd312c4b91a997cab316ddf732", "method": "POST", "route": "/predict", "status": 200, "latency_ms": 24.73}
candidate-1   | /opt/project-venv/lib/python3.12/site-packages/sklearn/utils/validation.py:2749: UserWarning: X does not have valid feature names, but LGBMRegressor was fitted with feature names
candidate-1   |   warnings.warn(
candidate-1   | /opt/project-venv/lib/python3.12/site-packages/sklearn/utils/validation.py:2749: UserWarning: X does not have valid feature names, but LGBMRegressor was fitted with feature names
candidate-1   |   warnings.warn(
candidate-1   | {"timestamp": "2026-10-01T18:30:53Z", "event": "http_request", "request_id": "921811333cf14315800916c275a71b2f", "method": "POST", "route": "/predict", "status": 200, "latency_ms": 31.259}
candidate-1   | /opt/project-venv/lib/python3.12/site-packages/sklearn/utils/validation.py:2749: UserWarning: X does not have valid feature names, but LGBMRegressor was fitted with feature names
candidate-1   |   warnings.warn(
candidate-1   | {"timestamp": "2026-10-01T18:30:53Z", "event": "http_request", "request_id": "179d3ee02d5a42e2b3ce6d03049837bd", "method": "POST", "route": "/predict", "status": 200, "latency_ms": 22.017}
candidate-1   | /opt/project-venv/lib/python3.12/site-packages/sklearn/utils/validation.py:2749: UserWarning: X does not have valid feature names, but LGBMRegressor was fitted with feature names
candidate-1   |   warnings.warn(
candidate-1   | {"timestamp": "2026-10-01T18:30:53Z", "event": "http_request", "request_id": "91da9fe4c77e4c8fb0025d5fbbc24030", "method": "POST", "route": "/predict", "status": 200, "latency_ms": 22.643}
candidate-1   | /opt/project-venv/lib/python3.12/site-packages/sklearn/utils/validation.py:2749: UserWarning: X does not have valid feature names, but LGBMRegressor was fitted with feature names
candidate-1   |   warnings.warn(
candidate-1   | {"timestamp": "2026-10-01T18:30:53Z", "event": "http_request", "request_id": "6b6b7ed173e14baca9430d5ddf3c680d", "method": "POST", "route": "/predict", "status": 200, "latency_ms": 24.58}
candidate-1   | {"timestamp": "2026-10-01T18:30:53Z", "event": "http_request", "request_id": "5c00bfaf279c4ddbb9f27dcc64bd7bf7", "method": "POST", "route": "/predict", "status": 200, "latency_ms": 22.225}
candidate-1   | /opt/project-venv/lib/python3.12/site-packages/sklearn/utils/validation.py:2749: UserWarning: X does not have valid feature names, but LGBMRegressor was fitted with feature names
candidate-1   |   warnings.warn(
candidate-1   | /opt/project-venv/lib/python3.12/site-packages/sklearn/utils/validation.py:2749: UserWarning: X does not have valid feature names, but LGBMRegressor was fitted with feature names
candidate-1   |   warnings.warn(
candidate-1   | {"timestamp": "2026-10-01T18:30:53Z", "event": "http_request", "request_id": "2cc5eae7959d438abd1647419facfc2d", "method": "POST", "route": "/predict", "status": 200, "latency_ms": 24.577}
candidate-1   | /opt/project-venv/lib/python3.12/site-packages/sklearn/utils/validation.py:2749: UserWarning: X does not have valid feature names, but LGBMRegressor was fitted with feature names
candidate-1   |   warnings.warn(
candidate-1   | {"timestamp": "2026-10-01T18:30:53Z", "event": "http_request", "request_id": "9d1eba564c264ba38ffcaae7a12d8e88", "method": "POST", "route": "/predict", "status": 200, "latency_ms": 24.907}
candidate-1   | {"timestamp": "2026-10-01T18:30:53Z", "event": "http_request", "request_id": "8dfb76fb85ad4780820e6e3100ffae19", "method": "POST", "route": "/predict", "status": 200, "latency_ms": 24.553}
candidate-1   | /opt/project-venv/lib/python3.12/site-packages/sklearn/utils/validation.py:2749: UserWarning: X does not have valid feature names, but LGBMRegressor was fitted with feature names
candidate-1   |   warnings.warn(
candidate-1   | /opt/project-venv/lib/python3.12/site-packages/sklearn/utils/validation.py:2749: UserWarning: X does not have valid feature names, but LGBMRegressor was fitted with feature names
candidate-1   |   warnings.warn(
candidate-1   | {"timestamp": "2026-10-01T18:30:53Z", "event": "http_request", "request_id": "bea9965bed034fcba57ca83a3179c79d", "method": "POST", "route": "/predict", "status": 200, "latency_ms": 22.933}
candidate-1   | {"timestamp": "2026-10-01T18:30:53Z", "event": "http_request", "request_id": "8c9549e9a0cb492dbc9df23290babf00", "method": "POST", "route": "/predict", "status": 200, "latency_ms": 21.953}
candidate-1   | {"timestamp": "2026-10-01T18:30:53Z", "event": "http_request", "request_id": "20d45694c501448584631f78b81050e1", "method": "POST", "route": "/predict", "status": 200, "latency_ms": 19.882}
candidate-1   | /opt/project-venv/lib/python3.12/site-packages/sklearn/utils/validation.py:2749: UserWarning: X does not have valid feature names, but LGBMRegressor was fitted with feature names
candidate-1   |   warnings.warn(
candidate-1   | /opt/project-venv/lib/python3.12/site-packages/sklearn/utils/validation.py:2749: UserWarning: X does not have valid feature names, but LGBMRegressor was fitted with feature names
candidate-1   |   warnings.warn(
candidate-1   | {"timestamp": "2026-10-01T18:30:53Z", "event": "http_request", "request_id": "7797e4995f494901acd04f80af756d11", "method": "POST", "route": "/predict", "status": 200, "latency_ms": 22.614}
candidate-1   | {"timestamp": "2026-10-01T18:30:53Z", "event": "http_request", "request_id": "e16388eda5834d11963cfdc23a841796", "method": "POST", "route": "/predict", "status": 200, "latency_ms": 21.757}
candidate-1   | /opt/project-venv/lib/python3.12/site-packages/sklearn/utils/validation.py:2749: UserWarning: X does not have valid feature names, but LGBMRegressor was fitted with feature names
candidate-1   |   warnings.warn(
candidate-1   | /opt/project-venv/lib/python3.12/site-packages/sklearn/utils/validation.py:2749: UserWarning: X does not have valid feature names, but LGBMRegressor was fitted with feature names
candidate-1   |   warnings.warn(
candidate-1   | {"timestamp": "2026-10-01T18:30:53Z", "event": "http_request", "request_id": "042b380dac874c6e9e51dc5f57f5d338", "method": "POST", "route": "/predict", "status": 200, "latency_ms": 20.282}
candidate-1   | /opt/project-venv/lib/python3.12/site-packages/sklearn/utils/validation.py:2749: UserWarning: X does not have valid feature names, but LGBMRegressor was fitted with feature names
candidate-1   |   warnings.warn(
candidate-1   | {"timestamp": "2026-10-01T18:30:53Z", "event": "http_request", "request_id": "4e80c03c2247487e936c0033509c9658", "method": "POST", "route": "/predict", "status": 200, "latency_ms": 23.624}
candidate-1   | {"timestamp": "2026-10-01T18:30:53Z", "event": "http_request", "request_id": "c7dd3de2f12d4ecea5e8af78bebefb45", "method": "POST", "route": "/predict", "status": 200, "latency_ms": 17.221}
candidate-1   | /opt/project-venv/lib/python3.12/site-packages/sklearn/utils/validation.py:2749: UserWarning: X does not have valid feature names, but LGBMRegressor was fitted with feature names
candidate-1   |   warnings.warn(
candidate-1   | {"timestamp": "2026-10-01T18:30:53Z", "event": "http_request", "request_id": "f5cabd07cd154170b97011968a23250d", "method": "POST", "route": "/predict", "status": 200, "latency_ms": 20.74}
candidate-1   | /opt/project-venv/lib/python3.12/site-packages/sklearn/utils/validation.py:2749: UserWarning: X does not have valid feature names, but LGBMRegressor was fitted with feature names
candidate-1   |   warnings.warn(
candidate-1   | {"timestamp": "2026-10-01T18:30:53Z", "event": "http_request", "request_id": "af0fe41e0fa34246b36279bfd6d0c8aa", "method": "POST", "route": "/predict", "status": 200, "latency_ms": 24.103}
candidate-1   | /opt/project-venv/lib/python3.12/site-packages/sklearn/utils/validation.py:2749: UserWarning: X does not have valid feature names, but LGBMRegressor was fitted with feature names
candidate-1   |   warnings.warn(
candidate-1   | {"timestamp": "2026-10-01T18:30:53Z", "event": "http_request", "request_id": "40f81a9cebd14911ba1cf1cf2663a1cc", "method": "POST", "route": "/predict", "status": 200, "latency_ms": 23.706}
candidate-1   | {"timestamp": "2026-10-01T18:30:53Z", "event": "http_request", "request_id": "37dd61a86ef84b2389fe79ca3377c01d", "method": "POST", "route": "/predict", "status": 200, "latency_ms": 23.167}
candidate-1   | /opt/project-venv/lib/python3.12/site-packages/sklearn/utils/validation.py:2749: UserWarning: X does not have valid feature names, but LGBMRegressor was fitted with feature names
candidate-1   |   warnings.warn(
candidate-1   | /opt/project-venv/lib/python3.12/site-packages/sklearn/utils/validation.py:2749: UserWarning: X does not have valid feature names, but LGBMRegressor was fitted with feature names
candidate-1   |   warnings.warn(
candidate-1   | /opt/project-venv/lib/python3.12/site-packages/sklearn/utils/validation.py:2749: UserWarning: X does not have valid feature names, but LGBMRegressor was fitted with feature names
candidate-1   |   warnings.warn(
candidate-1   | /opt/project-venv/lib/python3.12/site-packages/sklearn/utils/validation.py:2749: UserWarning: X does not have valid feature names, but LGBMRegressor was fitted with feature names
candidate-1   |   warnings.warn(
candidate-1   | /opt/project-venv/lib/python3.12/site-packages/sklearn/utils/validation.py:2749: UserWarning: X does not have valid feature names, but LGBMRegressor was fitted with feature names
candidate-1   |   warnings.warn(
candidate-1   | {"timestamp": "2026-10-01T18:30:53Z", "event": "http_request", "request_id": "316f397ff5ad4453800ff0a7475a2f30", "method": "POST", "route": "/predict", "status": 200, "latency_ms": 28.555}
candidate-1   | {"timestamp": "2026-10-01T18:30:53Z", "event": "http_request", "request_id": "3f0bd19abf4a4bbeb034f76f26600dae", "method": "POST", "route": "/predict", "status": 200, "latency_ms": 19.527}
candidate-1   | /opt/project-venv/lib/python3.12/site-packages/sklearn/utils/validation.py:2749: UserWarning: X does not have valid feature names, but LGBMRegressor was fitted with feature names
candidate-1   |   warnings.warn(
candidate-1   | /opt/project-venv/lib/python3.12/site-packages/sklearn/utils/validation.py:2749: UserWarning: X does not have valid feature names, but LGBMRegressor was fitted with feature names
candidate-1   |   warnings.warn(
candidate-1   | {"timestamp": "2026-10-01T18:30:53Z", "event": "http_request", "request_id": "a2dff3e28ce94499b529b43b87042bd6", "method": "POST", "route": "/predict", "status": 200, "latency_ms": 29.8}
candidate-1   | /opt/project-venv/lib/python3.12/site-packages/sklearn/utils/validation.py:2749: UserWarning: X does not have valid feature names, but LGBMRegressor was fitted with feature names
candidate-1   |   warnings.warn(
candidate-1   | {"timestamp": "2026-10-01T18:30:53Z", "event": "http_request", "request_id": "1ea3b3fcaf834d66984bd044800c40e6", "method": "POST", "route": "/predict", "status": 200, "latency_ms": 31.28}
candidate-1   | /opt/project-venv/lib/python3.12/site-packages/sklearn/utils/validation.py:2749: UserWarning: X does not have valid feature names, but LGBMRegressor was fitted with feature names
candidate-1   |   warnings.warn(
candidate-1   | {"timestamp": "2026-10-01T18:30:53Z", "event": "http_request", "request_id": "be60eed6ee144d45a697aa5634702d56", "method": "POST", "route": "/predict", "status": 200, "latency_ms": 22.997}
candidate-1   | {"timestamp": "2026-10-01T18:30:53Z", "event": "http_request", "request_id": "13da98f0cd7f4ab7afcdc1a39ce3883b", "method": "POST", "route": "/predict", "status": 200, "latency_ms": 26.995}
candidate-1   | {"timestamp": "2026-10-01T18:30:53Z", "event": "http_request", "request_id": "f68e07f5821b48669151ef866789d8a3", "method": "POST", "route": "/predict", "status": 200, "latency_ms": 27.829}
candidate-1   | /opt/project-venv/lib/python3.12/site-packages/sklearn/utils/validation.py:2749: UserWarning: X does not have valid feature names, but LGBMRegressor was fitted with feature names
candidate-1   |   warnings.warn(
candidate-1   | {"timestamp": "2026-10-01T18:30:53Z", "event": "http_request", "request_id": "972bc22bb65143c484b2a61f39d0dd97", "method": "POST", "route": "/predict", "status": 200, "latency_ms": 18.76}
candidate-1   | /opt/project-venv/lib/python3.12/site-packages/sklearn/utils/validation.py:2749: UserWarning: X does not have valid feature names, but LGBMRegressor was fitted with feature names
candidate-1   |   warnings.warn(
candidate-1   | {"timestamp": "2026-10-01T18:30:53Z", "event": "http_request", "request_id": "dc7d646e1b8c4ac9a10a7b3aaac6aadc", "method": "POST", "route": "/predict", "status": 200, "latency_ms": 28.635}
candidate-1   | /opt/project-venv/lib/python3.12/site-packages/sklearn/utils/validation.py:2749: UserWarning: X does not have valid feature names, but LGBMRegressor was fitted with feature names
candidate-1   |   warnings.warn(
candidate-1   | /opt/project-venv/lib/python3.12/site-packages/sklearn/utils/validation.py:2749: UserWarning: X does not have valid feature names, but LGBMRegressor was fitted with feature names
candidate-1   |   warnings.warn(
candidate-1   | {"timestamp": "2026-10-01T18:30:53Z", "event": "http_request", "request_id": "21a2d31630c043db9eb7cdfd29a73f0e", "method": "POST", "route": "/predict", "status": 200, "latency_ms": 26.053}
candidate-1   | /opt/project-venv/lib/python3.12/site-packages/sklearn/utils/validation.py:2749: UserWarning: X does not have valid feature names, but LGBMRegressor was fitted with feature names
candidate-1   |   warnings.warn(
candidate-1   | {"timestamp": "2026-10-01T18:30:53Z", "event": "http_request", "request_id": "dc13c5d356be4e09abc52b84029f4a34", "method": "POST", "route": "/predict", "status": 200, "latency_ms": 24.153}
candidate-1   | {"timestamp": "2026-10-01T18:30:53Z", "event": "http_request", "request_id": "757704fcae26457ab075affa307e899b", "method": "POST", "route": "/predict", "status": 200, "latency_ms": 19.302}
candidate-1   | {"timestamp": "2026-10-01T18:30:53Z", "event": "http_request", "request_id": "dad7254545304945b573db3a9bd1223a", "method": "POST", "route": "/predict", "status": 200, "latency_ms": 12.32}
candidate-1   | {"timestamp": "2026-10-01T18:30:53Z", "event": "http_request", "request_id": "bb4ae7eaa4ae45edbeec9f52226fe5ec", "method": "POST", "route": "/predict", "status": 200, "latency_ms": 17.066}
candidate-1   | /opt/project-venv/lib/python3.12/site-packages/sklearn/utils/validation.py:2749: UserWarning: X does not have valid feature names, but LGBMRegressor was fitted with feature names
candidate-1   |   warnings.warn(
candidate-1   | /opt/project-venv/lib/python3.12/site-packages/sklearn/utils/validation.py:2749: UserWarning: X does not have valid feature names, but LGBMRegressor was fitted with feature names
candidate-1   |   warnings.warn(
candidate-1   | /opt/project-venv/lib/python3.12/site-packages/sklearn/utils/validation.py:2749: UserWarning: X does not have valid feature names, but LGBMRegressor was fitted with feature names
candidate-1   |   warnings.warn(
candidate-1   | {"timestamp": "2026-10-01T18:30:53Z", "event": "http_request", "request_id": "a9b0dc539275432bb840dc24e838702a", "method": "POST", "route": "/predict", "status": 200, "latency_ms": 28.974}
candidate-1   | /opt/project-venv/lib/python3.12/site-packages/sklearn/utils/validation.py:2749: UserWarning: X does not have valid feature names, but LGBMRegressor was fitted with feature names
candidate-1   |   warnings.warn(
candidate-1   | {"timestamp": "2026-10-01T18:30:53Z", "event": "http_request", "request_id": "62873ae20a634c5cb4e50a908caba4de", "method": "POST", "route": "/predict", "status": 200, "latency_ms": 14.643}
candidate-1   | {"timestamp": "2026-10-01T18:30:53Z", "event": "http_request", "request_id": "6345a23d7f5e4413b5ece4dca3659a00", "method": "POST", "route": "/predict", "status": 200, "latency_ms": 15.497}
candidate-1   | /opt/project-venv/lib/python3.12/site-packages/sklearn/utils/validation.py:2749: UserWarning: X does not have valid feature names, but LGBMRegressor was fitted with feature names
candidate-1   |   warnings.warn(
candidate-1   | /opt/project-venv/lib/python3.12/site-packages/sklearn/utils/validation.py:2749: UserWarning: X does not have valid feature names, but LGBMRegressor was fitted with feature names
candidate-1   |   warnings.warn(
candidate-1   | {"timestamp": "2026-10-01T18:30:53Z", "event": "http_request", "request_id": "a812d5df58b3440a8b6bdc58afa321e9", "method": "POST", "route": "/predict", "status": 200, "latency_ms": 18.315}
candidate-1   | /opt/project-venv/lib/python3.12/site-packages/sklearn/utils/validation.py:2749: UserWarning: X does not have valid feature names, but LGBMRegressor was fitted with feature names
candidate-1   |   warnings.warn(
candidate-1   | {"timestamp": "2026-10-01T18:30:53Z", "event": "http_request", "request_id": "bd275ab8200f4e33bfaa9250645fc44f", "method": "POST", "route": "/predict", "status": 200, "latency_ms": 29.199}
candidate-1   | {"timestamp": "2026-10-01T18:30:53Z", "event": "http_request", "request_id": "08454773cd004cd396e6e7d3ea8589bb", "method": "POST", "route": "/predict", "status": 200, "latency_ms": 30.624}
candidate-1   | /opt/project-venv/lib/python3.12/site-packages/sklearn/utils/validation.py:2749: UserWarning: X does not have valid feature names, but LGBMRegressor was fitted with feature names
candidate-1   |   warnings.warn(
candidate-1   | /opt/project-venv/lib/python3.12/site-packages/sklearn/utils/validation.py:2749: UserWarning: X does not have valid feature names, but LGBMRegressor was fitted with feature names
candidate-1   |   warnings.warn(
candidate-1   | {"timestamp": "2026-10-01T18:30:53Z", "event": "http_request", "request_id": "35b708ee5935444aa310749911a45f2e", "method": "POST", "route": "/predict", "status": 200, "latency_ms": 20.193}
candidate-1   | {"timestamp": "2026-10-01T18:30:53Z", "event": "http_request", "request_id": "6487206f9994486690bfd7bc804d6c2a", "method": "POST", "route": "/predict", "status": 200, "latency_ms": 21.946}
candidate-1   | /opt/project-venv/lib/python3.12/site-packages/sklearn/utils/validation.py:2749: UserWarning: X does not have valid feature names, but LGBMRegressor was fitted with feature names
candidate-1   |   warnings.warn(
candidate-1   | {"timestamp": "2026-10-01T18:30:53Z", "event": "http_request", "request_id": "97a2272557ad45a6aaed032887a9d940", "method": "POST", "route": "/predict", "status": 200, "latency_ms": 22.11}
candidate-1   | /opt/project-venv/lib/python3.12/site-packages/sklearn/utils/validation.py:2749: UserWarning: X does not have valid feature names, but LGBMRegressor was fitted with feature names
candidate-1   |   warnings.warn(
candidate-1   | {"timestamp": "2026-10-01T18:30:53Z", "event": "http_request", "request_id": "f29508dbe2d542468692e19d0e1ccb31", "method": "POST", "route": "/predict", "status": 200, "latency_ms": 23.507}
candidate-1   | /opt/project-venv/lib/python3.12/site-packages/sklearn/utils/validation.py:2749: UserWarning: X does not have valid feature names, but LGBMRegressor was fitted with feature names
candidate-1   |   warnings.warn(
candidate-1   | {"timestamp": "2026-10-01T18:30:53Z", "event": "http_request", "request_id": "2ea938123319429bbc87cec03c7a0828", "method": "POST", "route": "/predict", "status": 200, "latency_ms": 21.015}
candidate-1   | /opt/project-venv/lib/python3.12/site-packages/sklearn/utils/validation.py:2749: UserWarning: X does not have valid feature names, but LGBMRegressor was fitted with feature names
candidate-1   |   warnings.warn(
candidate-1   | {"timestamp": "2026-10-01T18:30:53Z", "event": "http_request", "request_id": "8a049bdfe1e649e2b22319274caad468", "method": "POST", "route": "/predict", "status": 200, "latency_ms": 29.703}
candidate-1   | {"timestamp": "2026-10-01T18:30:53Z", "event": "http_request", "request_id": "c8ef305d068745fb9cdba3fa8085957d", "method": "POST", "route": "/predict", "status": 200, "latency_ms": 23.963}
candidate-1   | /opt/project-venv/lib/python3.12/site-packages/sklearn/utils/validation.py:2749: UserWarning: X does not have valid feature names, but LGBMRegressor was fitted with feature names
candidate-1   |   warnings.warn(
candidate-1   | /opt/project-venv/lib/python3.12/site-packages/sklearn/utils/validation.py:2749: UserWarning: X does not have valid feature names, but LGBMRegressor was fitted with feature names
candidate-1   |   warnings.warn(
candidate-1   | {"timestamp": "2026-10-01T18:30:53Z", "event": "http_request", "request_id": "7b447818497542c8b2a9f5ba0bf83682", "method": "POST", "route": "/predict", "status": 200, "latency_ms": 26.463}
candidate-1   | {"timestamp": "2026-10-01T18:30:53Z", "event": "http_request", "request_id": "0c9193ff8b09438c82c1c1e9cea94667", "method": "POST", "route": "/predict", "status": 200, "latency_ms": 23.259}
candidate-1   | /opt/project-venv/lib/python3.12/site-packages/sklearn/utils/validation.py:2749: UserWarning: X does not have valid feature names, but LGBMRegressor was fitted with feature names
candidate-1   |   warnings.warn(
candidate-1   | {"timestamp": "2026-10-01T18:30:53Z", "event": "http_request", "request_id": "9f8648f1de4246fe958e26f1845a50b0", "method": "POST", "route": "/predict", "status": 200, "latency_ms": 23.708}
candidate-1   | /opt/project-venv/lib/python3.12/site-packages/sklearn/utils/validation.py:2749: UserWarning: X does not have valid feature names, but LGBMRegressor was fitted with feature names
candidate-1   |   warnings.warn(
candidate-1   | /opt/project-venv/lib/python3.12/site-packages/sklearn/utils/validation.py:2749: UserWarning: X does not have valid feature names, but LGBMRegressor was fitted with feature names
candidate-1   |   warnings.warn(
candidate-1   | {"timestamp": "2026-10-01T18:30:53Z", "event": "http_request", "request_id": "f2874f6d6f6c48a6b8bde76e475bc7e5", "method": "POST", "route": "/predict", "status": 200, "latency_ms": 25.633}
candidate-1   | {"timestamp": "2026-10-01T18:30:53Z", "event": "http_request", "request_id": "1bf7ee914a5e4b61bcfa7bef13aa8c75", "method": "POST", "route": "/predict", "status": 200, "latency_ms": 25.533}
candidate-1   | /opt/project-venv/lib/python3.12/site-packages/sklearn/utils/validation.py:2749: UserWarning: X does not have valid feature names, but LGBMRegressor was fitted with feature names
candidate-1   |   warnings.warn(
candidate-1   | {"timestamp": "2026-10-01T18:30:53Z", "event": "http_request", "request_id": "e5118d88b4d74835b43f95682d85f542", "method": "POST", "route": "/predict", "status": 200, "latency_ms": 24.12}
candidate-1   | /opt/project-venv/lib/python3.12/site-packages/sklearn/utils/validation.py:2749: UserWarning: X does not have valid feature names, but LGBMRegressor was fitted with feature names
candidate-1   |   warnings.warn(
candidate-1   | {"timestamp": "2026-10-01T18:30:53Z", "event": "http_request", "request_id": "9f0932a6e62c490ab49154b57e2d105a", "method": "POST", "route": "/predict", "status": 200, "latency_ms": 27.469}
candidate-1   | {"timestamp": "2026-10-01T18:30:53Z", "event": "http_request", "request_id": "dd2691e76752486282f104069d853066", "method": "POST", "route": "/predict", "status": 200, "latency_ms": 25.607}
candidate-1   | /opt/project-venv/lib/python3.12/site-packages/sklearn/utils/validation.py:2749: UserWarning: X does not have valid feature names, but LGBMRegressor was fitted with feature names
candidate-1   |   warnings.warn(
candidate-1   | /opt/project-venv/lib/python3.12/site-packages/sklearn/utils/validation.py:2749: UserWarning: X does not have valid feature names, but LGBMRegressor was fitted with feature names
candidate-1   |   warnings.warn(
candidate-1   | /opt/project-venv/lib/python3.12/site-packages/sklearn/utils/validation.py:2749: UserWarning: X does not have valid feature names, but LGBMRegressor was fitted with feature names
candidate-1   |   warnings.warn(
candidate-1   | /opt/project-venv/lib/python3.12/site-packages/sklearn/utils/validation.py:2749: UserWarning: X does not have valid feature names, but LGBMRegressor was fitted with feature names
candidate-1   |   warnings.warn(
candidate-1   | /opt/project-venv/lib/python3.12/site-packages/sklearn/utils/validation.py:2749: UserWarning: X does not have valid feature names, but LGBMRegressor was fitted with feature names
candidate-1   |   warnings.warn(
candidate-1   | /opt/project-venv/lib/python3.12/site-packages/sklearn/utils/validation.py:2749: UserWarning: X does not have valid feature names, but LGBMRegressor was fitted with feature names
candidate-1   |   warnings.warn(
candidate-1   | {"timestamp": "2026-10-01T18:30:53Z", "event": "http_request", "request_id": "412008af36034a4eb2f39dcfe2748255", "method": "POST", "route": "/predict", "status": 200, "latency_ms": 32.209}
candidate-1   | {"timestamp": "2026-10-01T18:30:53Z", "event": "http_request", "request_id": "8e3ca9e552ed4125bc44739ece100b59", "method": "POST", "route": "/predict", "status": 200, "latency_ms": 30.902}
candidate-1   | {"timestamp": "2026-10-01T18:30:53Z", "event": "http_request", "request_id": "a4b034ea13b346ee90850b3a528691d0", "method": "POST", "route": "/predict", "status": 200, "latency_ms": 26.219}
candidate-1   | /opt/project-venv/lib/python3.12/site-packages/sklearn/utils/validation.py:2749: UserWarning: X does not have valid feature names, but LGBMRegressor was fitted with feature names
candidate-1   |   warnings.warn(
candidate-1   | /opt/project-venv/lib/python3.12/site-packages/sklearn/utils/validation.py:2749: UserWarning: X does not have valid feature names, but LGBMRegressor was fitted with feature names
candidate-1   |   warnings.warn(
candidate-1   | {"timestamp": "2026-10-01T18:30:53Z", "event": "http_request", "request_id": "c7eec92ffdec4daabd46a9683acf381b", "method": "POST", "route": "/predict", "status": 200, "latency_ms": 28.743}
candidate-1   | {"timestamp": "2026-10-01T18:30:53Z", "event": "http_request", "request_id": "1f812758d18541969c87e48b9ca62ca6", "method": "POST", "route": "/predict", "status": 200, "latency_ms": 30.029}
candidate-1   | /opt/project-venv/lib/python3.12/site-packages/sklearn/utils/validation.py:2749: UserWarning: X does not have valid feature names, but LGBMRegressor was fitted with feature names
candidate-1   |   warnings.warn(
candidate-1   | {"timestamp": "2026-10-01T18:30:53Z", "event": "http_request", "request_id": "823f82206ac6449aa3dba851ccacef4f", "method": "POST", "route": "/predict", "status": 200, "latency_ms": 27.715}
candidate-1   | /opt/project-venv/lib/python3.12/site-packages/sklearn/utils/validation.py:2749: UserWarning: X does not have valid feature names, but LGBMRegressor was fitted with feature names
candidate-1   |   warnings.warn(
candidate-1   | {"timestamp": "2026-10-01T18:30:53Z", "event": "http_request", "request_id": "b7919e21ee434911a7b90d450f143986", "method": "POST", "route": "/predict", "status": 200, "latency_ms": 31.129}
candidate-1   | {"timestamp": "2026-10-01T18:30:53Z", "event": "http_request", "request_id": "ac812d546ee44642b45fc314d0c69006", "method": "POST", "route": "/predict", "status": 200, "latency_ms": 27.564}
candidate-1   | /opt/project-venv/lib/python3.12/site-packages/sklearn/utils/validation.py:2749: UserWarning: X does not have valid feature names, but LGBMRegressor was fitted with feature names
candidate-1   |   warnings.warn(
candidate-1   | {"timestamp": "2026-10-01T18:30:53Z", "event": "http_request", "request_id": "ad6ff0ab598348c4b1fe1ace89df9e39", "method": "POST", "route": "/predict", "status": 200, "latency_ms": 24.882}
candidate-1   | {"timestamp": "2026-10-01T18:30:53Z", "event": "http_request", "request_id": "c46c1c47fa6549fbb145d610b31d1952", "method": "POST", "route": "/predict", "status": 200, "latency_ms": 30.064}
candidate-1   | /opt/project-venv/lib/python3.12/site-packages/sklearn/utils/validation.py:2749: UserWarning: X does not have valid feature names, but LGBMRegressor was fitted with feature names
candidate-1   |   warnings.warn(
candidate-1   | {"timestamp": "2026-10-01T18:30:53Z", "event": "http_request", "request_id": "aca3632dee5b4135bb75c82c0a7ec1c0", "method": "POST", "route": "/predict", "status": 200, "latency_ms": 18.594}
candidate-1   | /opt/project-venv/lib/python3.12/site-packages/sklearn/utils/validation.py:2749: UserWarning: X does not have valid feature names, but LGBMRegressor was fitted with feature names
candidate-1   |   warnings.warn(
candidate-1   | {"timestamp": "2026-10-01T18:30:53Z", "event": "http_request", "request_id": "bf8654e274de43fd8a06ac1793783502", "method": "POST", "route": "/predict", "status": 200, "latency_ms": 20.81}
candidate-1   | /opt/project-venv/lib/python3.12/site-packages/sklearn/utils/validation.py:2749: UserWarning: X does not have valid feature names, but LGBMRegressor was fitted with feature names
candidate-1   |   warnings.warn(
candidate-1   | /opt/project-venv/lib/python3.12/site-packages/sklearn/utils/validation.py:2749: UserWarning: X does not have valid feature names, but LGBMRegressor was fitted with feature names
candidate-1   |   warnings.warn(
candidate-1   | /opt/project-venv/lib/python3.12/site-packages/sklearn/utils/validation.py:2749: UserWarning: X does not have valid feature names, but LGBMRegressor was fitted with feature names
candidate-1   |   warnings.warn(
candidate-1   | {"timestamp": "2026-10-01T18:30:53Z", "event": "http_request", "request_id": "485bd060d2e24f0a9efe7780735176bd", "method": "POST", "route": "/predict", "status": 200, "latency_ms": 20.059}
candidate-1   | {"timestamp": "2026-10-01T18:30:53Z", "event": "http_request", "request_id": "dabbe78142f84a3693413b9bfcde37ea", "method": "POST", "route": "/predict", "status": 200, "latency_ms": 26.044}
candidate-1   | /opt/project-venv/lib/python3.12/site-packages/sklearn/utils/validation.py:2749: UserWarning: X does not have valid feature names, but LGBMRegressor was fitted with feature names
candidate-1   |   warnings.warn(
candidate-1   | /opt/project-venv/lib/python3.12/site-packages/sklearn/utils/validation.py:2749: UserWarning: X does not have valid feature names, but LGBMRegressor was fitted with feature names
candidate-1   |   warnings.warn(
candidate-1   | /opt/project-venv/lib/python3.12/site-packages/sklearn/utils/validation.py:2749: UserWarning: X does not have valid feature names, but LGBMRegressor was fitted with feature names
candidate-1   |   warnings.warn(
candidate-1   | /opt/project-venv/lib/python3.12/site-packages/sklearn/utils/validation.py:2749: UserWarning: X does not have valid feature names, but LGBMRegressor was fitted with feature names
candidate-1   |   warnings.warn(
candidate-1   | {"timestamp": "2026-10-01T18:30:53Z", "event": "http_request", "request_id": "b48e867ebd164f72b90659a305474b05", "method": "POST", "route": "/predict", "status": 200, "latency_ms": 33.34}
candidate-1   | /opt/project-venv/lib/python3.12/site-packages/sklearn/utils/validation.py:2749: UserWarning: X does not have valid feature names, but LGBMRegressor was fitted with feature names
candidate-1   |   warnings.warn(
candidate-1   | {"timestamp": "2026-10-01T18:30:53Z", "event": "http_request", "request_id": "d249256ac5974f65b4f3f5212ce710be", "method": "POST", "route": "/predict", "status": 200, "latency_ms": 28.751}
candidate-1   | /opt/project-venv/lib/python3.12/site-packages/sklearn/utils/validation.py:2749: UserWarning: X does not have valid feature names, but LGBMRegressor was fitted with feature names
candidate-1   |   warnings.warn(
candidate-1   | {"timestamp": "2026-10-01T18:30:53Z", "event": "http_request", "request_id": "7d8ff4f98ac44553bfcee46ffc602212", "method": "POST", "route": "/predict", "status": 200, "latency_ms": 29.721}
candidate-1   | /opt/project-venv/lib/python3.12/site-packages/sklearn/utils/validation.py:2749: UserWarning: X does not have valid feature names, but LGBMRegressor was fitted with feature names
candidate-1   |   warnings.warn(
candidate-1   | {"timestamp": "2026-10-01T18:30:53Z", "event": "http_request", "request_id": "9212a418e83e40cdb1f71a66b092fea0", "method": "POST", "route": "/predict", "status": 200, "latency_ms": 35.737}
candidate-1   | /opt/project-venv/lib/python3.12/site-packages/sklearn/utils/validation.py:2749: UserWarning: X does not have valid feature names, but LGBMRegressor was fitted with feature names
candidate-1   |   warnings.warn(
candidate-1   | {"timestamp": "2026-10-01T18:30:53Z", "event": "http_request", "request_id": "0e279a54390f4c1c980ca648ac6122b1", "method": "POST", "route": "/predict", "status": 200, "latency_ms": 31.144}
candidate-1   | /opt/project-venv/lib/python3.12/site-packages/sklearn/utils/validation.py:2749: UserWarning: X does not have valid feature names, but LGBMRegressor was fitted with feature names
candidate-1   |   warnings.warn(
candidate-1   | {"timestamp": "2026-10-01T18:30:53Z", "event": "http_request", "request_id": "03c91c8ff2b24f8084e6417f39d0f8da", "method": "POST", "route": "/predict", "status": 200, "latency_ms": 31.181}
candidate-1   | {"timestamp": "2026-10-01T18:30:53Z", "event": "http_request", "request_id": "e79458fb6f954ea4b1f17bb35d034728", "method": "POST", "route": "/predict", "status": 200, "latency_ms": 31.793}
candidate-1   | /opt/project-venv/lib/python3.12/site-packages/sklearn/utils/validation.py:2749: UserWarning: X does not have valid feature names, but LGBMRegressor was fitted with feature names
candidate-1   |   warnings.warn(
candidate-1   | {"timestamp": "2026-10-01T18:30:53Z", "event": "http_request", "request_id": "590de62250a8416fa4fd7a226e8378be", "method": "POST", "route": "/predict", "status": 200, "latency_ms": 31.17}
candidate-1   | {"timestamp": "2026-10-01T18:30:53Z", "event": "http_request", "request_id": "7d4b209a74994801af1703e1abf4789e", "method": "POST", "route": "/predict", "status": 200, "latency_ms": 22.647}
candidate-1   | /opt/project-venv/lib/python3.12/site-packages/sklearn/utils/validation.py:2749: UserWarning: X does not have valid feature names, but LGBMRegressor was fitted with feature names
candidate-1   |   warnings.warn(
candidate-1   | {"timestamp": "2026-10-01T18:30:53Z", "event": "http_request", "request_id": "5065b3ddb37540abbe0b47b400519b0a", "method": "POST", "route": "/predict", "status": 200, "latency_ms": 18.812}
candidate-1   | {"timestamp": "2026-10-01T18:30:53Z", "event": "http_request", "request_id": "aa17048a8efe443e85361c1958708c7f", "method": "POST", "route": "/predict", "status": 200, "latency_ms": 29.178}
candidate-1   | /opt/project-venv/lib/python3.12/site-packages/sklearn/utils/validation.py:2749: UserWarning: X does not have valid feature names, but LGBMRegressor was fitted with feature names
candidate-1   |   warnings.warn(
candidate-1   | /opt/project-venv/lib/python3.12/site-packages/sklearn/utils/validation.py:2749: UserWarning: X does not have valid feature names, but LGBMRegressor was fitted with feature names
candidate-1   |   warnings.warn(
candidate-1   | {"timestamp": "2026-10-01T18:30:53Z", "event": "http_request", "request_id": "0811aecaa3cc4b638c8f844b1ee66b80", "method": "POST", "route": "/predict", "status": 200, "latency_ms": 21.17}
candidate-1   | /opt/project-venv/lib/python3.12/site-packages/sklearn/utils/validation.py:2749: UserWarning: X does not have valid feature names, but LGBMRegressor was fitted with feature names
candidate-1   |   warnings.warn(
candidate-1   | {"timestamp": "2026-10-01T18:30:53Z", "event": "http_request", "request_id": "0f651e9215614e77ad3b828e13199107", "method": "POST", "route": "/predict", "status": 200, "latency_ms": 20.996}
candidate-1   | {"timestamp": "2026-10-01T18:30:53Z", "event": "http_request", "request_id": "6e7b35bf82d0409a99734437ec577dd0", "method": "POST", "route": "/predict", "status": 200, "latency_ms": 18.187}
candidate-1   | /opt/project-venv/lib/python3.12/site-packages/sklearn/utils/validation.py:2749: UserWarning: X does not have valid feature names, but LGBMRegressor was fitted with feature names
candidate-1   |   warnings.warn(
candidate-1   | {"timestamp": "2026-10-01T18:30:53Z", "event": "http_request", "request_id": "9cbb355e61ec4cbc9e6676d775e098d1", "method": "POST", "route": "/predict", "status": 200, "latency_ms": 17.202}
candidate-1   | /opt/project-venv/lib/python3.12/site-packages/sklearn/utils/validation.py:2749: UserWarning: X does not have valid feature names, but LGBMRegressor was fitted with feature names
candidate-1   |   warnings.warn(
candidate-1   | {"timestamp": "2026-10-01T18:30:53Z", "event": "http_request", "request_id": "2d32b3f8e73e48f58840990dd1ce6fec", "method": "POST", "route": "/predict", "status": 200, "latency_ms": 21.268}
candidate-1   | /opt/project-venv/lib/python3.12/site-packages/sklearn/utils/validation.py:2749: UserWarning: X does not have valid feature names, but LGBMRegressor was fitted with feature names
candidate-1   |   warnings.warn(
candidate-1   | {"timestamp": "2026-10-01T18:30:53Z", "event": "http_request", "request_id": "512b508feb134941a03d9b6529efe259", "method": "POST", "route": "/predict", "status": 200, "latency_ms": 24.676}
candidate-1   | {"timestamp": "2026-10-01T18:30:53Z", "event": "http_request", "request_id": "35b2f1a7ec10423db03234e5a46a365d", "method": "POST", "route": "/predict", "status": 200, "latency_ms": 20.459}
candidate-1   | /opt/project-venv/lib/python3.12/site-packages/sklearn/utils/validation.py:2749: UserWarning: X does not have valid feature names, but LGBMRegressor was fitted with feature names
candidate-1   |   warnings.warn(
candidate-1   | /opt/project-venv/lib/python3.12/site-packages/sklearn/utils/validation.py:2749: UserWarning: X does not have valid feature names, but LGBMRegressor was fitted with feature names
candidate-1   |   warnings.warn(
candidate-1   | {"timestamp": "2026-10-01T18:30:53Z", "event": "http_request", "request_id": "9ad9736f4fdd45d6af80e91413f68720", "method": "POST", "route": "/predict", "status": 200, "latency_ms": 22.5}
candidate-1   | {"timestamp": "2026-10-01T18:30:53Z", "event": "http_request", "request_id": "d2e73aace8df4b9faf462799e2b08a76", "method": "POST", "route": "/predict", "status": 200, "latency_ms": 25.966}
candidate-1   | /opt/project-venv/lib/python3.12/site-packages/sklearn/utils/validation.py:2749: UserWarning: X does not have valid feature names, but LGBMRegressor was fitted with feature names
candidate-1   |   warnings.warn(
candidate-1   | {"timestamp": "2026-10-01T18:30:53Z", "event": "http_request", "request_id": "ad24ee52ad104793886260b782418c3f", "method": "POST", "route": "/predict", "status": 200, "latency_ms": 25.103}
candidate-1   | /opt/project-venv/lib/python3.12/site-packages/sklearn/utils/validation.py:2749: UserWarning: X does not have valid feature names, but LGBMRegressor was fitted with feature names
candidate-1   |   warnings.warn(
candidate-1   | /opt/project-venv/lib/python3.12/site-packages/sklearn/utils/validation.py:2749: UserWarning: X does not have valid feature names, but LGBMRegressor was fitted with feature names
candidate-1   |   warnings.warn(
candidate-1   | /opt/project-venv/lib/python3.12/site-packages/sklearn/utils/validation.py:2749: UserWarning: X does not have valid feature names, but LGBMRegressor was fitted with feature names
candidate-1   |   warnings.warn(
candidate-1   | {"timestamp": "2026-10-01T18:30:53Z", "event": "http_request", "request_id": "330f64703450426a8fd54b0101a81ce0", "method": "POST", "route": "/predict", "status": 200, "latency_ms": 22.232}
candidate-1   | {"timestamp": "2026-10-01T18:30:53Z", "event": "http_request", "request_id": "69a643cd34ec4be89e938c8f12d88602", "method": "POST", "route": "/predict", "status": 200, "latency_ms": 21.728}
candidate-1   | /opt/project-venv/lib/python3.12/site-packages/sklearn/utils/validation.py:2749: UserWarning: X does not have valid feature names, but LGBMRegressor was fitted with feature names
candidate-1   |   warnings.warn(
candidate-1   | /opt/project-venv/lib/python3.12/site-packages/sklearn/utils/validation.py:2749: UserWarning: X does not have valid feature names, but LGBMRegressor was fitted with feature names
candidate-1   |   warnings.warn(
candidate-1   | {"timestamp": "2026-10-01T18:30:53Z", "event": "http_request", "request_id": "1a974016f71541f78ec19707a843c726", "method": "POST", "route": "/predict", "status": 200, "latency_ms": 30.813}
candidate-1   | /opt/project-venv/lib/python3.12/site-packages/sklearn/utils/validation.py:2749: UserWarning: X does not have valid feature names, but LGBMRegressor was fitted with feature names
candidate-1   |   warnings.warn(
candidate-1   | {"timestamp": "2026-10-01T18:30:53Z", "event": "http_request", "request_id": "376f6f11fe7e4ff5901ac7b107169a16", "method": "POST", "route": "/predict", "status": 200, "latency_ms": 27.671}
candidate-1   | /opt/project-venv/lib/python3.12/site-packages/sklearn/utils/validation.py:2749: UserWarning: X does not have valid feature names, but LGBMRegressor was fitted with feature names
candidate-1   |   warnings.warn(
candidate-1   | /opt/project-venv/lib/python3.12/site-packages/sklearn/utils/validation.py:2749: UserWarning: X does not have valid feature names, but LGBMRegressor was fitted with feature names
candidate-1   |   warnings.warn(
candidate-1   | {"timestamp": "2026-10-01T18:30:53Z", "event": "http_request", "request_id": "fa9e0517806346cf808cad8c5d8db43d", "method": "POST", "route": "/predict", "status": 200, "latency_ms": 28.406}
candidate-1   | {"timestamp": "2026-10-01T18:30:53Z", "event": "http_request", "request_id": "9f1975fa258b4043bf46acf7aa2e4f83", "method": "POST", "route": "/predict", "status": 200, "latency_ms": 26.963}
candidate-1   | /opt/project-venv/lib/python3.12/site-packages/sklearn/utils/validation.py:2749: UserWarning: X does not have valid feature names, but LGBMRegressor was fitted with feature names
candidate-1   |   warnings.warn(
candidate-1   | {"timestamp": "2026-10-01T18:30:53Z", "event": "http_request", "request_id": "ac1ce31c49834a60be470ab107914947", "method": "POST", "route": "/predict", "status": 200, "latency_ms": 37.866}
candidate-1   | {"timestamp": "2026-10-01T18:30:53Z", "event": "http_request", "request_id": "6ea7b2ccae0049b8a532787db9da89b9", "method": "POST", "route": "/predict", "status": 200, "latency_ms": 23.234}
candidate-1   | /opt/project-venv/lib/python3.12/site-packages/sklearn/utils/validation.py:2749: UserWarning: X does not have valid feature names, but LGBMRegressor was fitted with feature names
candidate-1   |   warnings.warn(
candidate-1   | /opt/project-venv/lib/python3.12/site-packages/sklearn/utils/validation.py:2749: UserWarning: X does not have valid feature names, but LGBMRegressor was fitted with feature names
candidate-1   |   warnings.warn(
candidate-1   | {"timestamp": "2026-10-01T18:30:53Z", "event": "http_request", "request_id": "153d7fc60dce4e5fb3cae4bf7b1b7ead", "method": "POST", "route": "/predict", "status": 200, "latency_ms": 30.929}
candidate-1   | {"timestamp": "2026-10-01T18:30:53Z", "event": "http_request", "request_id": "fe3630954bef48ffb45c89e97ed1485c", "method": "POST", "route": "/predict", "status": 200, "latency_ms": 25.652}
candidate-1   | /opt/project-venv/lib/python3.12/site-packages/sklearn/utils/validation.py:2749: UserWarning: X does not have valid feature names, but LGBMRegressor was fitted with feature names
candidate-1   |   warnings.warn(
candidate-1   | {"timestamp": "2026-10-01T18:30:53Z", "event": "http_request", "request_id": "34c6a23d2bf04c4693e08ec096a8a021", "method": "POST", "route": "/predict", "status": 200, "latency_ms": 25.065}
candidate-1   | /opt/project-venv/lib/python3.12/site-packages/sklearn/utils/validation.py:2749: UserWarning: X does not have valid feature names, but LGBMRegressor was fitted with feature names
candidate-1   |   warnings.warn(
candidate-1   | {"timestamp": "2026-10-01T18:30:53Z", "event": "http_request", "request_id": "cfb9aebf4c6244c88b2a4a625949650d", "method": "POST", "route": "/predict", "status": 200, "latency_ms": 26.124}
candidate-1   | /opt/project-venv/lib/python3.12/site-packages/sklearn/utils/validation.py:2749: UserWarning: X does not have valid feature names, but LGBMRegressor was fitted with feature names
candidate-1   |   warnings.warn(
candidate-1   | /opt/project-venv/lib/python3.12/site-packages/sklearn/utils/validation.py:2749: UserWarning: X does not have valid feature names, but LGBMRegressor was fitted with feature names
candidate-1   |   warnings.warn(
candidate-1   | {"timestamp": "2026-10-01T18:30:53Z", "event": "http_request", "request_id": "bbae69e7f98a466596045e0c7b09c505", "method": "POST", "route": "/predict", "status": 200, "latency_ms": 23.612}
candidate-1   | {"timestamp": "2026-10-01T18:30:53Z", "event": "http_request", "request_id": "cb8c84e6cbd948aab4fc707974fc866a", "method": "POST", "route": "/predict", "status": 200, "latency_ms": 29.646}
candidate-1   | {"timestamp": "2026-10-01T18:30:53Z", "event": "http_request", "request_id": "1ae02a614f9b4d50b36653c1c51780e9", "method": "POST", "route": "/predict", "status": 200, "latency_ms": 16.478}
candidate-1   | /opt/project-venv/lib/python3.12/site-packages/sklearn/utils/validation.py:2749: UserWarning: X does not have valid feature names, but LGBMRegressor was fitted with feature names
candidate-1   |   warnings.warn(
candidate-1   | /opt/project-venv/lib/python3.12/site-packages/sklearn/utils/validation.py:2749: UserWarning: X does not have valid feature names, but LGBMRegressor was fitted with feature names
candidate-1   |   warnings.warn(
candidate-1   | {"timestamp": "2026-10-01T18:30:53Z", "event": "http_request", "request_id": "83325fc08b154372b5d31f43a2a0f5d6", "method": "POST", "route": "/predict", "status": 200, "latency_ms": 23.694}
candidate-1   | /opt/project-venv/lib/python3.12/site-packages/sklearn/utils/validation.py:2749: UserWarning: X does not have valid feature names, but LGBMRegressor was fitted with feature names
candidate-1   |   warnings.warn(
candidate-1   | {"timestamp": "2026-10-01T18:30:53Z", "event": "http_request", "request_id": "c36de8400d7e412f80c01e52229c4f14", "method": "POST", "route": "/predict", "status": 200, "latency_ms": 28.548}
candidate-1   | /opt/project-venv/lib/python3.12/site-packages/sklearn/utils/validation.py:2749: UserWarning: X does not have valid feature names, but LGBMRegressor was fitted with feature names
candidate-1   |   warnings.warn(
candidate-1   | {"timestamp": "2026-10-01T18:30:53Z", "event": "http_request", "request_id": "a660b2cd4f1a42bbb741c622a42fadd5", "method": "POST", "route": "/predict", "status": 200, "latency_ms": 31.42}
candidate-1   | {"timestamp": "2026-10-01T18:30:53Z", "event": "http_request", "request_id": "9516712f9f10449eabb07253e905f4c3", "method": "POST", "route": "/predict", "status": 200, "latency_ms": 19.905}
candidate-1   | /opt/project-venv/lib/python3.12/site-packages/sklearn/utils/validation.py:2749: UserWarning: X does not have valid feature names, but LGBMRegressor was fitted with feature names
candidate-1   |   warnings.warn(
candidate-1   | /opt/project-venv/lib/python3.12/site-packages/sklearn/utils/validation.py:2749: UserWarning: X does not have valid feature names, but LGBMRegressor was fitted with feature names
candidate-1   |   warnings.warn(
candidate-1   | {"timestamp": "2026-10-01T18:30:53Z", "event": "http_request", "request_id": "3254b12a7ee447d1bc491960fd287793", "method": "POST", "route": "/predict", "status": 200, "latency_ms": 23.697}
candidate-1   | /opt/project-venv/lib/python3.12/site-packages/sklearn/utils/validation.py:2749: UserWarning: X does not have valid feature names, but LGBMRegressor was fitted with feature names
candidate-1   |   warnings.warn(
candidate-1   | /opt/project-venv/lib/python3.12/site-packages/sklearn/utils/validation.py:2749: UserWarning: X does not have valid feature names, but LGBMRegressor was fitted with feature names
candidate-1   |   warnings.warn(
candidate-1   | {"timestamp": "2026-10-01T18:30:53Z", "event": "http_request", "request_id": "e86616c58237428692c3bae247433c3f", "method": "POST", "route": "/predict", "status": 200, "latency_ms": 29.147}
candidate-1   | /opt/project-venv/lib/python3.12/site-packages/sklearn/utils/validation.py:2749: UserWarning: X does not have valid feature names, but LGBMRegressor was fitted with feature names
candidate-1   |   warnings.warn(
candidate-1   | {"timestamp": "2026-10-01T18:30:53Z", "event": "http_request", "request_id": "8807acb52f1e4fa3b51ade4252bad58f", "method": "POST", "route": "/predict", "status": 200, "latency_ms": 28.311}
candidate-1   | {"timestamp": "2026-10-01T18:30:53Z", "event": "http_request", "request_id": "13ed0bf2961a420588baea00bfd48cb1", "method": "POST", "route": "/predict", "status": 200, "latency_ms": 26.765}
candidate-1   | /opt/project-venv/lib/python3.12/site-packages/sklearn/utils/validation.py:2749: UserWarning: X does not have valid feature names, but LGBMRegressor was fitted with feature names
candidate-1   |   warnings.warn(
candidate-1   | /opt/project-venv/lib/python3.12/site-packages/sklearn/utils/validation.py:2749: UserWarning: X does not have valid feature names, but LGBMRegressor was fitted with feature names
candidate-1   |   warnings.warn(
candidate-1   | {"timestamp": "2026-10-01T18:30:53Z", "event": "http_request", "request_id": "81e059e9005f424c981c5743093037bb", "method": "POST", "route": "/predict", "status": 200, "latency_ms": 29.709}
candidate-1   | /opt/project-venv/lib/python3.12/site-packages/sklearn/utils/validation.py:2749: UserWarning: X does not have valid feature names, but LGBMRegressor was fitted with feature names
candidate-1   |   warnings.warn(
candidate-1   | /opt/project-venv/lib/python3.12/site-packages/sklearn/utils/validation.py:2749: UserWarning: X does not have valid feature names, but LGBMRegressor was fitted with feature names
candidate-1   |   warnings.warn(
candidate-1   | {"timestamp": "2026-10-01T18:30:53Z", "event": "http_request", "request_id": "a5535fc86a8d4684a5970c44b5c1f4b0", "method": "POST", "route": "/predict", "status": 200, "latency_ms": 32.971}
candidate-1   | /opt/project-venv/lib/python3.12/site-packages/sklearn/utils/validation.py:2749: UserWarning: X does not have valid feature names, but LGBMRegressor was fitted with feature names
candidate-1   |   warnings.warn(
candidate-1   | {"timestamp": "2026-10-01T18:30:53Z", "event": "http_request", "request_id": "7648c5ee23174573b78c33d3fdf9909d", "method": "POST", "route": "/predict", "status": 200, "latency_ms": 28.051}
candidate-1   | /opt/project-venv/lib/python3.12/site-packages/sklearn/utils/validation.py:2749: UserWarning: X does not have valid feature names, but LGBMRegressor was fitted with feature names
candidate-1   |   warnings.warn(
candidate-1   | /opt/project-venv/lib/python3.12/site-packages/sklearn/utils/validation.py:2749: UserWarning: X does not have valid feature names, but LGBMRegressor was fitted with feature names
candidate-1   |   warnings.warn(
candidate-1   | {"timestamp": "2026-10-01T18:30:53Z", "event": "http_request", "request_id": "b732c0fcb83c4c86b1505a2284cbc209", "method": "POST", "route": "/predict", "status": 200, "latency_ms": 32.491}
candidate-1   | /opt/project-venv/lib/python3.12/site-packages/sklearn/utils/validation.py:2749: UserWarning: X does not have valid feature names, but LGBMRegressor was fitted with feature names
candidate-1   |   warnings.warn(
candidate-1   | {"timestamp": "2026-10-01T18:30:53Z", "event": "http_request", "request_id": "ecf609dfdc5b455ba53505b54bae03fe", "method": "POST", "route": "/predict", "status": 200, "latency_ms": 29.315}
candidate-1   | {"timestamp": "2026-10-01T18:30:53Z", "event": "http_request", "request_id": "d8696b6db895488e9c36f8ad58ab3aaf", "method": "POST", "route": "/predict", "status": 200, "latency_ms": 21.3}
candidate-1   | /opt/project-venv/lib/python3.12/site-packages/sklearn/utils/validation.py:2749: UserWarning: X does not have valid feature names, but LGBMRegressor was fitted with feature names
candidate-1   |   warnings.warn(
candidate-1   | /opt/project-venv/lib/python3.12/site-packages/sklearn/utils/validation.py:2749: UserWarning: X does not have valid feature names, but LGBMRegressor was fitted with feature names
candidate-1   |   warnings.warn(
candidate-1   | {"timestamp": "2026-10-01T18:30:53Z", "event": "http_request", "request_id": "810f296ff946492baecd4753c2e2ae32", "method": "POST", "route": "/predict", "status": 200, "latency_ms": 29.079}
candidate-1   | {"timestamp": "2026-10-01T18:30:53Z", "event": "http_request", "request_id": "806f907e308a48b49a298b0d56b95c81", "method": "POST", "route": "/predict", "status": 200, "latency_ms": 37.133}
candidate-1   | /opt/project-venv/lib/python3.12/site-packages/sklearn/utils/validation.py:2749: UserWarning: X does not have valid feature names, but LGBMRegressor was fitted with feature names
candidate-1   |   warnings.warn(
candidate-1   | {"timestamp": "2026-10-01T18:30:53Z", "event": "http_request", "request_id": "a7757f1ce5a94e6baeb2a0c327c79928", "method": "POST", "route": "/predict", "status": 200, "latency_ms": 24.776}
candidate-1   | {"timestamp": "2026-10-01T18:30:53Z", "event": "http_request", "request_id": "cadfd60caefe4aec9e841ec7e1996488", "method": "POST", "route": "/predict", "status": 200, "latency_ms": 24.655}
candidate-1   | {"timestamp": "2026-10-01T18:30:53Z", "event": "http_request", "request_id": "e593cf1940fd49bba88cad07360495cd", "method": "POST", "route": "/predict", "status": 200, "latency_ms": 21.55}
candidate-1   | /opt/project-venv/lib/python3.12/site-packages/sklearn/utils/validation.py:2749: UserWarning: X does not have valid feature names, but LGBMRegressor was fitted with feature names
candidate-1   |   warnings.warn(
candidate-1   | {"timestamp": "2026-10-01T18:30:53Z", "event": "http_request", "request_id": "cb65b344716e4c34ad2d2e807a30dc7e", "method": "POST", "route": "/predict", "status": 200, "latency_ms": 16.873}
candidate-1   | /opt/project-venv/lib/python3.12/site-packages/sklearn/utils/validation.py:2749: UserWarning: X does not have valid feature names, but LGBMRegressor was fitted with feature names
candidate-1   |   warnings.warn(
candidate-1   | {"timestamp": "2026-10-01T18:30:53Z", "event": "http_request", "request_id": "fceec999866240849d409d311c2199cf", "method": "POST", "route": "/predict", "status": 200, "latency_ms": 21.963}
candidate-1   | /opt/project-venv/lib/python3.12/site-packages/sklearn/utils/validation.py:2749: UserWarning: X does not have valid feature names, but LGBMRegressor was fitted with feature names
candidate-1   |   warnings.warn(
candidate-1   | {"timestamp": "2026-10-01T18:30:53Z", "event": "http_request", "request_id": "056cba1e333d43c5a2c090a252d964de", "method": "POST", "route": "/predict", "status": 200, "latency_ms": 16.444}
candidate-1   | {"timestamp": "2026-10-01T18:30:53Z", "event": "http_request", "request_id": "a8e149ec6cb14bd59463f720fedff65a", "method": "POST", "route": "/predict", "status": 200, "latency_ms": 19.398}
candidate-1   | /opt/project-venv/lib/python3.12/site-packages/sklearn/utils/validation.py:2749: UserWarning: X does not have valid feature names, but LGBMRegressor was fitted with feature names
candidate-1   |   warnings.warn(
candidate-1   | {"timestamp": "2026-10-01T18:30:53Z", "event": "http_request", "request_id": "2e4941724d564047b36f9a044a6af334", "method": "POST", "route": "/predict", "status": 200, "latency_ms": 16.744}
candidate-1   | /opt/project-venv/lib/python3.12/site-packages/sklearn/utils/validation.py:2749: UserWarning: X does not have valid feature names, but LGBMRegressor was fitted with feature names
candidate-1   |   warnings.warn(
candidate-1   | /opt/project-venv/lib/python3.12/site-packages/sklearn/utils/validation.py:2749: UserWarning: X does not have valid feature names, but LGBMRegressor was fitted with feature names
candidate-1   |   warnings.warn(
candidate-1   | {"timestamp": "2026-10-01T18:30:53Z", "event": "http_request", "request_id": "be5d604c4f94455591fa1839cee098f2", "method": "POST", "route": "/predict", "status": 200, "latency_ms": 19.683}
candidate-1   | {"timestamp": "2026-10-01T18:30:53Z", "event": "http_request", "request_id": "178e3cd842704747beadebc174cb91b4", "method": "POST", "route": "/predict", "status": 200, "latency_ms": 12.992}
candidate-1   | /opt/project-venv/lib/python3.12/site-packages/sklearn/utils/validation.py:2749: UserWarning: X does not have valid feature names, but LGBMRegressor was fitted with feature names
candidate-1   |   warnings.warn(
candidate-1   | /opt/project-venv/lib/python3.12/site-packages/sklearn/utils/validation.py:2749: UserWarning: X does not have valid feature names, but LGBMRegressor was fitted with feature names
candidate-1   |   warnings.warn(
candidate-1   | {"timestamp": "2026-10-01T18:30:53Z", "event": "http_request", "request_id": "59c7c8bd6df348dead17b3f9eedfd88a", "method": "POST", "route": "/predict", "status": 200, "latency_ms": 18.798}
candidate-1   | /opt/project-venv/lib/python3.12/site-packages/sklearn/utils/validation.py:2749: UserWarning: X does not have valid feature names, but LGBMRegressor was fitted with feature names
candidate-1   |   warnings.warn(
candidate-1   | /opt/project-venv/lib/python3.12/site-packages/sklearn/utils/validation.py:2749: UserWarning: X does not have valid feature names, but LGBMRegressor was fitted with feature names
candidate-1   |   warnings.warn(
candidate-1   | {"timestamp": "2026-10-01T18:30:53Z", "event": "http_request", "request_id": "1bec1b7685904850b5ff3b9f38d0cdfd", "method": "POST", "route": "/predict", "status": 200, "latency_ms": 27.989}
candidate-1   | /opt/project-venv/lib/python3.12/site-packages/sklearn/utils/validation.py:2749: UserWarning: X does not have valid feature names, but LGBMRegressor was fitted with feature names
candidate-1   |   warnings.warn(
candidate-1   | {"timestamp": "2026-10-01T18:30:53Z", "event": "http_request", "request_id": "6d00da701a8342f0af2636f4b2e308f0", "method": "POST", "route": "/predict", "status": 200, "latency_ms": 22.68}
candidate-1   | /opt/project-venv/lib/python3.12/site-packages/sklearn/utils/validation.py:2749: UserWarning: X does not have valid feature names, but LGBMRegressor was fitted with feature names
candidate-1   |   warnings.warn(
candidate-1   | {"timestamp": "2026-10-01T18:30:53Z", "event": "http_request", "request_id": "8bf5782a84fc42a9a5006be88973572d", "method": "POST", "route": "/predict", "status": 200, "latency_ms": 30.091}
candidate-1   | /opt/project-venv/lib/python3.12/site-packages/sklearn/utils/validation.py:2749: UserWarning: X does not have valid feature names, but LGBMRegressor was fitted with feature names
candidate-1   |   warnings.warn(
candidate-1   | /opt/project-venv/lib/python3.12/site-packages/sklearn/utils/validation.py:2749: UserWarning: X does not have valid feature names, but LGBMRegressor was fitted with feature names
candidate-1   |   warnings.warn(
candidate-1   | {"timestamp": "2026-10-01T18:30:53Z", "event": "http_request", "request_id": "ad3fc4ef2b1545ffa9bc21be08205c60", "method": "POST", "route": "/predict", "status": 200, "latency_ms": 24.957}
candidate-1   | /opt/project-venv/lib/python3.12/site-packages/sklearn/utils/validation.py:2749: UserWarning: X does not have valid feature names, but LGBMRegressor was fitted with feature names
candidate-1   |   warnings.warn(
candidate-1   | {"timestamp": "2026-10-01T18:30:53Z", "event": "http_request", "request_id": "a04782e88a704c78a649591257eb2d92", "method": "POST", "route": "/predict", "status": 200, "latency_ms": 34.261}
candidate-1   | {"timestamp": "2026-10-01T18:30:53Z", "event": "http_request", "request_id": "d43eefbd2d3d4c4e81348d62b165fb3e", "method": "POST", "route": "/predict", "status": 200, "latency_ms": 25.137}
candidate-1   | /opt/project-venv/lib/python3.12/site-packages/sklearn/utils/validation.py:2749: UserWarning: X does not have valid feature names, but LGBMRegressor was fitted with feature names
candidate-1   |   warnings.warn(
candidate-1   | {"timestamp": "2026-10-01T18:30:53Z", "event": "http_request", "request_id": "7bf2389b034c4248b5a68e6743a73658", "method": "POST", "route": "/predict", "status": 200, "latency_ms": 31.817}
candidate-1   | /opt/project-venv/lib/python3.12/site-packages/sklearn/utils/validation.py:2749: UserWarning: X does not have valid feature names, but LGBMRegressor was fitted with feature names
candidate-1   |   warnings.warn(
candidate-1   | {"timestamp": "2026-10-01T18:30:53Z", "event": "http_request", "request_id": "faf76403fa1649718d3b2410f97b79a2", "method": "POST", "route": "/predict", "status": 200, "latency_ms": 25.232}
candidate-1   | {"timestamp": "2026-10-01T18:30:53Z", "event": "http_request", "request_id": "4551579c72504218ac83e12aa5ab8439", "method": "POST", "route": "/predict", "status": 200, "latency_ms": 29.528}
candidate-1   | /opt/project-venv/lib/python3.12/site-packages/sklearn/utils/validation.py:2749: UserWarning: X does not have valid feature names, but LGBMRegressor was fitted with feature names
candidate-1   |   warnings.warn(
candidate-1   | {"timestamp": "2026-10-01T18:30:53Z", "event": "http_request", "request_id": "220b3ce011e94be5804c0e1decfc4f0d", "method": "POST", "route": "/predict", "status": 200, "latency_ms": 24.529}
candidate-1   | /opt/project-venv/lib/python3.12/site-packages/sklearn/utils/validation.py:2749: UserWarning: X does not have valid feature names, but LGBMRegressor was fitted with feature names
candidate-1   |   warnings.warn(
candidate-1   | /opt/project-venv/lib/python3.12/site-packages/sklearn/utils/validation.py:2749: UserWarning: X does not have valid feature names, but LGBMRegressor was fitted with feature names
candidate-1   |   warnings.warn(
candidate-1   | {"timestamp": "2026-10-01T18:30:53Z", "event": "http_request", "request_id": "9c8adda698c149f5b19db8006a480a94", "method": "POST", "route": "/predict", "status": 200, "latency_ms": 25.473}
candidate-1   | /opt/project-venv/lib/python3.12/site-packages/sklearn/utils/validation.py:2749: UserWarning: X does not have valid feature names, but LGBMRegressor was fitted with feature names
candidate-1   |   warnings.warn(
candidate-1   | {"timestamp": "2026-10-01T18:30:53Z", "event": "http_request", "request_id": "620fabc923e24bcb86c940e3ea1cc804", "method": "POST", "route": "/predict", "status": 200, "latency_ms": 28.73}
candidate-1   | /opt/project-venv/lib/python3.12/site-packages/sklearn/utils/validation.py:2749: UserWarning: X does not have valid feature names, but LGBMRegressor was fitted with feature names
candidate-1   |   warnings.warn(
candidate-1   | {"timestamp": "2026-10-01T18:30:53Z", "event": "http_request", "request_id": "40f0f2acb32e4d55ad862ba5460d1a6e", "method": "POST", "route": "/predict", "status": 200, "latency_ms": 19.81}
candidate-1   | /opt/project-venv/lib/python3.12/site-packages/sklearn/utils/validation.py:2749: UserWarning: X does not have valid feature names, but LGBMRegressor was fitted with feature names
candidate-1   |   warnings.warn(
candidate-1   | {"timestamp": "2026-10-01T18:30:53Z", "event": "http_request", "request_id": "e425a1c566c7445fbd07eb8fb1521a5e", "method": "POST", "route": "/predict", "status": 200, "latency_ms": 24.898}
candidate-1   | /opt/project-venv/lib/python3.12/site-packages/sklearn/utils/validation.py:2749: UserWarning: X does not have valid feature names, but LGBMRegressor was fitted with feature names
candidate-1   |   warnings.warn(
candidate-1   | {"timestamp": "2026-10-01T18:30:53Z", "event": "http_request", "request_id": "bef05c4c00c3489ca99bb89d3e90480a", "method": "POST", "route": "/predict", "status": 200, "latency_ms": 22.35}
candidate-1   | /opt/project-venv/lib/python3.12/site-packages/sklearn/utils/validation.py:2749: UserWarning: X does not have valid feature names, but LGBMRegressor was fitted with feature names
candidate-1   |   warnings.warn(
candidate-1   | /opt/project-venv/lib/python3.12/site-packages/sklearn/utils/validation.py:2749: UserWarning: X does not have valid feature names, but LGBMRegressor was fitted with feature names
candidate-1   |   warnings.warn(
candidate-1   | {"timestamp": "2026-10-01T18:30:53Z", "event": "http_request", "request_id": "f33a001a145b4814be6f3e15f5b47d7f", "method": "POST", "route": "/predict", "status": 200, "latency_ms": 24.177}
candidate-1   | /opt/project-venv/lib/python3.12/site-packages/sklearn/utils/validation.py:2749: UserWarning: X does not have valid feature names, but LGBMRegressor was fitted with feature names
candidate-1   |   warnings.warn(
candidate-1   | {"timestamp": "2026-10-01T18:30:53Z", "event": "http_request", "request_id": "6305d7c582bb45e8a910198d3d6ba806", "method": "POST", "route": "/predict", "status": 200, "latency_ms": 29.807}
candidate-1   | /opt/project-venv/lib/python3.12/site-packages/sklearn/utils/validation.py:2749: UserWarning: X does not have valid feature names, but LGBMRegressor was fitted with feature names
candidate-1   |   warnings.warn(
candidate-1   | {"timestamp": "2026-10-01T18:30:53Z", "event": "http_request", "request_id": "635c0051e29b455281224c37768b8f08", "method": "POST", "route": "/predict", "status": 200, "latency_ms": 27.081}
candidate-1   | /opt/project-venv/lib/python3.12/site-packages/sklearn/utils/validation.py:2749: UserWarning: X does not have valid feature names, but LGBMRegressor was fitted with feature names
candidate-1   |   warnings.warn(
candidate-1   | {"timestamp": "2026-10-01T18:30:53Z", "event": "http_request", "request_id": "804e5cedf6174cbeb8f01b21f8eda0b7", "method": "POST", "route": "/predict", "status": 200, "latency_ms": 29.903}
candidate-1   | /opt/project-venv/lib/python3.12/site-packages/sklearn/utils/validation.py:2749: UserWarning: X does not have valid feature names, but LGBMRegressor was fitted with feature names
candidate-1   |   warnings.warn(
candidate-1   | {"timestamp": "2026-10-01T18:30:53Z", "event": "http_request", "request_id": "bf4ee52e47624769af8a0fb587d2c50d", "method": "POST", "route": "/predict", "status": 200, "latency_ms": 28.517}
candidate-1   | /opt/project-venv/lib/python3.12/site-packages/sklearn/utils/validation.py:2749: UserWarning: X does not have valid feature names, but LGBMRegressor was fitted with feature names
candidate-1   |   warnings.warn(
candidate-1   | {"timestamp": "2026-10-01T18:30:53Z", "event": "http_request", "request_id": "eee39d712c484993b3911de89d976671", "method": "POST", "route": "/predict", "status": 200, "latency_ms": 25.564}
candidate-1   | {"timestamp": "2026-10-01T18:30:53Z", "event": "http_request", "request_id": "a9022ab926264874a4cc5e09808bc49b", "method": "POST", "route": "/predict", "status": 200, "latency_ms": 23.939}
candidate-1   | /opt/project-venv/lib/python3.12/site-packages/sklearn/utils/validation.py:2749: UserWarning: X does not have valid feature names, but LGBMRegressor was fitted with feature names
candidate-1   |   warnings.warn(
candidate-1   | {"timestamp": "2026-10-01T18:30:53Z", "event": "http_request", "request_id": "be8944c853f640389f78bc4c84a7dfb9", "method": "POST", "route": "/predict", "status": 200, "latency_ms": 26.053}
candidate-1   | {"timestamp": "2026-10-01T18:30:53Z", "event": "http_request", "request_id": "81cfe22b0f28484ca6e70c3cae31eeaa", "method": "POST", "route": "/predict", "status": 200, "latency_ms": 23.585}
candidate-1   | /opt/project-venv/lib/python3.12/site-packages/sklearn/utils/validation.py:2749: UserWarning: X does not have valid feature names, but LGBMRegressor was fitted with feature names
candidate-1   |   warnings.warn(
candidate-1   | {"timestamp": "2026-10-01T18:30:53Z", "event": "http_request", "request_id": "dfe1a931bda04a1ca2a186e320c9b590", "method": "POST", "route": "/predict", "status": 200, "latency_ms": 24.397}
candidate-1   | /opt/project-venv/lib/python3.12/site-packages/sklearn/utils/validation.py:2749: UserWarning: X does not have valid feature names, but LGBMRegressor was fitted with feature names
candidate-1   |   warnings.warn(
candidate-1   | {"timestamp": "2026-10-01T18:30:53Z", "event": "http_request", "request_id": "86b84577bf654d08b3408294f1e3c299", "method": "POST", "route": "/predict", "status": 200, "latency_ms": 21.66}
candidate-1   | {"timestamp": "2026-10-01T18:30:53Z", "event": "http_request", "request_id": "23f2722452704669a77c8111b955026e", "method": "POST", "route": "/predict", "status": 200, "latency_ms": 22.559}
candidate-1   | /opt/project-venv/lib/python3.12/site-packages/sklearn/utils/validation.py:2749: UserWarning: X does not have valid feature names, but LGBMRegressor was fitted with feature names
candidate-1   |   warnings.warn(
candidate-1   | /opt/project-venv/lib/python3.12/site-packages/sklearn/utils/validation.py:2749: UserWarning: X does not have valid feature names, but LGBMRegressor was fitted with feature names
candidate-1   |   warnings.warn(
candidate-1   | /opt/project-venv/lib/python3.12/site-packages/sklearn/utils/validation.py:2749: UserWarning: X does not have valid feature names, but LGBMRegressor was fitted with feature names
candidate-1   |   warnings.warn(
candidate-1   | {"timestamp": "2026-10-01T18:30:53Z", "event": "http_request", "request_id": "875a2916925c41bf923d620c0701c46d", "method": "POST", "route": "/predict", "status": 200, "latency_ms": 26.729}
candidate-1   | {"timestamp": "2026-10-01T18:30:53Z", "event": "http_request", "request_id": "db72cfb9afe54a6fb47539649c8c688c", "method": "POST", "route": "/predict", "status": 200, "latency_ms": 24.372}
candidate-1   | /opt/project-venv/lib/python3.12/site-packages/sklearn/utils/validation.py:2749: UserWarning: X does not have valid feature names, but LGBMRegressor was fitted with feature names
candidate-1   |   warnings.warn(
candidate-1   | /opt/project-venv/lib/python3.12/site-packages/sklearn/utils/validation.py:2749: UserWarning: X does not have valid feature names, but LGBMRegressor was fitted with feature names
candidate-1   |   warnings.warn(
candidate-1   | {"timestamp": "2026-10-01T18:30:53Z", "event": "http_request", "request_id": "727d4348381643a6831c8d69fe9cb42c", "method": "POST", "route": "/predict", "status": 200, "latency_ms": 24.224}
candidate-1   | /opt/project-venv/lib/python3.12/site-packages/sklearn/utils/validation.py:2749: UserWarning: X does not have valid feature names, but LGBMRegressor was fitted with feature names
candidate-1   |   warnings.warn(
candidate-1   | {"timestamp": "2026-10-01T18:30:53Z", "event": "http_request", "request_id": "6c8da6ed835242f9879f2eedd94216a4", "method": "POST", "route": "/predict", "status": 200, "latency_ms": 26.01}
candidate-1   | /opt/project-venv/lib/python3.12/site-packages/sklearn/utils/validation.py:2749: UserWarning: X does not have valid feature names, but LGBMRegressor was fitted with feature names
candidate-1   |   warnings.warn(
candidate-1   | {"timestamp": "2026-10-01T18:30:53Z", "event": "http_request", "request_id": "b840aede932845d79d1251c2bd9fb5e9", "method": "POST", "route": "/predict", "status": 200, "latency_ms": 28.35}
candidate-1   | /opt/project-venv/lib/python3.12/site-packages/sklearn/utils/validation.py:2749: UserWarning: X does not have valid feature names, but LGBMRegressor was fitted with feature names
candidate-1   |   warnings.warn(
candidate-1   | {"timestamp": "2026-10-01T18:30:53Z", "event": "http_request", "request_id": "ad68a881df35460fa535e090da13578e", "method": "POST", "route": "/predict", "status": 200, "latency_ms": 24.524}
candidate-1   | {"timestamp": "2026-10-01T18:30:53Z", "event": "http_request", "request_id": "8353a9ba8cfc4bb1b37d59795cf4c193", "method": "POST", "route": "/predict", "status": 200, "latency_ms": 25.496}
candidate-1   | /opt/project-venv/lib/python3.12/site-packages/sklearn/utils/validation.py:2749: UserWarning: X does not have valid feature names, but LGBMRegressor was fitted with feature names
candidate-1   |   warnings.warn(
candidate-1   | /opt/project-venv/lib/python3.12/site-packages/sklearn/utils/validation.py:2749: UserWarning: X does not have valid feature names, but LGBMRegressor was fitted with feature names
candidate-1   |   warnings.warn(
candidate-1   | {"timestamp": "2026-10-01T18:30:53Z", "event": "http_request", "request_id": "f3d4ecbbd52a41b685783f1a42f8e414", "method": "POST", "route": "/predict", "status": 200, "latency_ms": 28.194}
candidate-1   | {"timestamp": "2026-10-01T18:30:53Z", "event": "http_request", "request_id": "a9fa395a9e414730958c8c1433547329", "method": "POST", "route": "/predict", "status": 200, "latency_ms": 25.567}
candidate-1   | /opt/project-venv/lib/python3.12/site-packages/sklearn/utils/validation.py:2749: UserWarning: X does not have valid feature names, but LGBMRegressor was fitted with feature names
candidate-1   |   warnings.warn(
candidate-1   | {"timestamp": "2026-10-01T18:30:53Z", "event": "http_request", "request_id": "bb4d45e4fa9948afb861b25938f12786", "method": "POST", "route": "/predict", "status": 200, "latency_ms": 27.561}
candidate-1   | /opt/project-venv/lib/python3.12/site-packages/sklearn/utils/validation.py:2749: UserWarning: X does not have valid feature names, but LGBMRegressor was fitted with feature names
candidate-1   |   warnings.warn(
candidate-1   | {"timestamp": "2026-10-01T18:30:53Z", "event": "http_request", "request_id": "674e6f795671436c806b9527e2d5fc51", "method": "POST", "route": "/predict", "status": 200, "latency_ms": 25.03}
candidate-1   | /opt/project-venv/lib/python3.12/site-packages/sklearn/utils/validation.py:2749: UserWarning: X does not have valid feature names, but LGBMRegressor was fitted with feature names
candidate-1   |   warnings.warn(
candidate-1   | /opt/project-venv/lib/python3.12/site-packages/sklearn/utils/validation.py:2749: UserWarning: X does not have valid feature names, but LGBMRegressor was fitted with feature names
candidate-1   |   warnings.warn(
candidate-1   | {"timestamp": "2026-10-01T18:30:53Z", "event": "http_request", "request_id": "cc1c66bca1b4411fb27f445a573d629f", "method": "POST", "route": "/predict", "status": 200, "latency_ms": 24.481}
candidate-1   | {"timestamp": "2026-10-01T18:30:53Z", "event": "http_request", "request_id": "6d541329dc174a8dbb7ca5d7827be31a", "method": "POST", "route": "/predict", "status": 200, "latency_ms": 23.302}
candidate-1   | /opt/project-venv/lib/python3.12/site-packages/sklearn/utils/validation.py:2749: UserWarning: X does not have valid feature names, but LGBMRegressor was fitted with feature names
candidate-1   |   warnings.warn(
candidate-1   | {"timestamp": "2026-10-01T18:30:53Z", "event": "http_request", "request_id": "4f95cf5c84f943189265fcd975b47d15", "method": "POST", "route": "/predict", "status": 200, "latency_ms": 32.672}
candidate-1   | /opt/project-venv/lib/python3.12/site-packages/sklearn/utils/validation.py:2749: UserWarning: X does not have valid feature names, but LGBMRegressor was fitted with feature names
candidate-1   |   warnings.warn(
candidate-1   | /opt/project-venv/lib/python3.12/site-packages/sklearn/utils/validation.py:2749: UserWarning: X does not have valid feature names, but LGBMRegressor was fitted with feature names
candidate-1   |   warnings.warn(
candidate-1   | {"timestamp": "2026-10-01T18:30:53Z", "event": "http_request", "request_id": "b77134a3db254aa488ac5ea1365ae2eb", "method": "POST", "route": "/predict", "status": 200, "latency_ms": 22.67}
candidate-1   | /opt/project-venv/lib/python3.12/site-packages/sklearn/utils/validation.py:2749: UserWarning: X does not have valid feature names, but LGBMRegressor was fitted with feature names
candidate-1   |   warnings.warn(
candidate-1   | {"timestamp": "2026-10-01T18:30:53Z", "event": "http_request", "request_id": "0e55b99b63554e2d8781aaf5f782dcbf", "method": "POST", "route": "/predict", "status": 200, "latency_ms": 29.926}
candidate-1   | /opt/project-venv/lib/python3.12/site-packages/sklearn/utils/validation.py:2749: UserWarning: X does not have valid feature names, but LGBMRegressor was fitted with feature names
candidate-1   |   warnings.warn(
candidate-1   | /opt/project-venv/lib/python3.12/site-packages/sklearn/utils/validation.py:2749: UserWarning: X does not have valid feature names, but LGBMRegressor was fitted with feature names
candidate-1   |   warnings.warn(
candidate-1   | {"timestamp": "2026-10-01T18:30:53Z", "event": "http_request", "request_id": "f5588d3fe9b746168ede733a7cced95c", "method": "POST", "route": "/predict", "status": 200, "latency_ms": 27.629}
candidate-1   | {"timestamp": "2026-10-01T18:30:53Z", "event": "http_request", "request_id": "b69563b8ef7844e09a10eab10b831e7e", "method": "POST", "route": "/predict", "status": 200, "latency_ms": 27.007}
candidate-1   | /opt/project-venv/lib/python3.12/site-packages/sklearn/utils/validation.py:2749: UserWarning: X does not have valid feature names, but LGBMRegressor was fitted with feature names
candidate-1   |   warnings.warn(
candidate-1   | /opt/project-venv/lib/python3.12/site-packages/sklearn/utils/validation.py:2749: UserWarning: X does not have valid feature names, but LGBMRegressor was fitted with feature names
candidate-1   |   warnings.warn(
candidate-1   | {"timestamp": "2026-10-01T18:30:53Z", "event": "http_request", "request_id": "eb1bd108e8c44e28a5f3ed88221bf8ec", "method": "POST", "route": "/predict", "status": 200, "latency_ms": 28.445}
candidate-1   | /opt/project-venv/lib/python3.12/site-packages/sklearn/utils/validation.py:2749: UserWarning: X does not have valid feature names, but LGBMRegressor was fitted with feature names
candidate-1   |   warnings.warn(
candidate-1   | /opt/project-venv/lib/python3.12/site-packages/sklearn/utils/validation.py:2749: UserWarning: X does not have valid feature names, but LGBMRegressor was fitted with feature names
candidate-1   |   warnings.warn(
candidate-1   | {"timestamp": "2026-10-01T18:30:53Z", "event": "http_request", "request_id": "adf7bc640e2b4861afd9b208355daef3", "method": "POST", "route": "/predict", "status": 200, "latency_ms": 33.348}
candidate-1   | /opt/project-venv/lib/python3.12/site-packages/sklearn/utils/validation.py:2749: UserWarning: X does not have valid feature names, but LGBMRegressor was fitted with feature names
candidate-1   |   warnings.warn(
candidate-1   | /opt/project-venv/lib/python3.12/site-packages/sklearn/utils/validation.py:2749: UserWarning: X does not have valid feature names, but LGBMRegressor was fitted with feature names
candidate-1   |   warnings.warn(
candidate-1   | {"timestamp": "2026-10-01T18:30:53Z", "event": "http_request", "request_id": "cf938350a74048d48337a30693cf53c5", "method": "POST", "route": "/predict", "status": 200, "latency_ms": 23.774}
candidate-1   | /opt/project-venv/lib/python3.12/site-packages/sklearn/utils/validation.py:2749: UserWarning: X does not have valid feature names, but LGBMRegressor was fitted with feature names
candidate-1   |   warnings.warn(
candidate-1   | {"timestamp": "2026-10-01T18:30:53Z", "event": "http_request", "request_id": "8ea16683e14c44219331d575929fe507", "method": "POST", "route": "/predict", "status": 200, "latency_ms": 20.007}
candidate-1   | {"timestamp": "2026-10-01T18:30:53Z", "event": "http_request", "request_id": "2cc8722949c245a29526106a981a055b", "method": "POST", "route": "/predict", "status": 200, "latency_ms": 30.017}
candidate-1   | {"timestamp": "2026-10-01T18:30:53Z", "event": "http_request", "request_id": "00e8f6d537de42f792ed02be0dc987af", "method": "POST", "route": "/predict", "status": 200, "latency_ms": 30.855}
candidate-1   | /opt/project-venv/lib/python3.12/site-packages/sklearn/utils/validation.py:2749: UserWarning: X does not have valid feature names, but LGBMRegressor was fitted with feature names
candidate-1   |   warnings.warn(
candidate-1   | {"timestamp": "2026-10-01T18:30:53Z", "event": "http_request", "request_id": "7d81945eec574a12a2de4c3d79e68e13", "method": "POST", "route": "/predict", "status": 200, "latency_ms": 38.226}
candidate-1   | {"timestamp": "2026-10-01T18:30:53Z", "event": "http_request", "request_id": "d7bb3c029e764c349e68270318467086", "method": "POST", "route": "/predict", "status": 200, "latency_ms": 23.736}
candidate-1   | /opt/project-venv/lib/python3.12/site-packages/sklearn/utils/validation.py:2749: UserWarning: X does not have valid feature names, but LGBMRegressor was fitted with feature names
candidate-1   |   warnings.warn(
candidate-1   | {"timestamp": "2026-10-01T18:30:53Z", "event": "http_request", "request_id": "197fe539a2f6499ca62a38d9f97ffb69", "method": "POST", "route": "/predict", "status": 200, "latency_ms": 20.934}
candidate-1   | {"timestamp": "2026-10-01T18:30:53Z", "event": "http_request", "request_id": "802d94868e9247c5a4e0d46b979e7eb0", "method": "POST", "route": "/predict", "status": 200, "latency_ms": 14.914}
candidate-1   | {"timestamp": "2026-10-01T18:30:53Z", "event": "http_request", "request_id": "1410cf02175e4df98519c113d12c3617", "method": "POST", "route": "/predict", "status": 200, "latency_ms": 19.817}
candidate-1   | /opt/project-venv/lib/python3.12/site-packages/sklearn/utils/validation.py:2749: UserWarning: X does not have valid feature names, but LGBMRegressor was fitted with feature names
candidate-1   |   warnings.warn(
candidate-1   | {"timestamp": "2026-10-01T18:30:53Z", "event": "http_request", "request_id": "3568ccf4629c467595261bf9b8932e3e", "method": "POST", "route": "/predict", "status": 200, "latency_ms": 14.534}
candidate-1   | /opt/project-venv/lib/python3.12/site-packages/sklearn/utils/validation.py:2749: UserWarning: X does not have valid feature names, but LGBMRegressor was fitted with feature names
candidate-1   |   warnings.warn(
candidate-1   | {"timestamp": "2026-10-01T18:30:53Z", "event": "http_request", "request_id": "a4cd27cb79574b9184b38bc32b415253", "method": "POST", "route": "/predict", "status": 200, "latency_ms": 13.825}
candidate-1   | /opt/project-venv/lib/python3.12/site-packages/sklearn/utils/validation.py:2749: UserWarning: X does not have valid feature names, but LGBMRegressor was fitted with feature names
candidate-1   |   warnings.warn(
candidate-1   | /opt/project-venv/lib/python3.12/site-packages/sklearn/utils/validation.py:2749: UserWarning: X does not have valid feature names, but LGBMRegressor was fitted with feature names
candidate-1   |   warnings.warn(
candidate-1   | /opt/project-venv/lib/python3.12/site-packages/sklearn/utils/validation.py:2749: UserWarning: X does not have valid feature names, but LGBMRegressor was fitted with feature names
candidate-1   |   warnings.warn(
candidate-1   | {"timestamp": "2026-10-01T18:30:53Z", "event": "http_request", "request_id": "7b49d54b3ab74ae99445ce6f29cce795", "method": "POST", "route": "/predict", "status": 200, "latency_ms": 18.81}
candidate-1   | {"timestamp": "2026-10-01T18:30:53Z", "event": "http_request", "request_id": "e0ac55da65c54700b106bf59a766fe4d", "method": "POST", "route": "/predict", "status": 200, "latency_ms": 18.081}
candidate-1   | /opt/project-venv/lib/python3.12/site-packages/sklearn/utils/validation.py:2749: UserWarning: X does not have valid feature names, but LGBMRegressor was fitted with feature names
candidate-1   |   warnings.warn(
candidate-1   | /opt/project-venv/lib/python3.12/site-packages/sklearn/utils/validation.py:2749: UserWarning: X does not have valid feature names, but LGBMRegressor was fitted with feature names
candidate-1   |   warnings.warn(
candidate-1   | {"timestamp": "2026-10-01T18:30:53Z", "event": "http_request", "request_id": "6abc06d13c55479c9446b9153441cd47", "method": "POST", "route": "/predict", "status": 200, "latency_ms": 21.819}
candidate-1   | /opt/project-venv/lib/python3.12/site-packages/sklearn/utils/validation.py:2749: UserWarning: X does not have valid feature names, but LGBMRegressor was fitted with feature names
candidate-1   |   warnings.warn(
candidate-1   | /opt/project-venv/lib/python3.12/site-packages/sklearn/utils/validation.py:2749: UserWarning: X does not have valid feature names, but LGBMRegressor was fitted with feature names
candidate-1   |   warnings.warn(
candidate-1   | {"timestamp": "2026-10-01T18:30:53Z", "event": "http_request", "request_id": "fa46505e88de4bf2936abaa3c90491ce", "method": "POST", "route": "/predict", "status": 200, "latency_ms": 19.847}
candidate-1   | {"timestamp": "2026-10-01T18:30:53Z", "event": "http_request", "request_id": "159af726322049efb410e30a3f5f4c82", "method": "POST", "route": "/predict", "status": 200, "latency_ms": 23.597}
candidate-1   | /opt/project-venv/lib/python3.12/site-packages/sklearn/utils/validation.py:2749: UserWarning: X does not have valid feature names, but LGBMRegressor was fitted with feature names
candidate-1   |   warnings.warn(
candidate-1   | /opt/project-venv/lib/python3.12/site-packages/sklearn/utils/validation.py:2749: UserWarning: X does not have valid feature names, but LGBMRegressor was fitted with feature names
candidate-1   |   warnings.warn(
candidate-1   | {"timestamp": "2026-10-01T18:30:53Z", "event": "http_request", "request_id": "0fb6c82c569e4cd2818305cf2d84630d", "method": "POST", "route": "/predict", "status": 200, "latency_ms": 18.451}
candidate-1   | /opt/project-venv/lib/python3.12/site-packages/sklearn/utils/validation.py:2749: UserWarning: X does not have valid feature names, but LGBMRegressor was fitted with feature names
candidate-1   |   warnings.warn(
candidate-1   | {"timestamp": "2026-10-01T18:30:53Z", "event": "http_request", "request_id": "fbf14bbc1dc844679bd372f89557a150", "method": "POST", "route": "/predict", "status": 200, "latency_ms": 22.247}
candidate-1   | {"timestamp": "2026-10-01T18:30:53Z", "event": "http_request", "request_id": "0e0e169894e44d4e8d5d44182a040945", "method": "POST", "route": "/predict", "status": 200, "latency_ms": 21.536}
candidate-1   | /opt/project-venv/lib/python3.12/site-packages/sklearn/utils/validation.py:2749: UserWarning: X does not have valid feature names, but LGBMRegressor was fitted with feature names
candidate-1   |   warnings.warn(
candidate-1   | {"timestamp": "2026-10-01T18:30:53Z", "event": "http_request", "request_id": "91dfef97dc974df1a13e57eff9f22a34", "method": "POST", "route": "/predict", "status": 200, "latency_ms": 24.605}
candidate-1   | {"timestamp": "2026-10-01T18:30:53Z", "event": "http_request", "request_id": "b9eb793b21434bc0944c86ba1aff8ff7", "method": "POST", "route": "/predict", "status": 200, "latency_ms": 24.873}
candidate-1   | /opt/project-venv/lib/python3.12/site-packages/sklearn/utils/validation.py:2749: UserWarning: X does not have valid feature names, but LGBMRegressor was fitted with feature names
candidate-1   |   warnings.warn(
candidate-1   | {"timestamp": "2026-10-01T18:30:53Z", "event": "http_request", "request_id": "753a6c4c596447dc9f34472d576357b4", "method": "POST", "route": "/predict", "status": 200, "latency_ms": 23.538}
candidate-1   | /opt/project-venv/lib/python3.12/site-packages/sklearn/utils/validation.py:2749: UserWarning: X does not have valid feature names, but LGBMRegressor was fitted with feature names
candidate-1   |   warnings.warn(
candidate-1   | {"timestamp": "2026-10-01T18:30:53Z", "event": "http_request", "request_id": "05d03d3377874f7786c7f54ab44e15b3", "method": "POST", "route": "/predict", "status": 200, "latency_ms": 26.675}
candidate-1   | /opt/project-venv/lib/python3.12/site-packages/sklearn/utils/validation.py:2749: UserWarning: X does not have valid feature names, but LGBMRegressor was fitted with feature names
candidate-1   |   warnings.warn(
candidate-1   | /opt/project-venv/lib/python3.12/site-packages/sklearn/utils/validation.py:2749: UserWarning: X does not have valid feature names, but LGBMRegressor was fitted with feature names
candidate-1   |   warnings.warn(
candidate-1   | {"timestamp": "2026-10-01T18:30:53Z", "event": "http_request", "request_id": "6d9c46997af04840bdfeaa14a1ff9de7", "method": "POST", "route": "/predict", "status": 200, "latency_ms": 26.078}
candidate-1   | {"timestamp": "2026-10-01T18:30:53Z", "event": "http_request", "request_id": "c0d90f3ea29045e799d75dea772f9511", "method": "POST", "route": "/predict", "status": 200, "latency_ms": 21.382}
candidate-1   | {"timestamp": "2026-10-01T18:30:53Z", "event": "http_request", "request_id": "680a6f71cfce430b9c262c975a97034e", "method": "POST", "route": "/predict", "status": 200, "latency_ms": 23.297}
candidate-1   | /opt/project-venv/lib/python3.12/site-packages/sklearn/utils/validation.py:2749: UserWarning: X does not have valid feature names, but LGBMRegressor was fitted with feature names
candidate-1   |   warnings.warn(
candidate-1   | /opt/project-venv/lib/python3.12/site-packages/sklearn/utils/validation.py:2749: UserWarning: X does not have valid feature names, but LGBMRegressor was fitted with feature names
candidate-1   |   warnings.warn(
candidate-1   | /opt/project-venv/lib/python3.12/site-packages/sklearn/utils/validation.py:2749: UserWarning: X does not have valid feature names, but LGBMRegressor was fitted with feature names
candidate-1   |   warnings.warn(
candidate-1   | {"timestamp": "2026-10-01T18:30:53Z", "event": "http_request", "request_id": "0613d492283b46648b40045ccf52f4c8", "method": "POST", "route": "/predict", "status": 200, "latency_ms": 21.822}
candidate-1   | /opt/project-venv/lib/python3.12/site-packages/sklearn/utils/validation.py:2749: UserWarning: X does not have valid feature names, but LGBMRegressor was fitted with feature names
candidate-1   |   warnings.warn(
candidate-1   | {"timestamp": "2026-10-01T18:30:53Z", "event": "http_request", "request_id": "3a8474af232849b183c27d287ee71b1e", "method": "POST", "route": "/predict", "status": 200, "latency_ms": 21.617}
candidate-1   | {"timestamp": "2026-10-01T18:30:53Z", "event": "http_request", "request_id": "3447344cf4eb4ef3b92c882887036cd7", "method": "POST", "route": "/predict", "status": 200, "latency_ms": 28.967}
candidate-1   | /opt/project-venv/lib/python3.12/site-packages/sklearn/utils/validation.py:2749: UserWarning: X does not have valid feature names, but LGBMRegressor was fitted with feature names
candidate-1   |   warnings.warn(
candidate-1   | {"timestamp": "2026-10-01T18:30:53Z", "event": "http_request", "request_id": "023cac4c0ccc4b20ba0b6a9cb492c0cd", "method": "POST", "route": "/predict", "status": 200, "latency_ms": 23.269}
candidate-1   | {"timestamp": "2026-10-01T18:30:53Z", "event": "http_request", "request_id": "73774d04103444f9b38bb5bd7aee526f", "method": "POST", "route": "/predict", "status": 200, "latency_ms": 25.334}
candidate-1   | /opt/project-venv/lib/python3.12/site-packages/sklearn/utils/validation.py:2749: UserWarning: X does not have valid feature names, but LGBMRegressor was fitted with feature names
candidate-1   |   warnings.warn(
candidate-1   | /opt/project-venv/lib/python3.12/site-packages/sklearn/utils/validation.py:2749: UserWarning: X does not have valid feature names, but LGBMRegressor was fitted with feature names
candidate-1   |   warnings.warn(
candidate-1   | /opt/project-venv/lib/python3.12/site-packages/sklearn/utils/validation.py:2749: UserWarning: X does not have valid feature names, but LGBMRegressor was fitted with feature names
candidate-1   |   warnings.warn(
candidate-1   | {"timestamp": "2026-10-01T18:30:53Z", "event": "http_request", "request_id": "ab23f53a90364424abc45064ef30887e", "method": "POST", "route": "/predict", "status": 200, "latency_ms": 29.279}
candidate-1   | {"timestamp": "2026-10-01T18:30:53Z", "event": "http_request", "request_id": "c0dc9e3592a041a2865de84a1a913c4b", "method": "POST", "route": "/predict", "status": 200, "latency_ms": 25.048}
candidate-1   | {"timestamp": "2026-10-01T18:30:53Z", "event": "http_request", "request_id": "d23a790d04cd4662b23a5e2b6c9d8472", "method": "POST", "route": "/predict", "status": 200, "latency_ms": 17.855}
candidate-1   | {"timestamp": "2026-10-01T18:30:53Z", "event": "http_request", "request_id": "b11af54a88af4bdbb17eb2a42cc92db4", "method": "POST", "route": "/predict", "status": 200, "latency_ms": 18.414}
candidate-1   | /opt/project-venv/lib/python3.12/site-packages/sklearn/utils/validation.py:2749: UserWarning: X does not have valid feature names, but LGBMRegressor was fitted with feature names
candidate-1   |   warnings.warn(
candidate-1   | /opt/project-venv/lib/python3.12/site-packages/sklearn/utils/validation.py:2749: UserWarning: X does not have valid feature names, but LGBMRegressor was fitted with feature names
candidate-1   |   warnings.warn(
candidate-1   | {"timestamp": "2026-10-01T18:30:53Z", "event": "http_request", "request_id": "b1d6b5cfe3d04cc2a1edd181a26e4a3b", "method": "POST", "route": "/predict", "status": 200, "latency_ms": 16.152}
candidate-1   | /opt/project-venv/lib/python3.12/site-packages/sklearn/utils/validation.py:2749: UserWarning: X does not have valid feature names, but LGBMRegressor was fitted with feature names
candidate-1   |   warnings.warn(
candidate-1   | {"timestamp": "2026-10-01T18:30:53Z", "event": "http_request", "request_id": "a42bdb7787634130a68922e84a455fec", "method": "POST", "route": "/predict", "status": 200, "latency_ms": 25.183}
candidate-1   | /opt/project-venv/lib/python3.12/site-packages/sklearn/utils/validation.py:2749: UserWarning: X does not have valid feature names, but LGBMRegressor was fitted with feature names
candidate-1   |   warnings.warn(
candidate-1   | /opt/project-venv/lib/python3.12/site-packages/sklearn/utils/validation.py:2749: UserWarning: X does not have valid feature names, but LGBMRegressor was fitted with feature names
candidate-1   |   warnings.warn(
candidate-1   | {"timestamp": "2026-10-01T18:30:53Z", "event": "http_request", "request_id": "4b04185ff72044c0a8fc9b45efa739a2", "method": "POST", "route": "/predict", "status": 200, "latency_ms": 27.986}
candidate-1   | /opt/project-venv/lib/python3.12/site-packages/sklearn/utils/validation.py:2749: UserWarning: X does not have valid feature names, but LGBMRegressor was fitted with feature names
candidate-1   |   warnings.warn(
candidate-1   | {"timestamp": "2026-10-01T18:30:53Z", "event": "http_request", "request_id": "863cb2ee47ad4e6685fdb284cbaa67b1", "method": "POST", "route": "/predict", "status": 200, "latency_ms": 22.644}
candidate-1   | /opt/project-venv/lib/python3.12/site-packages/sklearn/utils/validation.py:2749: UserWarning: X does not have valid feature names, but LGBMRegressor was fitted with feature names
candidate-1   |   warnings.warn(
candidate-1   | /opt/project-venv/lib/python3.12/site-packages/sklearn/utils/validation.py:2749: UserWarning: X does not have valid feature names, but LGBMRegressor was fitted with feature names
candidate-1   |   warnings.warn(
candidate-1   | {"timestamp": "2026-10-01T18:30:53Z", "event": "http_request", "request_id": "3fc2962998b6443195e61e6e6e198367", "method": "POST", "route": "/predict", "status": 200, "latency_ms": 27.138}
candidate-1   | {"timestamp": "2026-10-01T18:30:53Z", "event": "http_request", "request_id": "24d57340f4ea4ef5862922b2a0227967", "method": "POST", "route": "/predict", "status": 200, "latency_ms": 28.136}
candidate-1   | {"timestamp": "2026-10-01T18:30:53Z", "event": "http_request", "request_id": "e65a6ac5e6b3427191f4c65cbfa476cf", "method": "POST", "route": "/predict", "status": 200, "latency_ms": 19.466}
candidate-1   | /opt/project-venv/lib/python3.12/site-packages/sklearn/utils/validation.py:2749: UserWarning: X does not have valid feature names, but LGBMRegressor was fitted with feature names
candidate-1   |   warnings.warn(
candidate-1   | /opt/project-venv/lib/python3.12/site-packages/sklearn/utils/validation.py:2749: UserWarning: X does not have valid feature names, but LGBMRegressor was fitted with feature names
candidate-1   |   warnings.warn(
candidate-1   | /opt/project-venv/lib/python3.12/site-packages/sklearn/utils/validation.py:2749: UserWarning: X does not have valid feature names, but LGBMRegressor was fitted with feature names
candidate-1   |   warnings.warn(
candidate-1   | /opt/project-venv/lib/python3.12/site-packages/sklearn/utils/validation.py:2749: UserWarning: X does not have valid feature names, but LGBMRegressor was fitted with feature names
candidate-1   |   warnings.warn(
candidate-1   | {"timestamp": "2026-10-01T18:30:53Z", "event": "http_request", "request_id": "42c18162a0f4484888ce07ad1b942b25", "method": "POST", "route": "/predict", "status": 200, "latency_ms": 27.752}
candidate-1   | /opt/project-venv/lib/python3.12/site-packages/sklearn/utils/validation.py:2749: UserWarning: X does not have valid feature names, but LGBMRegressor was fitted with feature names
candidate-1   |   warnings.warn(
candidate-1   | {"timestamp": "2026-10-01T18:30:53Z", "event": "http_request", "request_id": "ac45ab8243f14ecab60a8a12ffa17f3f", "method": "POST", "route": "/predict", "status": 200, "latency_ms": 21.968}
candidate-1   | /opt/project-venv/lib/python3.12/site-packages/sklearn/utils/validation.py:2749: UserWarning: X does not have valid feature names, but LGBMRegressor was fitted with feature names
candidate-1   |   warnings.warn(
candidate-1   | {"timestamp": "2026-10-01T18:30:53Z", "event": "http_request", "request_id": "b65a136974d646559fcdaa6aaf13a2b8", "method": "POST", "route": "/predict", "status": 200, "latency_ms": 30.364}
candidate-1   | /opt/project-venv/lib/python3.12/site-packages/sklearn/utils/validation.py:2749: UserWarning: X does not have valid feature names, but LGBMRegressor was fitted with feature names
candidate-1   |   warnings.warn(
candidate-1   | {"timestamp": "2026-10-01T18:30:53Z", "event": "http_request", "request_id": "3346e90550214b10b504e7c562ed1554", "method": "POST", "route": "/predict", "status": 200, "latency_ms": 31.813}
candidate-1   | {"timestamp": "2026-10-01T18:30:53Z", "event": "http_request", "request_id": "4d1e9efe933640ccb8b5d58ae6334f7b", "method": "POST", "route": "/predict", "status": 200, "latency_ms": 31.988}
candidate-1   | /opt/project-venv/lib/python3.12/site-packages/sklearn/utils/validation.py:2749: UserWarning: X does not have valid feature names, but LGBMRegressor was fitted with feature names
candidate-1   |   warnings.warn(
candidate-1   | {"timestamp": "2026-10-01T18:30:53Z", "event": "http_request", "request_id": "27223666a76545db9ad137619e8f2a72", "method": "POST", "route": "/predict", "status": 200, "latency_ms": 26.433}
candidate-1   | /opt/project-venv/lib/python3.12/site-packages/sklearn/utils/validation.py:2749: UserWarning: X does not have valid feature names, but LGBMRegressor was fitted with feature names
candidate-1   |   warnings.warn(
candidate-1   | /opt/project-venv/lib/python3.12/site-packages/sklearn/utils/validation.py:2749: UserWarning: X does not have valid feature names, but LGBMRegressor was fitted with feature names
candidate-1   |   warnings.warn(
candidate-1   | {"timestamp": "2026-10-01T18:30:53Z", "event": "http_request", "request_id": "ba4b9d13eab14fe9a971414b14f43935", "method": "POST", "route": "/predict", "status": 200, "latency_ms": 30.459}
candidate-1   | /opt/project-venv/lib/python3.12/site-packages/sklearn/utils/validation.py:2749: UserWarning: X does not have valid feature names, but LGBMRegressor was fitted with feature names
candidate-1   |   warnings.warn(
candidate-1   | {"timestamp": "2026-10-01T18:30:53Z", "event": "http_request", "request_id": "8b9ccf83ed9b4b8e801d6c2d2a8577d5", "method": "POST", "route": "/predict", "status": 200, "latency_ms": 26.783}
candidate-1   | {"timestamp": "2026-10-01T18:30:53Z", "event": "http_request", "request_id": "7b9b1672a8ee424fb6d938b69d6ccd19", "method": "POST", "route": "/predict", "status": 200, "latency_ms": 25.189}
candidate-1   | {"timestamp": "2026-10-01T18:30:53Z", "event": "http_request", "request_id": "c77e00cb1ced4b47972c684f519e4aeb", "method": "POST", "route": "/predict", "status": 200, "latency_ms": 23.863}
candidate-1   | /opt/project-venv/lib/python3.12/site-packages/sklearn/utils/validation.py:2749: UserWarning: X does not have valid feature names, but LGBMRegressor was fitted with feature names
candidate-1   |   warnings.warn(
candidate-1   | /opt/project-venv/lib/python3.12/site-packages/sklearn/utils/validation.py:2749: UserWarning: X does not have valid feature names, but LGBMRegressor was fitted with feature names
candidate-1   |   warnings.warn(
candidate-1   | {"timestamp": "2026-10-01T18:30:53Z", "event": "http_request", "request_id": "548053382144479d836de03178bd48ab", "method": "POST", "route": "/predict", "status": 200, "latency_ms": 24.935}
candidate-1   | /opt/project-venv/lib/python3.12/site-packages/sklearn/utils/validation.py:2749: UserWarning: X does not have valid feature names, but LGBMRegressor was fitted with feature names
candidate-1   |   warnings.warn(
candidate-1   | {"timestamp": "2026-10-01T18:30:53Z", "event": "http_request", "request_id": "049d467c30314c5db5194fb342ddfa3c", "method": "POST", "route": "/predict", "status": 200, "latency_ms": 24.172}
candidate-1   | {"timestamp": "2026-10-01T18:30:53Z", "event": "http_request", "request_id": "cc4a117f9e99426c95190df1ea720155", "method": "POST", "route": "/predict", "status": 200, "latency_ms": 23.524}
candidate-1   | /opt/project-venv/lib/python3.12/site-packages/sklearn/utils/validation.py:2749: UserWarning: X does not have valid feature names, but LGBMRegressor was fitted with feature names
candidate-1   |   warnings.warn(
candidate-1   | /opt/project-venv/lib/python3.12/site-packages/sklearn/utils/validation.py:2749: UserWarning: X does not have valid feature names, but LGBMRegressor was fitted with feature names
candidate-1   |   warnings.warn(
candidate-1   | /opt/project-venv/lib/python3.12/site-packages/sklearn/utils/validation.py:2749: UserWarning: X does not have valid feature names, but LGBMRegressor was fitted with feature names
candidate-1   |   warnings.warn(
candidate-1   | {"timestamp": "2026-10-01T18:30:53Z", "event": "http_request", "request_id": "6f5c5d7906e246f7ae8665ae59202505", "method": "POST", "route": "/predict", "status": 200, "latency_ms": 23.477}
candidate-1   | {"timestamp": "2026-10-01T18:30:53Z", "event": "http_request", "request_id": "0f5abb8941e849eeb49648f9293e6a6b", "method": "POST", "route": "/predict", "status": 200, "latency_ms": 23.002}
candidate-1   | /opt/project-venv/lib/python3.12/site-packages/sklearn/utils/validation.py:2749: UserWarning: X does not have valid feature names, but LGBMRegressor was fitted with feature names
candidate-1   |   warnings.warn(
candidate-1   | /opt/project-venv/lib/python3.12/site-packages/sklearn/utils/validation.py:2749: UserWarning: X does not have valid feature names, but LGBMRegressor was fitted with feature names
candidate-1   |   warnings.warn(
candidate-1   | /opt/project-venv/lib/python3.12/site-packages/sklearn/utils/validation.py:2749: UserWarning: X does not have valid feature names, but LGBMRegressor was fitted with feature names
candidate-1   |   warnings.warn(
candidate-1   | /opt/project-venv/lib/python3.12/site-packages/sklearn/utils/validation.py:2749: UserWarning: X does not have valid feature names, but LGBMRegressor was fitted with feature names
candidate-1   |   warnings.warn(
candidate-1   | {"timestamp": "2026-10-01T18:30:53Z", "event": "http_request", "request_id": "0a762bf96a88496b9a5c6d973cb18771", "method": "POST", "route": "/predict", "status": 200, "latency_ms": 30.675}
candidate-1   | {"timestamp": "2026-10-01T18:30:53Z", "event": "http_request", "request_id": "5bcff542c3824f49b78a08b5eb59bd43", "method": "POST", "route": "/predict", "status": 200, "latency_ms": 22.944}
candidate-1   | {"timestamp": "2026-10-01T18:30:53Z", "event": "http_request", "request_id": "886c74f76d884afb910bc750672d7fb9", "method": "POST", "route": "/predict", "status": 200, "latency_ms": 24.688}
candidate-1   | /opt/project-venv/lib/python3.12/site-packages/sklearn/utils/validation.py:2749: UserWarning: X does not have valid feature names, but LGBMRegressor was fitted with feature names
candidate-1   |   warnings.warn(
candidate-1   | {"timestamp": "2026-10-01T18:30:53Z", "event": "http_request", "request_id": "9168a89f5dfb41ba81caa1aaa45e7dda", "method": "POST", "route": "/predict", "status": 200, "latency_ms": 25.13}
candidate-1   | /opt/project-venv/lib/python3.12/site-packages/sklearn/utils/validation.py:2749: UserWarning: X does not have valid feature names, but LGBMRegressor was fitted with feature names
candidate-1   |   warnings.warn(
candidate-1   | /opt/project-venv/lib/python3.12/site-packages/sklearn/utils/validation.py:2749: UserWarning: X does not have valid feature names, but LGBMRegressor was fitted with feature names
candidate-1   |   warnings.warn(
candidate-1   | {"timestamp": "2026-10-01T18:30:53Z", "event": "http_request", "request_id": "aa628a55a736473181d04e714c765090", "method": "POST", "route": "/predict", "status": 200, "latency_ms": 30.969}
candidate-1   | {"timestamp": "2026-10-01T18:30:53Z", "event": "http_request", "request_id": "5f073d4096c845c79ce94fadd8f399c9", "method": "POST", "route": "/predict", "status": 200, "latency_ms": 11.965}
candidate-1   | {"timestamp": "2026-10-01T18:30:53Z", "event": "http_request", "request_id": "c21d1a80156c4468adb97b66774fbdb3", "method": "POST", "route": "/predict", "status": 200, "latency_ms": 22.511}
candidate-1   | /opt/project-venv/lib/python3.12/site-packages/sklearn/utils/validation.py:2749: UserWarning: X does not have valid feature names, but LGBMRegressor was fitted with feature names
candidate-1   |   warnings.warn(
candidate-1   | {"timestamp": "2026-10-01T18:30:53Z", "event": "http_request", "request_id": "eff2e5449d8e4b4d948dbde9eee076dd", "method": "POST", "route": "/predict", "status": 200, "latency_ms": 25.156}
candidate-1   | {"timestamp": "2026-10-01T18:30:53Z", "event": "http_request", "request_id": "39649acc0fc844f48d88f082e044a3fd", "method": "POST", "route": "/predict", "status": 200, "latency_ms": 32.346}
candidate-1   | {"timestamp": "2026-10-01T18:30:53Z", "event": "http_request", "request_id": "197a2723fef7424baed64e209b7ca9bd", "method": "POST", "route": "/predict", "status": 200, "latency_ms": 18.682}
candidate-1   | {"timestamp": "2026-10-01T18:30:53Z", "event": "http_request", "request_id": "fbdc3b516ebf4f9889bee967ffd5b233", "method": "POST", "route": "/predict", "status": 200, "latency_ms": 9.351}
candidate-1   | /opt/project-venv/lib/python3.12/site-packages/sklearn/utils/validation.py:2749: UserWarning: X does not have valid feature names, but LGBMRegressor was fitted with feature names
candidate-1   |   warnings.warn(
candidate-1   | {"timestamp": "2026-10-01T18:30:53Z", "event": "http_request", "request_id": "9e2f209a141f4145a16099604a5739c8", "method": "POST", "route": "/predict", "status": 200, "latency_ms": 18.439}
candidate-1   | /opt/project-venv/lib/python3.12/site-packages/sklearn/utils/validation.py:2749: UserWarning: X does not have valid feature names, but LGBMRegressor was fitted with feature names
candidate-1   |   warnings.warn(
candidate-1   | /opt/project-venv/lib/python3.12/site-packages/sklearn/utils/validation.py:2749: UserWarning: X does not have valid feature names, but LGBMRegressor was fitted with feature names
candidate-1   |   warnings.warn(
candidate-1   | {"timestamp": "2026-10-01T18:30:53Z", "event": "http_request", "request_id": "17070d632a6945a6b7e9186a851f917d", "method": "POST", "route": "/predict", "status": 200, "latency_ms": 16.824}
candidate-1   | {"timestamp": "2026-10-01T18:30:53Z", "event": "http_request", "request_id": "ef8bab10acb34f88858adc010b945866", "method": "POST", "route": "/predict", "status": 200, "latency_ms": 16.191}
candidate-1   | /opt/project-venv/lib/python3.12/site-packages/sklearn/utils/validation.py:2749: UserWarning: X does not have valid feature names, but LGBMRegressor was fitted with feature names
candidate-1   |   warnings.warn(
candidate-1   | /opt/project-venv/lib/python3.12/site-packages/sklearn/utils/validation.py:2749: UserWarning: X does not have valid feature names, but LGBMRegressor was fitted with feature names
candidate-1   |   warnings.warn(
candidate-1   | {"timestamp": "2026-10-01T18:30:53Z", "event": "http_request", "request_id": "c17014abce4a4c359137549b12b6559e", "method": "POST", "route": "/predict", "status": 200, "latency_ms": 11.385}
candidate-1   | /opt/project-venv/lib/python3.12/site-packages/sklearn/utils/validation.py:2749: UserWarning: X does not have valid feature names, but LGBMRegressor was fitted with feature names
candidate-1   |   warnings.warn(
candidate-1   | /opt/project-venv/lib/python3.12/site-packages/sklearn/utils/validation.py:2749: UserWarning: X does not have valid feature names, but LGBMRegressor was fitted with feature names
candidate-1   |   warnings.warn(
candidate-1   | /opt/project-venv/lib/python3.12/site-packages/sklearn/utils/validation.py:2749: UserWarning: X does not have valid feature names, but LGBMRegressor was fitted with feature names
candidate-1   |   warnings.warn(
candidate-1   | {"timestamp": "2026-10-01T18:30:53Z", "event": "http_request", "request_id": "0a060b973b1541648f39f9f069a3d158", "method": "POST", "route": "/predict", "status": 200, "latency_ms": 25.489}
candidate-1   | /opt/project-venv/lib/python3.12/site-packages/sklearn/utils/validation.py:2749: UserWarning: X does not have valid feature names, but LGBMRegressor was fitted with feature names
candidate-1   |   warnings.warn(
candidate-1   | /opt/project-venv/lib/python3.12/site-packages/sklearn/utils/validation.py:2749: UserWarning: X does not have valid feature names, but LGBMRegressor was fitted with feature names
candidate-1   |   warnings.warn(
candidate-1   | {"timestamp": "2026-10-01T18:30:53Z", "event": "http_request", "request_id": "af9b8c5d71e24a608f2755e6fd324e54", "method": "POST", "route": "/predict", "status": 200, "latency_ms": 22.157}
candidate-1   | {"timestamp": "2026-10-01T18:30:53Z", "event": "http_request", "request_id": "7bde9121ea594dba9f8e53016a785a87", "method": "POST", "route": "/predict", "status": 200, "latency_ms": 16.838}
candidate-1   | /opt/project-venv/lib/python3.12/site-packages/sklearn/utils/validation.py:2749: UserWarning: X does not have valid feature names, but LGBMRegressor was fitted with feature names
candidate-1   |   warnings.warn(
candidate-1   | {"timestamp": "2026-10-01T18:30:53Z", "event": "http_request", "request_id": "bf053539302f4eac88efc122a41323c1", "method": "POST", "route": "/predict", "status": 200, "latency_ms": 20.049}
candidate-1   | {"timestamp": "2026-10-01T18:30:53Z", "event": "http_request", "request_id": "6247c962e6d14e008bda750e8d4cbc42", "method": "POST", "route": "/predict", "status": 200, "latency_ms": 18.664}
candidate-1   | /opt/project-venv/lib/python3.12/site-packages/sklearn/utils/validation.py:2749: UserWarning: X does not have valid feature names, but LGBMRegressor was fitted with feature names
candidate-1   |   warnings.warn(
candidate-1   | /opt/project-venv/lib/python3.12/site-packages/sklearn/utils/validation.py:2749: UserWarning: X does not have valid feature names, but LGBMRegressor was fitted with feature names
candidate-1   |   warnings.warn(
candidate-1   | {"timestamp": "2026-10-01T18:30:53Z", "event": "http_request", "request_id": "c317bd8f444c4ab49480cfd95a6ea6c7", "method": "POST", "route": "/predict", "status": 200, "latency_ms": 18.632}
candidate-1   | {"timestamp": "2026-10-01T18:30:53Z", "event": "http_request", "request_id": "9fc5643dfa61413b92887c49c21076ee", "method": "POST", "route": "/predict", "status": 200, "latency_ms": 17.983}
candidate-1   | /opt/project-venv/lib/python3.12/site-packages/sklearn/utils/validation.py:2749: UserWarning: X does not have valid feature names, but LGBMRegressor was fitted with feature names
candidate-1   |   warnings.warn(
candidate-1   | {"timestamp": "2026-10-01T18:30:53Z", "event": "http_request", "request_id": "0bf292cee26f488b9a17aaf89ed43a0c", "method": "POST", "route": "/predict", "status": 200, "latency_ms": 23.71}
candidate-1   | /opt/project-venv/lib/python3.12/site-packages/sklearn/utils/validation.py:2749: UserWarning: X does not have valid feature names, but LGBMRegressor was fitted with feature names
candidate-1   |   warnings.warn(
candidate-1   | {"timestamp": "2026-10-01T18:30:53Z", "event": "http_request", "request_id": "91a6cc3d39f84f23906e76db4b0c583e", "method": "POST", "route": "/predict", "status": 200, "latency_ms": 25.455}
candidate-1   | /opt/project-venv/lib/python3.12/site-packages/sklearn/utils/validation.py:2749: UserWarning: X does not have valid feature names, but LGBMRegressor was fitted with feature names
candidate-1   |   warnings.warn(
candidate-1   | {"timestamp": "2026-10-01T18:30:53Z", "event": "http_request", "request_id": "864514b41caa4c8e90b1e69d9dcc05e4", "method": "POST", "route": "/predict", "status": 200, "latency_ms": 29.748}
candidate-1   | /opt/project-venv/lib/python3.12/site-packages/sklearn/utils/validation.py:2749: UserWarning: X does not have valid feature names, but LGBMRegressor was fitted with feature names
candidate-1   |   warnings.warn(
candidate-1   | /opt/project-venv/lib/python3.12/site-packages/sklearn/utils/validation.py:2749: UserWarning: X does not have valid feature names, but LGBMRegressor was fitted with feature names
candidate-1   |   warnings.warn(
candidate-1   | {"timestamp": "2026-10-01T18:30:53Z", "event": "http_request", "request_id": "59f51e3a4ec349769fb8f923bef3f181", "method": "POST", "route": "/predict", "status": 200, "latency_ms": 27.076}
candidate-1   | {"timestamp": "2026-10-01T18:30:53Z", "event": "http_request", "request_id": "4562fc9b4b1c4619846d1f53670bf3f0", "method": "POST", "route": "/predict", "status": 200, "latency_ms": 20.792}
candidate-1   | /opt/project-venv/lib/python3.12/site-packages/sklearn/utils/validation.py:2749: UserWarning: X does not have valid feature names, but LGBMRegressor was fitted with feature names
candidate-1   |   warnings.warn(
candidate-1   | {"timestamp": "2026-10-01T18:30:53Z", "event": "http_request", "request_id": "8d21944708b644bf98e3b6cdf35b7293", "method": "POST", "route": "/predict", "status": 200, "latency_ms": 20.802}
candidate-1   | {"timestamp": "2026-10-01T18:30:53Z", "event": "http_request", "request_id": "01fd0b4828f6432b9c95e06500687953", "method": "POST", "route": "/predict", "status": 200, "latency_ms": 24.109}
candidate-1   | /opt/project-venv/lib/python3.12/site-packages/sklearn/utils/validation.py:2749: UserWarning: X does not have valid feature names, but LGBMRegressor was fitted with feature names
candidate-1   |   warnings.warn(
candidate-1   | {"timestamp": "2026-10-01T18:30:53Z", "event": "http_request", "request_id": "2f1ceb49dce344b7b7d3edb571c132c1", "method": "POST", "route": "/predict", "status": 200, "latency_ms": 24.916}
candidate-1   | /opt/project-venv/lib/python3.12/site-packages/sklearn/utils/validation.py:2749: UserWarning: X does not have valid feature names, but LGBMRegressor was fitted with feature names
candidate-1   |   warnings.warn(
candidate-1   | /opt/project-venv/lib/python3.12/site-packages/sklearn/utils/validation.py:2749: UserWarning: X does not have valid feature names, but LGBMRegressor was fitted with feature names
candidate-1   |   warnings.warn(
candidate-1   | {"timestamp": "2026-10-01T18:30:53Z", "event": "http_request", "request_id": "84f5890d333b48749a13146f2143129a", "method": "POST", "route": "/predict", "status": 200, "latency_ms": 28.037}
candidate-1   | /opt/project-venv/lib/python3.12/site-packages/sklearn/utils/validation.py:2749: UserWarning: X does not have valid feature names, but LGBMRegressor was fitted with feature names
candidate-1   |   warnings.warn(
candidate-1   | {"timestamp": "2026-10-01T18:30:54Z", "event": "http_request", "request_id": "43ef3cb857eb4bb5b44d405060308418", "method": "POST", "route": "/predict", "status": 200, "latency_ms": 25.523}
candidate-1   | /opt/project-venv/lib/python3.12/site-packages/sklearn/utils/validation.py:2749: UserWarning: X does not have valid feature names, but LGBMRegressor was fitted with feature names
candidate-1   |   warnings.warn(
candidate-1   | {"timestamp": "2026-10-01T18:30:54Z", "event": "http_request", "request_id": "531ce0eec34a4301976116a5944a8833", "method": "POST", "route": "/predict", "status": 200, "latency_ms": 24.854}
candidate-1   | /opt/project-venv/lib/python3.12/site-packages/sklearn/utils/validation.py:2749: UserWarning: X does not have valid feature names, but LGBMRegressor was fitted with feature names
candidate-1   |   warnings.warn(
candidate-1   | {"timestamp": "2026-10-01T18:30:54Z", "event": "http_request", "request_id": "1b092cd80ef94b69b7c230073587dae2", "method": "POST", "route": "/predict", "status": 200, "latency_ms": 28.142}
candidate-1   | /opt/project-venv/lib/python3.12/site-packages/sklearn/utils/validation.py:2749: UserWarning: X does not have valid feature names, but LGBMRegressor was fitted with feature names
candidate-1   |   warnings.warn(
candidate-1   | /opt/project-venv/lib/python3.12/site-packages/sklearn/utils/validation.py:2749: UserWarning: X does not have valid feature names, but LGBMRegressor was fitted with feature names
candidate-1   |   warnings.warn(
candidate-1   | {"timestamp": "2026-10-01T18:30:54Z", "event": "http_request", "request_id": "8545b2b049af4ddd8a3ed9cf292fe263", "method": "POST", "route": "/predict", "status": 200, "latency_ms": 28.695}
candidate-1   | {"timestamp": "2026-10-01T18:30:54Z", "event": "http_request", "request_id": "158bf0a4eb244a41b13802b588bca084", "method": "POST", "route": "/predict", "status": 200, "latency_ms": 25.375}
candidate-1   | /opt/project-venv/lib/python3.12/site-packages/sklearn/utils/validation.py:2749: UserWarning: X does not have valid feature names, but LGBMRegressor was fitted with feature names
candidate-1   |   warnings.warn(
candidate-1   | {"timestamp": "2026-10-01T18:30:54Z", "event": "http_request", "request_id": "fa8bc1bd59ec42b186df9aad7003306b", "method": "POST", "route": "/predict", "status": 200, "latency_ms": 27.013}
candidate-1   | /opt/project-venv/lib/python3.12/site-packages/sklearn/utils/validation.py:2749: UserWarning: X does not have valid feature names, but LGBMRegressor was fitted with feature names
candidate-1   |   warnings.warn(
candidate-1   | {"timestamp": "2026-10-01T18:30:54Z", "event": "http_request", "request_id": "0d501c846bed40be80e6db7f66e1bfad", "method": "POST", "route": "/predict", "status": 200, "latency_ms": 28.106}
candidate-1   | {"timestamp": "2026-10-01T18:30:54Z", "event": "http_request", "request_id": "10c7fb4ee41342839a98131defebedd8", "method": "POST", "route": "/predict", "status": 200, "latency_ms": 24.01}
candidate-1   | /opt/project-venv/lib/python3.12/site-packages/sklearn/utils/validation.py:2749: UserWarning: X does not have valid feature names, but LGBMRegressor was fitted with feature names
candidate-1   |   warnings.warn(
candidate-1   | {"timestamp": "2026-10-01T18:30:54Z", "event": "http_request", "request_id": "72b26f5c88434722987283f34354ad68", "method": "POST", "route": "/predict", "status": 200, "latency_ms": 30.572}
candidate-1   | /opt/project-venv/lib/python3.12/site-packages/sklearn/utils/validation.py:2749: UserWarning: X does not have valid feature names, but LGBMRegressor was fitted with feature names
candidate-1   |   warnings.warn(
candidate-1   | /opt/project-venv/lib/python3.12/site-packages/sklearn/utils/validation.py:2749: UserWarning: X does not have valid feature names, but LGBMRegressor was fitted with feature names
candidate-1   |   warnings.warn(
candidate-1   | /opt/project-venv/lib/python3.12/site-packages/sklearn/utils/validation.py:2749: UserWarning: X does not have valid feature names, but LGBMRegressor was fitted with feature names
candidate-1   |   warnings.warn(
candidate-1   | /opt/project-venv/lib/python3.12/site-packages/sklearn/utils/validation.py:2749: UserWarning: X does not have valid feature names, but LGBMRegressor was fitted with feature names
candidate-1   |   warnings.warn(
candidate-1   | {"timestamp": "2026-10-01T18:30:54Z", "event": "http_request", "request_id": "b1c3b6fbcc0a45d88e0cc44b080cec9c", "method": "POST", "route": "/predict", "status": 200, "latency_ms": 19.234}
candidate-1   | /opt/project-venv/lib/python3.12/site-packages/sklearn/utils/validation.py:2749: UserWarning: X does not have valid feature names, but LGBMRegressor was fitted with feature names
candidate-1   |   warnings.warn(
candidate-1   | {"timestamp": "2026-10-01T18:30:54Z", "event": "http_request", "request_id": "a0989527e7cb41d0b58c77b726fdd94c", "method": "POST", "route": "/predict", "status": 200, "latency_ms": 31.342}
candidate-1   | {"timestamp": "2026-10-01T18:30:54Z", "event": "http_request", "request_id": "54b259651c2a4988b8cdf1365b11f5e0", "method": "POST", "route": "/predict", "status": 200, "latency_ms": 23.071}
candidate-1   | /opt/project-venv/lib/python3.12/site-packages/sklearn/utils/validation.py:2749: UserWarning: X does not have valid feature names, but LGBMRegressor was fitted with feature names
candidate-1   |   warnings.warn(
candidate-1   | {"timestamp": "2026-10-01T18:30:54Z", "event": "http_request", "request_id": "d1c543045cc7488b9ce18ab797d9771f", "method": "POST", "route": "/predict", "status": 200, "latency_ms": 28.502}
candidate-1   | {"timestamp": "2026-10-01T18:30:54Z", "event": "http_request", "request_id": "d91b7d0693a0464d93a474d874d6b75c", "method": "POST", "route": "/predict", "status": 200, "latency_ms": 16.444}
candidate-1   | {"timestamp": "2026-10-01T18:30:54Z", "event": "http_request", "request_id": "b5c9a301a94d462185e2b93d10bda89d", "method": "POST", "route": "/predict", "status": 200, "latency_ms": 20.303}
candidate-1   | {"timestamp": "2026-10-01T18:30:54Z", "event": "http_request", "request_id": "479787b9e873488e92144dc216b28b46", "method": "POST", "route": "/predict", "status": 200, "latency_ms": 18.733}
